-7 2
-8 2
-9 2
-23 2
-24 2
-25 2
-75802 2
-75805 2
-75842 2
-75845 2
-75847 2
-75850 2
-75896 2
-75955 2
-75985 2
-75986 2
-76009 2
-76010 2
-76039 2
-76040 2
-76069 2
-76070 2
-76099 2
-76100 2
-76152 2
-76155 2
-76167 2
-76170 2
-76187 2
-76190 2
-76197 2
-76202 2
-76205 2
-76217 2
-76245 2
-76252 2
-76255 2
-76272 2
-76275 2
-76292 2
-76312 2
-76315 2
-76317 2
-76320 2
-76378 2
-76763 2
-76778 2
-76781 2
-76783 2
-76788 2
-76791 2
-76793 2
-76796 2
-76798 2
-76801 2
-76803 2
-76806 2
-77408 2
-77409 2
-77412 2
-77421 2
-77432 2
-77433 2
-77436 2
-77438 2
-77439 2
-77442 2
-77456 2
-77457 2
-77460 2
-77468 2
-77469 2
-77472 2
-78426 2
-78427 2
-78428 2
-78429 2
-78430 2
-78433 2
-78435 2
-78438 2
-78440 2
-78441 2
-78442 2
-78443 2
-78446 2
-78457 2
-78460 2
-78479 2
-78484 2
-78506 2
-78507 2
-78508 2
-78511 2
-78556 2
-78557 2
-78558 2
-78559 2
-78560 2
-78563 2
-78570 2
-78571 2
-78572 2
-78573 2
-78576 2
-78578 2
-78579 2
-78580 2
-78583 2
-78587 2
-78607 2
-78608 2
-78609 2
-78612 2
-78701 2
-78702 2
-78703 2
-78708 2
-78715 2
-78716 2
-78717 2
-78718 2
-78721 2
-78739 2
-78752 2
-78753 2
-78754 2
-78757 2
-78839 2
-78842 2
-78844 2
-78847 2
-78854 2
-78857 2
-78859 2
-78862 2
-78869 2
-78872 2
-78874 2
-78877 2
-78884 2
-78887 2
-78889 2
-78892 2
-78963 2
-78966 2
-78968 2
-78971 2
-78978 2
-78983 2
-78986 2
-79092 2
-79095 2
-79097 2
-79100 2
-79117 2
-79118 2
-79121 2
-79136 2
-79137 2
-79139 2
-79140 2
-79143 2
-79145 2
-79146 2
-79147 2
-79148 2
-79149 2
-79152 2
-79154 2
-79155 2
-79156 2
-79157 2
-79158 2
-79161 2
-79163 2
-79164 2
-79165 2
-79166 2
-79167 2
-79170 2
-79172 2
-79173 2
-79174 2
-79176 2
-79179 2
-79184 2
-79188 2
-79190 2
-79191 2
-79192 2
-79193 2
-79194 2
-79197 2
-79202 2
-79206 2
-79208 2
-79209 2
-79210 2
-79211 2
-79212 2
-79215 2
-79217 2
-79218 2
-79219 2
-79224 2
-79244 2
-79245 2
-79246 2
-79247 2
-79248 2
-79251 2
-79253 2
-79254 2
-79255 2
-79259 2
-79261 2
-79262 2
-79266 2
-79276 2
-79277 2
-79282 2
-79283 2
-79284 2
-79285 2
-79290 2
-79291 2
-79292 2
-79294 2
-79302 2
-79314 2
-79315 2
-79316 2
-79317 2
-79322 2
-79323 2
-79324 2
-79325 2
-79330 2
-79331 2
-79332 2
-79333 2
-79334 2
-79338 2
-79339 2
-79340 2
-79341 2
-79342 2
-79418 2
-79420 2
-79421 2
-79426 2
-79427 2
-79428 2
-79430 2
-79450 2
-79451 2
-79452 2
-79454 2
-79458 2
-79459 2
-79460 2
-79462 2
-79466 2
-79467 2
-79468 2
-79469 2
-79470 2
-79530 2
-79531 2
-79534 2
-79536 2
-79539 2
-79541 2
-79544 2
-79577 2
-79580 2
-79582 2
-79756 2
-80081 2
-80084 2
-80116 2
-80119 2
-80166 2
-80169 2
-80226 2
-80229 2
-80291 2
-80294 2
-80376 2
-80379 2
-80586 2
-80589 2
-80591 2
-80594 2
-80621 2
-80624 2
-80681 2
-80684 2
-80691 2
-80694 2
-80761 2
-80764 2
-80791 2
-80794 2
-80881 2
-80884 2
-80911 2
-80914 2
-80916 2
-80919 2
-80996 2
-81006 2
-81009 2
-81051 2
-81054 2
-81126 2
-81129 2
-81131 2
-81134 2
-81166 2
-81169 2
-81191 2
-81194 2
-81231 2
-81234 2
-81241 2
-81244 2
-81376 2
-81379 2
-81414 2
-81456 2
-81459 2
-81536 2
-81539 2
-81541 2
-81544 2
-81546 2
-81549 2
-81606 2
-81609 2
-81746 2
-81749 2
-82136 2
-82139 2
-82161 2
-82164 2
-82256 2
-82259 2
-82391 2
-82394 2
-82411 2
-82414 2
-82416 2
-82419 2
-82421 2
-82424 2
-82466 2
-82469 2
-82726 2
-82729 2
-82851 2
-82854 2
-83056 2
-83059 2
-83061 2
-83064 2
-83106 2
-83109 2
-83111 2
-83114 2
-83129 2
-83189 2
-83191 2
-83194 2
-83211 2
-83214 2
-83216 2
-83219 2
-83221 2
-83224 2
-83256 2
-83259 2
-83304 2
-83346 2
-83349 2
-83361 2
-83364 2
-83381 2
-83384 2
-83424 2
-83451 2
-83454 2
-83466 2
-83469 2
-83471 2
-83474 2
-83529 2
-83536 2
-83539 2
-83554 2
-83616 2
-83619 2
-83626 2
-83629 2
-83666 2
-83681 2
-83684 2
-83701 2
-83704 2
-83711 2
-83714 2
-83716 2
-83719 2
-83746 2
-83766 2
-83769 2
-83776 2
-83779 2
-83897 2
-83900 2
-84047 2
-84050 2
-84187 2
-84190 2
-84192 2
-84195 2
-84222 2
-84225 2
-84227 2
-84230 2
-84232 2
-84235 2
-84247 2
-84250 2
-84297 2
-84300 2
-84377 2
-84380 2
-84427 2
-84430 2
-84447 2
-84450 2
-84452 2
-84455 2
-84482 2
-84485 2
-84492 2
-84495 2
-84522 2
-84525 2
-84542 2
-84545 2
-84547 2
-84550 2
-84552 2
-84555 2
-84602 2
-84605 2
-84697 2
-84700 2
-84702 2
-84705 2
-84762 2
-84765 2
-84872 2
-84875 2
-84967 2
-84970 2
-84987 2
-84990 2
-85012 2
-85015 2
-85067 2
-85070 2
-85147 2
-85150 2
-85152 2
-85155 2
-85157 2
-85160 2
-85217 2
-85341 2
-85344 2
-85346 2
-85349 2
-85351 2
-85354 2
-85356 2
-85359 2
-85361 2
-85364 2
-85429 2
-85434 2
-85581 2
-85584 2
-85658 2
-85661 2
-85663 2
-85666 2
-85668 2
-85671 2
-85673 2
-85676 2
-85678 2
-85681 2
-85802 2
-85803 2
-85806 2
-85976 2
-85977 2
-85980 2
-86294 2
-86295 2
-86298 2
-86462 2
-86463 2
-86466 2
-86966 2
-86967 2
-86970 2
-87146 2
-87150 2
-87230 2
-87235 2
-87238 2
-87240 2
-87243 2
-87245 2
-87248 2
-87972 2
-87977 2
-87978 2
-87979 2
-87980 2
-87983 2
-88154 2
-88157 2
-88173 2
-88251 2
-88380 2
-88381 2
-88382 2
-88383 2
-88386 2
-88453 2
-88456 2
-88471 2
-88472 2
-88473 2
-88474 2
-88477 2
-88479 2
-88482 2
-88518 2
-88521 2
-88570 2
-88573 2
-88575 2
-88576 2
-88577 2
-88578 2
-88581 2
-88603 2
-88604 2
-88778 2
-88895 2
-88898 2
-88947 2
-88950 2
-89199 2
-89200 2
-89201 2
-89202 2
-89205 2
-89246 2
-89249 2
-89303 2
-89304 2
-89305 2
-89306 2
-89309 2
-89311 2
-89314 2
-89421 2
-89501 2
-89506 2
-89509 2
-89513 2
-89514 2
-89517 2
-89589 2
-89590 2
-89591 2
-89592 2
-89595 2
-89844 2
-89847 2
-89888 2
-89889 2
-89890 2
-89891 2
-89894 2
-89922 2
-89925 2
-89961 2
-89964 2
-90026 2
-90029 2
-90031 2
-90032 2
-90033 2
-90034 2
-90037 2
-90057 2
-90058 2
-90059 2
-90060 2
-90063 2
-90174 2
-90175 2
-90176 2
-90177 2
-90180 2
-90227 2
-90559 2
-90562 2
-90624 2
-90627 2
-90629 2
-90630 2
-90635 2
-90837 2
-90838 2
-90839 2
-90843 2
-91032 2
-91033 2
-91034 2
-91035 2
-91038 2
-91084 2
-91086 2
-91087 2
-91090 2
-91149 2
-91150 2
-91151 2
-91152 2
-91155 2
-91170 2
-91173 2
-91191 2
-91222 2
-91225 2
-91243 2
-91526 2
-91527 2
-91528 2
-91529 2
-91532 2
-91734 2
-91735 2
-91736 2
-91740 2
-91768 2
-91771 2
-91794 2
-91797 2
-91807 2
-91810 2
-91846 2
-91849 2
-91864 2
-91865 2
-91866 2
-91867 2
-91870 2
-91872 2
-91875 2
-91911 2
-91914 2
-91918 2
-91919 2
-91942 2
-91943 2
-91944 2
-91945 2
-91948 2
-91976 2
-91979 2
-91981 2
-91983 2
-91984 2
-91987 2
-91994 2
-91995 2
-91996 2
-91997 2
-92000 2
-92015 2
-92018 2
-92023 2
-92059 2
-92060 2
-92061 2
-92062 2
-92065 2
-92111 2
-92112 2
-92113 2
-92114 2
-92117 2
-92254 2
-92255 2
-92256 2
-92257 2
-92260 2
-92756 2
-92759 2
-92761 2
-92762 2
-92763 2
-92764 2
-92767 2
-92860 2
-92863 2
-92878 2
-92879 2
-92880 2
-92881 2
-92884 2
-93133 2
-93136 2
-93138 2
-93139 2
-93140 2
-93144 2
-93177 2
-93178 2
-93179 2
-93180 2
-93183 2
-93341 2
-93344 2
-93554 2
-93555 2
-93556 2
-93557 2
-93560 2
-93567 2
-93568 2
-93569 2
-93570 2
-93573 2
-93640 2
-93643 2
-93645 2
-93646 2
-93647 2
-93648 2
-93651 2
-93757 2
-93760 2
-93762 2
-93763 2
-93764 2
-93765 2
-93768 2
-93861 2
-93864 2
-93965 2
-93968 2
-93971 2
-94173 2
-94176 2
-94477 2
-94478 2
-94479 2
-94480 2
-94483 2
-94589 2
-94592 2
-94698 2
-94699 2
-94700 2
-94701 2
-94704 2
-94711 2
-94712 2
-94713 2
-94714 2
-94717 2
-94724 2
-94725 2
-94726 2
-94727 2
-94730 2
-94784 2
-94787 2
-94789 2
-94790 2
-94791 2
-94792 2
-94795 2
-94802 2
-94803 2
-94804 2
-94808 2
-94880 2
-94881 2
-94886 2
-94958 2
-94959 2
-94960 2
-94961 2
-94964 2
-95057 2
-95060 2
-95259 2
-95260 2
-95263 2
-95291 2
-95294 2
-95296 2
-95297 2
-95298 2
-95299 2
-95302 2
-95322 2
-95323 2
-95324 2
-95325 2
-95328 2
-95356 2
-95359 2
-95400 2
-95401 2
-95402 2
-95403 2
-95406 2
-95486 2
-95489 2
-95512 2
-95515 2
-95564 2
-95567 2
-95655 2
-95658 2
-95855 2
-95856 2
-95857 2
-95858 2
-95861 2
-95881 2
-95883 2
-95884 2
-95887 2
-95915 2
-95918 2
-95920 2
-95921 2
-95922 2
-95923 2
-95926 2
-96011 2
-96013 2
-96014 2
-96017 2
-96604 2
-96695 2
-96698 2
-96708 2
-96711 2
-96786 2
-96789 2
-96817 2
-96818 2
-96819 2
-96820 2
-96823 2
-96838 2
-96841 2
-96869 2
-96870 2
-96871 2
-96872 2
-96875 2
-96908 2
-96909 2
-96910 2
-96911 2
-96914 2
-96921 2
-96922 2
-96923 2
-96924 2
-96927 2
-96929 2
-96932 2
-96934 2
-96936 2
-96937 2
-96940 2
-96973 2
-96974 2
-96975 2
-96976 2
-96979 2
-96981 2
-96984 2
-96999 2
-97000 2
-97001 2
-97002 2
-97005 2
-97038 2
-97039 2
-97040 2
-97041 2
-97044 2
-97051 2
-97052 2
-97053 2
-97054 2
-97057 2
-97124 2
-97127 2
-97488 2
-97491 2
-97532 2
-97533 2
-97534 2
-97535 2
-97538 2
-97566 2
-97569 2
-97571 2
-97572 2
-97573 2
-97574 2
-97577 2
-97584 2
-97585 2
-97586 2
-97590 2
-97610 2
-97611 2
-97612 2
-97613 2
-97616 2
-97623 2
-97624 2
-97625 2
-97626 2
-97629 2
-97644 2
-97647 2
-97649 2
-97650 2
-97651 2
-97652 2
-97655 2
-97683 2
-97686 2
-97688 2
-97689 2
-97690 2
-97691 2
-97694 2
-97722 2
-97725 2
-98177 2
-98180 2
-98216 2
-98219 2
-98229 2
-98232 2
-98234 2
-98235 2
-98236 2
-98237 2
-98240 2
-98489 2
-98492 2
-98975 2
-98976 2
-98977 2
-98978 2
-98981 2
-99009 2
-99012 2
-99014 2
-99015 2
-99016 2
-99017 2
-99020 2
-99022 2
-99025 2
-99027 2
-99028 2
-99029 2
-99030 2
-99033 2
-99040 2
-99041 2
-99042 2
-99043 2
-99046 2
-99053 2
-99054 2
-99055 2
-99056 2
-99059 2
-99066 2
-99067 2
-99068 2
-99072 2
-99092 2
-99093 2
-99094 2
-99095 2
-99098 2
-99100 2
-99103 2
-99131 2
-99132 2
-99133 2
-99134 2
-99137 2
-99165 2
-99168 2
-99170 2
-99171 2
-99172 2
-99173 2
-99176 2
-99594 2
-99597 2
-99599 2
-99600 2
-99601 2
-99602 2
-99605 2
-99677 2
-99678 2
-99679 2
-99680 2
-99683 2
-99737 2
-99740 2
-99755 2
-99756 2
-99757 2
-99758 2
-99761 2
-99794 2
-99795 2
-99796 2
-99797 2
-99800 2
-100028 2
-100029 2
-100030 2
-100031 2
-100034 2
-100036 2
-100039 2
-100184 2
-100185 2
-100186 2
-100187 2
-100190 2
-100192 2
-100195 2
-100322 2
-100325 2
-100348 2
-100351 2
-100353 2
-100354 2
-100355 2
-100356 2
-100359 2
-100465 2
-100468 2
-100621 2
-100673 2
-100676 2
-100868 2
-100873 2
-100874 2
-100875 2
-100876 2
-100879 2
-101076 2
-101079 2
-101146 2
-101147 2
-101148 2
-101149 2
-101152 2
-101302 2
-101303 2
-101304 2
-101305 2
-101308 2
-101414 2
-101417 2
-101420 2
-101427 2
-101430 2
-101432 2
-101433 2
-101434 2
-101435 2
-101438 2
-101640 2
-101642 2
-101643 2
-101646 2
-101713 2
-101716 2
-101718 2
-101720 2
-101721 2
-101724 2
-101848 2
-101849 2
-101850 2
-101851 2
-101854 2
-101913 2
-101914 2
-101915 2
-101916 2
-101919 2
-101986 2
-101989 2
-101991 2
-101992 2
-101997 2
-102025 2
-102028 2
-102038 2
-102041 2
-102056 2
-102057 2
-102058 2
-102059 2
-102062 2
-102064 2
-102067 2
-102072 2
-102186 2
-102187 2
-102188 2
-102189 2
-102192 2
-102392 2
-102394 2
-102395 2
-102396 2
-102397 2
-102400 2
-102584 2
-102587 2
-102589 2
-102590 2
-102591 2
-102592 2
-102595 2
-102649 2
-102701 2
-102704 2
-103000 2
-103003 2
-104404 2
-104407 2
-104409 2
-104410 2
-104411 2
-104412 2
-104415 2
-104565 2
-104566 2
-104567 2
-104568 2
-104571 2
-104677 2
-104680 2
-104721 2
-104722 2
-104727 2
-104877 2
-104878 2
-104879 2
-104880 2
-104883 2
-104924 2
-104927 2
-104929 2
-104930 2
-104931 2
-104932 2
-104935 2
-104950 2
-104953 2
-105067 2
-105070 2
-105158 2
-105161 2
-105288 2
-105291 2
-105340 2
-105343 2
-105345 2
-105346 2
-105347 2
-105348 2
-105351 2
-105548 2
-105551 2
-105691 2
-105694 2
-105756 2
-105759 2
-105761 2
-105762 2
-105763 2
-105764 2
-105767 2
-105782 2
-105990 2
-105993 2
-106094 2
-106097 2
-106133 2
-106136 2
-106244 2
-106245 2
-106276 2
-106279 2
-106471 2
-106474 2
-106484 2
-106487 2
-106666 2
-106669 2
-106671 2
-106672 2
-106673 2
-106674 2
-106677 2
-106770 2
-106773 2
-106775 2
-106776 2
-106777 2
-106778 2
-106781 2
-106809 2
-106812 2
-106814 2
-106815 2
-106816 2
-106817 2
-106820 2
-106822 2
-106825 2
-106827 2
-106828 2
-106829 2
-106830 2
-106833 2
-106835 2
-106838 2
-106840 2
-106841 2
-106842 2
-106843 2
-106846 2
-106861 2
-106864 2
-106866 2
-106867 2
-106868 2
-106869 2
-106872 2
-106900 2
-106903 2
-106931 2
-106933 2
-106934 2
-106937 2
-106965 2
-106968 2
-107030 2
-107033 2
-107043 2
-107046 2
-107165 2
-107166 2
-107167 2
-107168 2
-107171 2
-107381 2
-107384 2
-107386 2
-107387 2
-107392 2
-107485 2
-107488 2
-107490 2
-107492 2
-107493 2
-107496 2
-107498 2
-107501 2
-107516 2
-107517 2
-107518 2
-107519 2
-107522 2
-107537 2
-107540 2
-107542 2
-107543 2
-107544 2
-107545 2
-107548 2
-107581 2
-107582 2
-107583 2
-107584 2
-107587 2
-107589 2
-107592 2
-107654 2
-107657 2
-107661 2
-107662 2
-107698 2
-107699 2
-107700 2
-107701 2
-107704 2
-107927 2
-107930 2
-107932 2
-107933 2
-107934 2
-107935 2
-107938 2
-108343 2
-108346 2
-108348 2
-108349 2
-108350 2
-108354 2
-108655 2
-108972 2
-108973 2
-108974 2
-108975 2
-108978 2
-109050 2
-109051 2
-109052 2
-109053 2
-109056 2
-109370 2
-109373 2
-109539 2
-109929 2
-109932 2
-109934 2
-109935 2
-109936 2
-109937 2
-109940 2
-109986 2
-109987 2
-109992 2
-109994 2
-109997 2
-110007 2
-110020 2
-110023 2
-110025 2
-110026 2
-110027 2
-110028 2
-110031 2
-110046 2
-110049 2
-110051 2
-110052 2
-110053 2
-110054 2
-110057 2
-110072 2
-110075 2
-110077 2
-110078 2
-110079 2
-110080 2
-110083 2
-110090 2
-110091 2
-110092 2
-110093 2
-110096 2
-110098 2
-110101 2
-110189 2
-110192 2
-110194 2
-110195 2
-110196 2
-110197 2
-110200 2
-110259 2
-110261 2
-110262 2
-110265 2
-110267 2
-110270 2
-110298 2
-110299 2
-110300 2
-110301 2
-110304 2
-110306 2
-110309 2
-110384 2
-110387 2
-110389 2
-110390 2
-110391 2
-110392 2
-110395 2
-110449 2
-110452 2
-110454 2
-110455 2
-110456 2
-110460 2
-110618 2
-110621 2
-110649 2
-110650 2
-110651 2
-110655 2
-110722 2
-110725 2
-110727 2
-110728 2
-110729 2
-110730 2
-110733 2
-110800 2
-110803 2
-110805 2
-110806 2
-110807 2
-110808 2
-110811 2
-110852 2
-110855 2
-110930 2
-110933 2
-111294 2
-111297 2
-111299 2
-111300 2
-111301 2
-111302 2
-111305 2
-111333 2
-111336 2
-111372 2
-111375 2
-111377 2
-111378 2
-111379 2
-111380 2
-111383 2
-111502 2
-111505 2
-111546 2
-111548 2
-111549 2
-111552 2
-111606 2
-111609 2
-111710 2
-111713 2
-111715 2
-111716 2
-111717 2
-111718 2
-111721 2
-111749 2
-111752 2
-111754 2
-111755 2
-111756 2
-111757 2
-111760 2
-112048 2
-112051 2
-112074 2
-112077 2
-112079 2
-112080 2
-112081 2
-112082 2
-112085 2
-112087 2
-112090 2
-112092 2
-112093 2
-112094 2
-112095 2
-112098 2
-112131 2
-112132 2
-112133 2
-112134 2
-112137 2
-112139 2
-112142 2
-112170 2
-112171 2
-112172 2
-112173 2
-112176 2
-112217 2
-112220 2
-112282 2
-112285 2
-112464 2
-112467 2
-112516 2
-112519 2
-112555 2
-112558 2
-112607 2
-112610 2
-112612 2
-112613 2
-112614 2
-112615 2
-112618 2
-112633 2
-112636 2
-112711 2
-112714 2
-112763 2
-112766 2
-112789 2
-112815 2
-112818 2
-112820 2
-112821 2
-112822 2
-112823 2
-112826 2
-112841 2
-112844 2
-112880 2
-112883 2
-113127 2
-113130 2
-113166 2
-113169 2
-113301 2
-113302 2
-113303 2
-113307 2
-113374 2
-113377 2
-113413 2
-113416 2
-113634 2
-113637 2
-113639 2
-113640 2
-113641 2
-113642 2
-113645 2
-113678 2
-113679 2
-113680 2
-113684 2
-113717 2
-113718 2
-113719 2
-113720 2
-113723 2
-113782 2
-113783 2
-113784 2
-113785 2
-113788 2
-113790 2
-113793 2
-113803 2
-113806 2
-113816 2
-113819 2
-113823 2
-113824 2
-113827 2
-113842 2
-113845 2
-113886 2
-113887 2
-113888 2
-113889 2
-113892 2
-113899 2
-113900 2
-113901 2
-113902 2
-113905 2
-113925 2
-113926 2
-113927 2
-113928 2
-113931 2
-113959 2
-113962 2
-113964 2
-113965 2
-113966 2
-113967 2
-113970 2
-113990 2
-113991 2
-113992 2
-113993 2
-113996 2
-113998 2
-114001 2
-114107 2
-114108 2
-114109 2
-114110 2
-114113 2
-114128 2
-114131 2
-114133 2
-114135 2
-114136 2
-114139 2
-114193 2
-114196 2
-114427 2
-114430 2
-114435 2
-114466 2
-114469 2
-114471 2
-114472 2
-114473 2
-114474 2
-114477 2
-114479 2
-114482 2
-114484 2
-114485 2
-114486 2
-114487 2
-114490 2
-114601 2
-114602 2
-114603 2
-114604 2
-114607 2
-114622 2
-114625 2
-114661 2
-114664 2
-114713 2
-114716 2
-114973 2
-114976 2
-115030 2
-115031 2
-115032 2
-115033 2
-115036 2
-115069 2
-115070 2
-115075 2
-115077 2
-115080 2
-115085 2
-115108 2
-115109 2
-115110 2
-115111 2
-115114 2
-115147 2
-115148 2
-115149 2
-115150 2
-115153 2
-115199 2
-115200 2
-115201 2
-115202 2
-115205 2
-115402 2
-115405 2
-115409 2
-115410 2
-115519 2
-115522 2
-115597 2
-115600 2
-115602 2
-115603 2
-115604 2
-115605 2
-115608 2
-115727 2
-115730 2
-115831 2
-115834 2
-115836 2
-115837 2
-115838 2
-115839 2
-115842 2
-115875 2
-115876 2
-115877 2
-115878 2
-115881 2
-115909 2
-115912 2
-115914 2
-115915 2
-115916 2
-115917 2
-115920 2
-116005 2
-116006 2
-116007 2
-116008 2
-116011 2
-116143 2
-116146 2
-116156 2
-116159 2
-116161 2
-116162 2
-116163 2
-116164 2
-116167 2
-116200 2
-116201 2
-116202 2
-116203 2
-116206 2
-116208 2
-116213 2
-116215 2
-116216 2
-116219 2
-116449 2
-116450 2
-116468 2
-116471 2
-116640 2
-116642 2
-116643 2
-116644 2
-116645 2
-116648 2
-116720 2
-116721 2
-116722 2
-116723 2
-116726 2
-116759 2
-116760 2
-116761 2
-116762 2
-116765 2
-116837 2
-116838 2
-116839 2
-116840 2
-116843 2
-116845 2
-116848 2
-116852 2
-116853 2
-116856 2
-117183 2
-117186 2
-117240 2
-117241 2
-117242 2
-117243 2
-117246 2
-117547 2
-117550 2
-117604 2
-117605 2
-117606 2
-117607 2
-117610 2
-118150 2
-118151 2
-118156 2
-118288 2
-118291 2
-118358 2
-118359 2
-118360 2
-118361 2
-118364 2
-118392 2
-118395 2
-118397 2
-118398 2
-118399 2
-118400 2
-118403 2
-118488 2
-118490 2
-118491 2
-118494 2
-118566 2
-118567 2
-118568 2
-118569 2
-118572 2
-118603 2
-118605 2
-118606 2
-118607 2
-118608 2
-118611 2
-118644 2
-118645 2
-118646 2
-118647 2
-118650 2
-118678 2
-118681 2
-118683 2
-118684 2
-118689 2
-118696 2
-118697 2
-118698 2
-118702 2
-118722 2
-118723 2
-118724 2
-118725 2
-118728 2
-118878 2
-118879 2
-118880 2
-118881 2
-118884 2
-119042 2
-119045 2
-119341 2
-119344 2
-119593 2
-119594 2
-119595 2
-119596 2
-119599 2
-119712 2
-119713 2
-119716 2
-119801 2
-119802 2
-119803 2
-119804 2
-119807 2
-119971 2
-119978 2
-119981 2
-119983 2
-119984 2
-119985 2
-119986 2
-119989 2
-120009 2
-120010 2
-120011 2
-120012 2
-120015 2
-120173 2
-120176 2
-120178 2
-120179 2
-120180 2
-120181 2
-120184 2
-120191 2
-120192 2
-120193 2
-120197 2
-120389 2
-120472 2
-120475 2
-120602 2
-120605 2
-120797 2
-120800 2
-120802 2
-120803 2
-120804 2
-120805 2
-120808 2
-121096 2
-121099 2
-121109 2
-121112 2
-121231 2
-121232 2
-121233 2
-121234 2
-121237 2
-121322 2
-121323 2
-121324 2
-121325 2
-121328 2
-121338 2
-121350 2
-121351 2
-121374 2
-121375 2
-121376 2
-121377 2
-121380 2
-121387 2
-121388 2
-121389 2
-121390 2
-121393 2
-121400 2
-121401 2
-121402 2
-121403 2
-121406 2
-121414 2
-121468 2
-121720 2
-121723 2
-121733 2
-121736 2
-121798 2
-121801 2
-121883 2
-121884 2
-121887 2
-121928 2
-121931 2
-121933 2
-121934 2
-121935 2
-121936 2
-121939 2
-121980 2
-121983 2
-121985 2
-121986 2
-121987 2
-121988 2
-121991 2
-122011 2
-122012 2
-122013 2
-122014 2
-122017 2
-122024 2
-122025 2
-122026 2
-122027 2
-122030 2
-122344 2
-122347 2
-122500 2
-122503 2
-122539 2
-122542 2
-122544 2
-122545 2
-122546 2
-122547 2
-122550 2
-122583 2
-122584 2
-122585 2
-122586 2
-122589 2
-122791 2
-122792 2
-122793 2
-122797 2
-123059 2
-123062 2
-123233 2
-123234 2
-123235 2
-123236 2
-123239 2
-123319 2
-123322 2
-123397 2
-123400 2
-123441 2
-123442 2
-123443 2
-123444 2
-123447 2
-123449 2
-123452 2
-123493 2
-123494 2
-123495 2
-123496 2
-123499 2
-123558 2
-123559 2
-123560 2
-123564 2
-123605 2
-123608 2
-123751 2
-123961 2
-123962 2
-123963 2
-123964 2
-123967 2
-124112 2
-124115 2
-124125 2
-124128 2
-124177 2
-124180 2
-124242 2
-124245 2
-124489 2
-124492 2
-124780 2
-124781 2
-124782 2
-124783 2
-124786 2
-124806 2
-124807 2
-124812 2
-124819 2
-124820 2
-124825 2
-124858 2
-124859 2
-124860 2
-124861 2
-124864 2
-124866 2
-124869 2
-124871 2
-124872 2
-124873 2
-124874 2
-124877 2
-124897 2
-124898 2
-124899 2
-124900 2
-124903 2
-125638 2
-125640 2
-125641 2
-125644 2
-125651 2
-125653 2
-125654 2
-125657 2
-125664 2
-125665 2
-125666 2
-125667 2
-125670 2
-125690 2
-125691 2
-125692 2
-125693 2
-125696 2
-125718 2
-125719 2
-125724 2
-125727 2
-125729 2
-125730 2
-125731 2
-125732 2
-125735 2
-125755 2
-125756 2
-125757 2
-125758 2
-125761 2
-126218 2
-126221 2
-126223 2
-126224 2
-126225 2
-126226 2
-126229 2
-126309 2
-126367 2
-126379 2
-126380 2
-126381 2
-126382 2
-126385 2
-126418 2
-126419 2
-126420 2
-126421 2
-126424 2
-126457 2
-126458 2
-126459 2
-126460 2
-126463 2
-126517 2
-126660 2
-126663 2
-126686 2
-126689 2
-126693 2
-126694 2
-126771 2
-126772 2
-126782 2
-126783 2
-126784 2
-126785 2
-126788 2
-126946 2
-126949 2
-126977 2
-126978 2
-126979 2
-126980 2
-126983 2
-127089 2
-127092 2
-127206 2
-127209 2
-127219 2
-127222 2
-127297 2
-127300 2
-127492 2
-127495 2
-127557 2
-127560 2
-127705 2
-127706 2
-127707 2
-127708 2
-127711 2
-127843 2
-127846 2
-127848 2
-127849 2
-127854 2
-127895 2
-127898 2
-128041 2
-128043 2
-128045 2
-128046 2
-128049 2
-128056 2
-128057 2
-128058 2
-128059 2
-128062 2
-128246 2
-128249 2
-128264 2
-128265 2
-128266 2
-128270 2
-128311 2
-128314 2
-128329 2
-128330 2
-128331 2
-128332 2
-128335 2
-128342 2
-128343 2
-128344 2
-128345 2
-128348 2
-128407 2
-128408 2
-128409 2
-128410 2
-128413 2
-128446 2
-128447 2
-128448 2
-128449 2
-128452 2
-128467 2
-128470 2
-128472 2
-128473 2
-128474 2
-128475 2
-128478 2
-128485 2
-128486 2
-128487 2
-128488 2
-128491 2
-128532 2
-128535 2
-128623 2
-128626 2
-128675 2
-128678 2
-128680 2
-128681 2
-128682 2
-128683 2
-128686 2
-128727 2
-128730 2
-128940 2
-128941 2
-128942 2
-128943 2
-128946 2
-129135 2
-129136 2
-129137 2
-129138 2
-129141 2
-129174 2
-129175 2
-129176 2
-129177 2
-129180 2
-129252 2
-129253 2
-129254 2
-129255 2
-129258 2
-129291 2
-129292 2
-129293 2
-129294 2
-129297 2
-129330 2
-129331 2
-129332 2
-129333 2
-129336 2
-129364 2
-129367 2
-129572 2
-129575 2
-129577 2
-129578 2
-129579 2
-129580 2
-129583 2
-129624 2
-129627 2
-129663 2
-129666 2
-129754 2
-129757 2
-129759 2
-129760 2
-129761 2
-129762 2
-129765 2
-129785 2
-129786 2
-129787 2
-129788 2
-129791 2
-129949 2
-129952 2
-129954 2
-129955 2
-129956 2
-129957 2
-129960 2
-130066 2
-130069 2
-130071 2
-130072 2
-130073 2
-130074 2
-130077 2
-130279 2
-130280 2
-130281 2
-130282 2
-130285 2
-130422 2
-130423 2
-130424 2
-130425 2
-130428 2
-130625 2
-130628 2
-130631 2
-130820 2
-130916 2
-130917 2
-130918 2
-130919 2
-130922 2
-131072 2
-131073 2
-131074 2
-131075 2
-131078 2
-131111 2
-131112 2
-131113 2
-131114 2
-131117 2
-131119 2
-131122 2
-131124 2
-131125 2
-131126 2
-131127 2
-131130 2
-131150 2
-131151 2
-131152 2
-131153 2
-131156 2
-131184 2
-131187 2
-131189 2
-131190 2
-131191 2
-131192 2
-131195 2
-131223 2
-131226 2
-131275 2
-131278 2
-131366 2
-131369 2
-131379 2
-131382 2
-131483 2
-131486 2
-131501 2
-131502 2
-131503 2
-131504 2
-131507 2
-131535 2
-131538 2
-131548 2
-131551 2
-131691 2
-131694 2
-131782 2
-131785 2
-131964 2
-131967 2
-131969 2
-131970 2
-131971 2
-131972 2
-131975 2
-132112 2
-132113 2
-132114 2
-132115 2
-132118 2
-132159 2
-132162 2
-132164 2
-132165 2
-132166 2
-132167 2
-132170 2
-132315 2
-132318 2
-132380 2
-132383 2
-132387 2
-132388 2
-132718 2
-132861 2
-132864 2
-132866 2
-132867 2
-132868 2
-132869 2
-132872 2
-132900 2
-132903 2
-133095 2
-133098 2
-133238 2
-133241 2
-133243 2
-133244 2
-133245 2
-133246 2
-133249 2
-133438 2
-133439 2
-133440 2
-133441 2
-133444 2
-133446 2
-133449 2
-133459 2
-133462 2
-133464 2
-133465 2
-133466 2
-133467 2
-133470 2
-133498 2
-133501 2
-133550 2
-133553 2
-133654 2
-133657 2
-133693 2
-133696 2
-133698 2
-133699 2
-133700 2
-133701 2
-133704 2
-133784 2
-133787 2
-133797 2
-133800 2
-133803 2
-133901 2
-133904 2
-134011 2
-134122 2
-134125 2
-134127 2
-134128 2
-134129 2
-134130 2
-134133 2
-134161 2
-134164 2
-134167 2
-134200 2
-134203 2
-134205 2
-134206 2
-134207 2
-134208 2
-134211 2
-134317 2
-134322 2
-134323 2
-134324 2
-134325 2
-134328 2
-134421 2
-134424 2
-134426 2
-134427 2
-134428 2
-134429 2
-134432 2
-134556 2
-134557 2
-134558 2
-134559 2
-134562 2
-134972 2
-134973 2
-134974 2
-134975 2
-134978 2
-135279 2
-135282 2
-135331 2
-135336 2
-135337 2
-135338 2
-135339 2
-135342 2
-135591 2
-135594 2
-135617 2
-135656 2
-135659 2
-135994 2
-135997 2
-135999 2
-136000 2
-136001 2
-136002 2
-136005 2
-136007 2
-136010 2
-136033 2
-136036 2
-136038 2
-136039 2
-136040 2
-136041 2
-136044 2
-136072 2
-136075 2
-136077 2
-136078 2
-136079 2
-136080 2
-136083 2
-136111 2
-136114 2
-136116 2
-136117 2
-136118 2
-136119 2
-136122 2
-136150 2
-136153 2
-136155 2
-136156 2
-136157 2
-136158 2
-136161 2
-136189 2
-136192 2
-136194 2
-136195 2
-136200 2
-136345 2
-136348 2
-136350 2
-136351 2
-136352 2
-136353 2
-136356 2
-136553 2
-136556 2
-136558 2
-136559 2
-136560 2
-136561 2
-136564 2
-136605 2
-136608 2
-136649 2
-136650 2
-136651 2
-136652 2
-136655 2
-136670 2
-136673 2
-136675 2
-136676 2
-136677 2
-136678 2
-136681 2
-136683 2
-136686 2
-136688 2
-136689 2
-136690 2
-136691 2
-136694 2
-136714 2
-136715 2
-136716 2
-136717 2
-136720 2
-136727 2
-136728 2
-136729 2
-136730 2
-136733 2
-136813 2
-136816 2
-136881 2
-136922 2
-136923 2
-136924 2
-136925 2
-136928 2
-137008 2
-137011 2
-137013 2
-137014 2
-137015 2
-137016 2
-137019 2
-137034 2
-137037 2
-137073 2
-137076 2
-137080 2
-137081 2
-137268 2
-137271 2
-137273 2
-137274 2
-137275 2
-137276 2
-137279 2
-137281 2
-137284 2
-137286 2
-137287 2
-137288 2
-137289 2
-137292 2
-137351 2
-137352 2
-137353 2
-137354 2
-137357 2
-137429 2
-137431 2
-137432 2
-137435 2
-137554 2
-137557 2
-137658 2
-137661 2
-137918 2
-137921 2
-137923 2
-137924 2
-137925 2
-137926 2
-137929 2
-137957 2
-137960 2
-137962 2
-137963 2
-137964 2
-137965 2
-137968 2
-137996 2
-138001 2
-138002 2
-138007 2
-138113 2
-138116 2
-138118 2
-138119 2
-138120 2
-138121 2
-138124 2
-138126 2
-138129 2
-138133 2
-138134 2
-138152 2
-138155 2
-138157 2
-138158 2
-138159 2
-138160 2
-138163 2
-138170 2
-138172 2
-138173 2
-138176 2
-138191 2
-138194 2
-138196 2
-138197 2
-138198 2
-138199 2
-138202 2
-138209 2
-138210 2
-138211 2
-138212 2
-138215 2
-138230 2
-138233 2
-138235 2
-138236 2
-138237 2
-138238 2
-138241 2
-138269 2
-138272 2
-138274 2
-138275 2
-138276 2
-138277 2
-138280 2
-138334 2
-138337 2
-138339 2
-138340 2
-138341 2
-138342 2
-138345 2
-138373 2
-138376 2
-138378 2
-138379 2
-138380 2
-138381 2
-138384 2
-138386 2
-138389 2
-138516 2
-138519 2
-138594 2
-138597 2
-138675 2
-138698 2
-138701 2
-138703 2
-138704 2
-138705 2
-138706 2
-138709 2
-138755 2
-138756 2
-138757 2
-138758 2
-138761 2
-138794 2
-138795 2
-138796 2
-138800 2
-138820 2
-138821 2
-138822 2
-138823 2
-138826 2
-138880 2
-138883 2
-138906 2
-138909 2
-138932 2
-138935 2
-138958 2
-138961 2
-138963 2
-138964 2
-138965 2
-138966 2
-138969 2
-139023 2
-139026 2
-139030 2
-139031 2
-139034 2
-139114 2
-139117 2
-139119 2
-139120 2
-139121 2
-139122 2
-139125 2
-139179 2
-139182 2
-139205 2
-139208 2
-139231 2
-139234 2
-139236 2
-139237 2
-139238 2
-139239 2
-139242 2
-139327 2
-139328 2
-139329 2
-139330 2
-139333 2
-139335 2
-139338 2
-139413 2
-139416 2
-139439 2
-139442 2
-139444 2
-139445 2
-139446 2
-139447 2
-139450 2
-139666 2
-139743 2
-139744 2
-139745 2
-139746 2
-139749 2
-139777 2
-139780 2
-139782 2
-139783 2
-139784 2
-139785 2
-139788 2
-139790 2
-139793 2
-139881 2
-139884 2
-139886 2
-139887 2
-139888 2
-139889 2
-139892 2
-139899 2
-139900 2
-139901 2
-139902 2
-139905 2
-139907 2
-139910 2
-139920 2
-139923 2
-139928 2
-140037 2
-140040 2
-140050 2
-140053 2
-140115 2
-140118 2
-140198 2
-140199 2
-140200 2
-140204 2
-140232 2
-140235 2
-140263 2
-140264 2
-140265 2
-140269 2
-140271 2
-140302 2
-140303 2
-140304 2
-140308 2
-140349 2
-140352 2
-140406 2
-140407 2
-140408 2
-140409 2
-140412 2
-140414 2
-140417 2
-140440 2
-140443 2
-140448 2
-140523 2
-140524 2
-140529 2
-140550 2
-140583 2
-140586 2
-140614 2
-140615 2
-140616 2
-140617 2
-140620 2
-140648 2
-140651 2
-140653 2
-140654 2
-140655 2
-140656 2
-140659 2
-140674 2
-140677 2
-140713 2
-140716 2
-140718 2
-140719 2
-140720 2
-140721 2
-140724 2
-140731 2
-140732 2
-140733 2
-140734 2
-140737 2
-140752 2
-140755 2
-140759 2
-140760 2
-140817 2
-140820 2
-140861 2
-140862 2
-140863 2
-140864 2
-140867 2
-140882 2
-140885 2
-140887 2
-140888 2
-140889 2
-140890 2
-140893 2
-140895 2
-140898 2
-140900 2
-140901 2
-140902 2
-140903 2
-140906 2
-141090 2
-141093 2
-141095 2
-141096 2
-141097 2
-141098 2
-141101 2
-141110 2
-141111 2
-141114 2
-141432 2
-141436 2
-141452 2
-141453 2
-141454 2
-141457 2
-141459 2
-141460 2
-141461 2
-141464 2
-141515 2
-141516 2
-141517 2
-141520 2
-141697 2
-141699 2
-141961 2
-141971 2
-141975 2
-141977 2
-141978 2
-141979 2
-142229 2
-142230 2
-142231 2
-142234 2
-142236 2
-142237 2
-142238 2
-142241 2
-142292 2
-142293 2
-142294 2
-142297 2
-142516 2
-142518 2
-142524 2
-142528 2
-142598 2
-142600 2
-142601 2
-142602 2
-142605 2
-142607 2
-142608 2
-142609 2
-142612 2
-142614 2
-142615 2
-142616 2
-142623 2
-142642 2
-142643 2
-142644 2
-142647 2
-142656 2
-142657 2
-142658 2
-142661 2
-142831 2
-142832 2
-142833 2
-142836 2
-142901 2
-142902 2
-142903 2
-142906 2
-142915 2
-142916 2
-142917 2
-142920 2
-142922 2
-142923 2
-142924 2
-142927 2
-142936 2
-142937 2
-142938 2
-142941 2
-142943 2
-142944 2
-142945 2
-142948 2
-143028 2
-143029 2
-143032 2
-143041 2
-143042 2
-143043 2
-143046 2
-143048 2
-143049 2
-143050 2
-143053 2
-143076 2
-143077 2
-143078 2
-143081 2
-143084 2
-143088 2
-143188 2
-143189 2
-143190 2
-143193 2
-143195 2
-143196 2
-143197 2
-143200 2
-143364 2
-143368 2
-143384 2
-143385 2
-143386 2
-143389 2
-143391 2
-143392 2
-143393 2
-143398 2
-143400 2
-143524 2
-143525 2
-143526 2
-143529 2
-143783 2
-143784 2
-143785 2
-143788 2
-143790 2
-143791 2
-143792 2
-143795 2
-143923 2
-143924 2
-143925 2
-143928 2
-143930 2
-143931 2
-143932 2
-143935 2
-143937 2
-143939 2
-144056 2
-144057 2
-144058 2
-144061 2
-144147 2
-144148 2
-144149 2
-144152 2
-144154 2
-144155 2
-144156 2
-144190 2
-144191 2
-144194 2
-144217 2
-144218 2
-144219 2
-144222 2
-144224 2
-144225 2
-144226 2
-144229 2
-144231 2
-144232 2
-144233 2
-144547 2
-144551 2
-144644 2
-144645 2
-144646 2
-144649 2
-144651 2
-144652 2
-144653 2
-144656 2
-144672 2
-144673 2
-144674 2
-144700 2
-144701 2
-144702 2
-144705 2
-144708 2
-144712 2
-144910 2
-144911 2
-144912 2
-144915 2
-145008 2
-145009 2
-145010 2
-145013 2
-145043 2
-145044 2
-145045 2
-145048 2
-145078 2
-145079 2
-145080 2
-145083 2
-145085 2
-145086 2
-145087 2
-145090 2
-145197 2
-145199 2
-145268 2
-145272 2
-145358 2
-145359 2
-145360 2
-145363 2
-145415 2
-145419 2
-145421 2
-145422 2
-145423 2
-145426 2
-145428 2
-145429 2
-145430 2
-145433 2
-145437 2
-145498 2
-145499 2
-145500 2
-145503 2
-145512 2
-145513 2
-145514 2
-145517 2
-145540 2
-145541 2
-145542 2
-145545 2
-145547 2
-145548 2
-145549 2
-145582 2
-145584 2
-145589 2
-145591 2
-145645 2
-145646 2
-145647 2
-145650 2
-145666 2
-145667 2
-145668 2
-145671 2
-145673 2
-145674 2
-145675 2
-145678 2
-145729 2
-145731 2
-145827 2
-145828 2
-145829 2
-145832 2
-145855 2
-145856 2
-145857 2
-145860 2
-145862 2
-145863 2
-145864 2
-145867 2
-145899 2
-145904 2
-145905 2
-145906 2
-145909 2
-145932 2
-145933 2
-145934 2
-145940 2
-145944 2
-145967 2
-145968 2
-145969 2
-145972 2
-145974 2
-145976 2
-146051 2
-146052 2
-146053 2
-146056 2
-146065 2
-146066 2
-146067 2
-146070 2
-146072 2
-146073 2
-146074 2
-146077 2
-146086 2
-146087 2
-146088 2
-146091 2
-146093 2
-146094 2
-146095 2
-146098 2
-146401 2
-146402 2
-146403 2
-146406 2
-146485 2
-146486 2
-146487 2
-146490 2
-146499 2
-146500 2
-146501 2
-146504 2
-146506 2
-146507 2
-146508 2
-146511 2
-146513 2
-146514 2
-146515 2
-146518 2
-146520 2
-146521 2
-146522 2
-146525 2
-146576 2
-146578 2
-146585 2
-146604 2
-146605 2
-146606 2
-146609 2
-146611 2
-146612 2
-146613 2
-146616 2
-146618 2
-146619 2
-146620 2
-146623 2
-146625 2
-146626 2
-146627 2
-146630 2
-146640 2
-146644 2
-146646 2
-146647 2
-146648 2
-146651 2
-146793 2
-146794 2
-146795 2
-146798 2
-146800 2
-146801 2
-146802 2
-146805 2
-146807 2
-146808 2
-146809 2
-146812 2
-146814 2
-146815 2
-146816 2
-146990 2
-146994 2
-147003 2
-147004 2
-147005 2
-147008 2
-147129 2
-147130 2
-147131 2
-147134 2
-147136 2
-147138 2
-147171 2
-147173 2
-147199 2
-147200 2
-147201 2
-147204 2
-147208 2
-147220 2
-147221 2
-147222 2
-147225 2
-147227 2
-147228 2
-147229 2
-147232 2
-147235 2
-147236 2
-147239 2
-147241 2
-147242 2
-147243 2
-147246 2
-147248 2
-147249 2
-147250 2
-147253 2
-147255 2
-147256 2
-147257 2
-147260 2
-147325 2
-147326 2
-147327 2
-147330 2
-147334 2
-147571 2
-147572 2
-147575 2
-147584 2
-147585 2
-147586 2
-147589 2
-147593 2
-147619 2
-147620 2
-147621 2
-147624 2
-147626 2
-147627 2
-147628 2
-147631 2
-147633 2
-147634 2
-147635 2
-147638 2
-147801 2
-147802 2
-147803 2
-147806 2
-147809 2
-147810 2
-147813 2
-147864 2
-147865 2
-147866 2
-147869 2
-147871 2
-147872 2
-147873 2
-147876 2
-147878 2
-147879 2
-147880 2
-147883 2
-148058 2
-148102 2
-148103 2
-148104 2
-148107 2
-148116 2
-148117 2
-148118 2
-148121 2
-148145 2
-148149 2
-148200 2
-148201 2
-148202 2
-148205 2
-148382 2
-148383 2
-148384 2
-148387 2
-148397 2
-148398 2
-148401 2
-148403 2
-148405 2
-148431 2
-148432 2
-148433 2
-148436 2
-148438 2
-148439 2
-148440 2
-148443 2
-148475 2
-148543 2
-148544 2
-148545 2
-148548 2
-148550 2
-148551 2
-148552 2
-148555 2
-148613 2
-148614 2
-148615 2
-148618 2
-148620 2
-148621 2
-148622 2
-148625 2
-148830 2
-148831 2
-148832 2
-148835 2
-148901 2
-148905 2
-149278 2
-149279 2
-149280 2
-149283 2
-149411 2
-149412 2
-149413 2
-149416 2
-149524 2
-149528 2
-149544 2
-149545 2
-149546 2
-149549 2
-149579 2
-149581 2
-149587 2
-149591 2
-150027 2
-150028 2
-150029 2
-150055 2
-150056 2
-150057 2
-150060 2
-150398 2
-150399 2
-150400 2
-150403 2
-150405 2
-150407 2
-150699 2
-150700 2
-150701 2
-150704 2
-150790 2
-150791 2
-150792 2
-150795 2
-150846 2
-150847 2
-150848 2
-150851 2
-150874 2
-150875 2
-150876 2
-150879 2
-151210 2
-151211 2
-151212 2
-151215 2
-151217 2
-151218 2
-151219 2
-151222 2
-151393 2
-151397 2
-151406 2
-151407 2
-151408 2
-151411 2
-151414 2
-151418 2
-151420 2
-151421 2
-151422 2
-151425 2
-151441 2
-151442 2
-151443 2
-151446 2
-151448 2
-151449 2
-151450 2
-151728 2
-151730 2
-151784 2
-151785 2
-151786 2
-151791 2
-151793 2
-151917 2
-151919 2
-151932 2
-151933 2
-151936 2
-151946 2
-151950 2
-151959 2
-151961 2
-152015 2
-152016 2
-152017 2
-152020 2
-152023 2
-152027 2
-152029 2
-152030 2
-152031 2
-152034 2
-152050 2
-152051 2
-152052 2
-152055 2
-152062 2
-152363 2
-152365 2
-152366 2
-152367 2
-152370 2
-152379 2
-152380 2
-152381 2
-152526 2
-152527 2
-152528 2
-152531 2
-152554 2
-152555 2
-152556 2
-152559 2
-152561 2
-152562 2
-152563 2
-152566 2
-152687 2
-152688 2
-152689 2
-152692 2
-152925 2
-152926 2
-152927 2
-152930 2
-152995 2
-152996 2
-152997 2
-153000 2
-153002 2
-153003 2
-153004 2
-153007 2
-153066 2
-153070 2
-153149 2
-153150 2
-153151 2
-153154 2
-153156 2
-153158 2
-153163 2
-153164 2
-153165 2
-153219 2
-153220 2
-153221 2
-153224 2
-153226 2
-153227 2
-153228 2
-153231 2
-153240 2
-153241 2
-153242 2
-153245 2
-153248 2
-153252 2
-153254 2
-153256 2
-153457 2
-153458 2
-153459 2
-153462 2
-153471 2
-153472 2
-153473 2
-153476 2
-153499 2
-153500 2
-153501 2
-153504 2
-153555 2
-153556 2
-153557 2
-153560 2
-153751 2
-153753 2
-153786 2
-153787 2
-153788 2
-153791 2
-153793 2
-153795 2
-153968 2
-153970 2
-153975 2
-153977 2
-154136 2
-154137 2
-154138 2
-154141 2
-154144 2
-154145 2
-154148 2
-154150 2
-154151 2
-154152 2
-154157 2
-154158 2
-154159 2
-154243 2
-154500 2
-154501 2
-154502 2
-154505 2
-154654 2
-154655 2
-154656 2
-154659 2
-154666 2
-154668 2
-154669 2
-154670 2
-154673 2
-155284 2
-155285 2
-155286 2
-155289 2
-155340 2
-155341 2
-155342 2
-155345 2
-155403 2
-155404 2
-155405 2
-155408 2
-155411 2
-155415 2
-155439 2
-155443 2
-155482 2
-155487 2
-155488 2
-155489 2
-155492 2
-155529 2
-155530 2
-155531 2
-155534 2
-155536 2
-155537 2
-155538 2
-155541 2
-155543 2
-155544 2
-155545 2
-155548 2
-155718 2
-155719 2
-155720 2
-155723 2
-155753 2
-155754 2
-155755 2
-155758 2
-155760 2
-155761 2
-155762 2
-155765 2
-156061 2
-156062 2
-156063 2
-156066 2
-156068 2
-156069 2
-156070 2
-156073 2
-156146 2
-156147 2
-156150 2
-156187 2
-156188 2
-156189 2
-156192 2
-156635 2
-156636 2
-156637 2
-156640 2
-156643 2
-156644 2
-156647 2
-156649 2
-156650 2
-156651 2
-156654 2
-156677 2
-156678 2
-156679 2
-156682 2
-156684 2
-156685 2
-156686 2
-156752 2
-157027 2
-157028 2
-157029 2
-157032 2
-157034 2
-157035 2
-157036 2
-157039 2
-157041 2
-157042 2
-157043 2
-157046 2
-157083 2
-157085 2
-157188 2
-157189 2
-157190 2
-157193 2
-157195 2
-157196 2
-157197 2
-157279 2
-157280 2
-157281 2
-157284 2
-157307 2
-157308 2
-157309 2
-157312 2
-157363 2
-157364 2
-157365 2
-157368 2
-157840 2
-157844 2
-157846 2
-157847 2
-157848 2
-157851 2
-157853 2
-157854 2
-157855 2
-157858 2
-157909 2
-157910 2
-157911 2
-157914 2
-157916 2
-157917 2
-157918 2
-157921 2
-158035 2
-158036 2
-158037 2
-158040 2
-158042 2
-158043 2
-158044 2
-158047 2
-158133 2
-158134 2
-158135 2
-158138 2
-158140 2
-158142 2
-158280 2
-158282 2
-158581 2
-158582 2
-158583 2
-158586 2
-158588 2
-158589 2
-158590 2
-158819 2
-158820 2
-158821 2
-158824 2
-158826 2
-158827 2
-158828 2
-158831 2
-158854 2
-158855 2
-158856 2
-158859 2
-158910 2
-158912 2
-158924 2
-158925 2
-158926 2
-158929 2
-159121 2
-159125 2
-159128 2
-159132 2
-159134 2
-159135 2
-159136 2
-159139 2
-159155 2
-159156 2
-159157 2
-159160 2
-159162 2
-159163 2
-159164 2
-159167 2
-159169 2
-159170 2
-159171 2
-159174 2
-159176 2
-159177 2
-159178 2
-159181 2
-159190 2
-159191 2
-159192 2
-159195 2
-159197 2
-159198 2
-159199 2
-159202 2
-159225 2
-159226 2
-159227 2
-159230 2
-159232 2
-159233 2
-159234 2
-159237 2
-159239 2
-159240 2
-159241 2
-159244 2
-159253 2
-159255 2
-159261 2
-159262 2
-159265 2
-159267 2
-159268 2
-159269 2
-159272 2
-159629 2
-159631 2
-159632 2
-159633 2
-159636 2
-159652 2
-159654 2
-159664 2
-159688 2
-159692 2
-160121 2
-160122 2
-160123 2
-160126 2
-160226 2
-160227 2
-160228 2
-160231 2
-160240 2
-160241 2
-160242 2
-160245 2
-160247 2
-160248 2
-160249 2
-160252 2
-160254 2
-160255 2
-160256 2
-160259 2
-160296 2
-160297 2
-160298 2
-160301 2
-160884 2
-160885 2
-160886 2
-160889 2
-160892 2
-160896 2
-160898 2
-160899 2
-160900 2
-160903 2
-160906 2
-160910 2
-160920 2
-160924 2
-160926 2
-160927 2
-160928 2
-160931 2
-161073 2
-161074 2
-161075 2
-161078 2
-161129 2
-161130 2
-161131 2
-161134 2
-161892 2
-161893 2
-161894 2
-161897 2
-161920 2
-161921 2
-161922 2
-161925 2
-161927 2
-161928 2
-161929 2
-161932 2
-161997 2
-161998 2
-161999 2
-162002 2
-162006 2
-162039 2
-162040 2
-162041 2
-162044 2
-162102 2
-162103 2
-162104 2
-162107 2
-162116 2
-162117 2
-162118 2
-162123 2
-162124 2
-162125 2
-162128 2
-162130 2
-162131 2
-162132 2
-162135 2
-162151 2
-162152 2
-162153 2
-162291 2
-162293 2
-162452 2
-162453 2
-162454 2
-162564 2
-162565 2
-162566 2
-162569 2
-162571 2
-162572 2
-162573 2
-162576 2
-162578 2
-162579 2
-162580 2
-162583 2
-162585 2
-162586 2
-162587 2
-162590 2
-162641 2
-162643 2
-162669 2
-162670 2
-162671 2
-162674 2
-162676 2
-162677 2
-162678 2
-162681 2
-162683 2
-162685 2
-162690 2
-162691 2
-162692 2
-162695 2
-163180 2
-163181 2
-163182 2
-163185 2
-163196 2
-163397 2
-163398 2
-163399 2
-163402 2
-163460 2
-163461 2
-163462 2
-163465 2
-163467 2
-163469 2
-163635 2
-163636 2
-163637 2
-163640 2
-163685 2
-163689 2
-163691 2
-163692 2
-163693 2
-163696 2
-163698 2
-163699 2
-163700 2
-163703 2
-163776 2
-163780 2
-163782 2
-163783 2
-163784 2
-163787 2
-163874 2
-163875 2
-163878 2
-163936 2
-163937 2
-163938 2
-163943 2
-163944 2
-163945 2
-163948 2
-164167 2
-164168 2
-164169 2
-164172 2
-164186 2
-164420 2
-164421 2
-164424 2
-164461 2
-164462 2
-164463 2
-164466 2
-164496 2
-164497 2
-164498 2
-164937 2
-164938 2
-164939 2
-164993 2
-164994 2
-164995 2
-164998 2
-165049 2
-165050 2
-165051 2
-165054 2
-165057 2
-165061 2
-165189 2
-165191 2
-165280 2
-165281 2
-165282 2
-165285 2
-165476 2
-165477 2
-165478 2
-165481 2
-165588 2
-165589 2
-165590 2
-165593 2
-165614 2
-165644 2
-165645 2
-165646 2
-165649 2
-165651 2
-165652 2
-165653 2
-165889 2
-165890 2
-165891 2
-165894 2
-165903 2
-165904 2
-165905 2
-165908 2
-165967 2
-165971 2
-165994 2
-165995 2
-165996 2
-165999 2
-166050 2
-166051 2
-166052 2
-166055 2
-166085 2
-166086 2
-166087 2
-166183 2
-166184 2
-166185 2
-166188 2
-166239 2
-166240 2
-166241 2
-166244 2
-166251 2
-166253 2
-166254 2
-166255 2
-166258 2
-166274 2
-166276 2
-166435 2
-166436 2
-166437 2
-166440 2
-166442 2
-166443 2
-166444 2
-166447 2
-166456 2
-166457 2
-166458 2
-166461 2
-166470 2
-166471 2
-166472 2
-166475 2
-166505 2
-166506 2
-166507 2
-166510 2
-166617 2
-166618 2
-166619 2
-166622 2
-166855 2
-166856 2
-166857 2
-166860 2
-167247 2
-167248 2
-167249 2
-167252 2
-167450 2
-167451 2
-167452 2
-167455 2
-167465 2
-167466 2
-167469 2
-167478 2
-167479 2
-167480 2
-167483 2
-167485 2
-167486 2
-167487 2
-167490 2
-167492 2
-167493 2
-167494 2
-167497 2
-167506 2
-167507 2
-167508 2
-167511 2
-167513 2
-167514 2
-167515 2
-167518 2
-167737 2
-167738 2
-167739 2
-167742 2
-167744 2
-167745 2
-167746 2
-167793 2
-167794 2
-167795 2
-168255 2
-168256 2
-168257 2
-168260 2
-168262 2
-168264 2
-168428 2
-168430 2
-168431 2
-168432 2
-168435 2
-168445 2
-168449 2
-168451 2
-168453 2
-168458 2
-168459 2
-168460 2
-168463 2
-168466 2
-168470 2
-168472 2
-168473 2
-168474 2
-168477 2
-168731 2
-168732 2
-168733 2
-168736 2
-168745 2
-168746 2
-168747 2
-168750 2
-168752 2
-168753 2
-168754 2
-168757 2
-168990 2
-168991 2
-168992 2
-168995 2
-169009 2
-169013 2
-169065 2
-169067 2
-169069 2
-169270 2
-169271 2
-169272 2
-169275 2
-169277 2
-169278 2
-169279 2
-169282 2
-169291 2
-169292 2
-169293 2
-169296 2
-169298 2
-169300 2
-169354 2
-169355 2
-169356 2
-169359 2
-169361 2
-169363 2
-169368 2
-169370 2
-169375 2
-169376 2
-169377 2
-169380 2
-169382 2
-169383 2
-169384 2
-169387 2
-169389 2
-169390 2
-169391 2
-169394 2
-169592 2
-169593 2
-169594 2
-169597 2
-169606 2
-169607 2
-169608 2
-169611 2
-169730 2
-169885 2
-169888 2
-169890 2
-169893 2
-169895 2
-169898 2
-169900 2
-169903 2
-169920 2
-170105 2
-170108 2
-170110 2
-170113 2
-170270 2
-170273 2
-170275 2
-170278 2
-170280 2
-170283 2
-170285 2
-170288 2
-170290 2
-170293 2
-170295 2
-170298 2
-170300 2
-170303 2
-170305 2
-170308 2
-170313 2
-170315 2
-170318 2
-170320 2
-170323 2
-171055 2
-171058 2
-171060 2
-171063 2
-171890 2
-171893 2
-171895 2
-171898 2
-171900 2
-171903 2
-171930 2
-171933 2
-171935 2
-171938 2
-171940 2
-171943 2
-171948 2
-171970 2
-171973 2
-171980 2
-171983 2
-172315 2
-172318 2
-172325 2
-172328 2
-172330 2
-172333 2
-172360 2
-172363 2
-172555 2
-172560 2
-172563 2
-172565 2
-172568 2
-172570 2
-172573 2
-172575 2
-172578 2
-172580 2
-172583 2
-172585 2
-172588 2
-172590 2
-172593 2
-172595 2
-172598 2
-172600 2
-172603 2
-172605 2
-172608 2
-172610 2
-172613 2
-172615 2
-172618 2
-172620 2
-172623 2
-172625 2
-172628 2
-172635 2
-172638 2
-172640 2
-172643 2
-172795 2
-172800 2
-172803 2
-172805 2
-172808 2
-172810 2
-172813 2
-172815 2
-172818 2
-172823 2
-172835 2
-172838 2
-172840 2
-172845 2
-172848 2
-172950 2
-172953 2
-172955 2
-172958 2
-172965 2
-172968 2
-172970 2
-172973 2
-172975 2
-172978 2
-172980 2
-172983 2
-172995 2
-172998 2
-173265 2
-173268 2
-173270 2
-173273 2
-173275 2
-173278 2
-173290 2
-173293 2
-173303 2
-173415 2
-173418 2
-173420 2
-173423 2
-173425 2
-173428 2
-173430 2
-173433 2
-173438 2
-173455 2
-173458 2
-173460 2
-174075 2
-174078 2
-174080 2
-174083 2
-174090 2
-174093 2
-174095 2
-174098 2
-174100 2
-174103 2
-174795 2
-174798 2
-174800 2
-174803 2
-174805 2
-174808 2
-174810 2
-174813 2
-174815 2
-174818 2
-174825 2
-174828 2
-174830 2
-174833 2
-174835 2
-174838 2
-174840 2
-174843 2
-174845 2
-174848 2
-175025 2
-175030 2
-175033 2
-175035 2
-175038 2
-175043 2
-175290 2
-175293 2
-175295 2
-175298 2
-175310 2
-175313 2
-175315 2
-175318 2
-175320 2
-175323 2
-175325 2
-175328 2
-175335 2
-175338 2
-175340 2
-175343 2
-175520 2
-175523 2
-175525 2
-175528 2
-175538 2
-175895 2
-175898 2
-175900 2
-175903 2
-175905 2
-175908 2
-175910 2
-175913 2
-175915 2
-175918 2
-175920 2
-175923 2
-175925 2
-175928 2
-175930 2
-175933 2
-176075 2
-176078 2
-176080 2
-176083 2
-176085 2
-176088 2
-176090 2
-176093 2
-176095 2
-176098 2
-176108 2
-176110 2
-176113 2
-176115 2
-176390 2
-176393 2
-176595 2
-176598 2
-176600 2
-176605 2
-176608 2
-176610 2
-176613 2
-176615 2
-176618 2
-176625 2
-176628 2
-176685 2
-176688 2
-176725 2
-176970 2
-176973 2
-177015 2
-177018 2
-177083 2
-177115 2
-177118 2
-177615 2
-177618 2
-177620 2
-177623 2
-177625 2
-177628 2
-177630 2
-177655 2
-177658 2
-177665 2
-177668 2
-177835 2
-177838 2
-178235 2
-178238 2
-178240 2
-178243 2
-178245 2
-178248 2
-178250 2
-178253 2
-178255 2
-178258 2
-178263 2
-178290 2
-178293 2
-178295 2
-178298 2
-178745 2
-178748 2
-178755 2
-178758 2
-178760 2
-178763 2
-178765 2
-178768 2
-178770 2
-178775 2
-178778 2
-178980 2
-178983 2
-178990 2
-178993 2
-178995 2
-178998 2
-179000 2
-179003 2
-179005 2
-179008 2
-179535 2
-179538 2
-179555 2
-179558 2
-179560 2
-179563 2
-179565 2
-179568 2
-179570 2
-179573 2
-179575 2
-179578 2
-180415 2
-180418 2
-180425 2
-180428 2
-180430 2
-180433 2
-180435 2
-180438 2
-180440 2
-180443 2
-180448 2
-180450 2
-180453 2
-180455 2
-180458 2
-180460 2
-180463 2
-180465 2
-180468 2
-180480 2
-180483 2
-180485 2
-180488 2
-180490 2
-180493 2
-180495 2
-180498 2
-180503 2
-180505 2
-180508 2
-180510 2
-180513 2
-180515 2
-180518 2
-180520 2
-180523 2
-180705 2
-180710 2
-180713 2
-180718 2
-180728 2
-180740 2
-180743 2
-181305 2
-181308 2
-181310 2
-181313 2
-181320 2
-181323 2
-181325 2
-181328 2
-181400 2
-181403 2
-182210 2
-182213 2
-182215 2
-182218 2
-182220 2
-182223 2
-182365 2
-182368 2
-182375 2
-182378 2
-182380 2
-182383 2
-182385 2
-182388 2
-182960 2
-182963 2
-182965 2
-182968 2
-182970 2
-182973 2
-182975 2
-182978 2
-182980 2
-182983 2
-182988 2
-183218 2
-183340 2
-183343 2
-183345 2
-183348 2
-183350 2
-183353 2
-183355 2
-183358 2
-183360 2
-183363 2
-183365 2
-183368 2
-184275 2
-184278 2
-184315 2
-184318 2
-184320 2
-184323 2
-184325 2
-184328 2
-184330 2
-184333 2
-184363 2
-184370 2
-184373 2
-184375 2
-184378 2
-184380 2
-184383 2
-184385 2
-184388 2
-184390 2
-184393 2
-184395 2
-184398 2
-184740 2
-184743 2
-184750 2
-184753 2
-184755 2
-184758 2
-185210 2
-185213 2
-185215 2
-185218 2
-185220 2
-185223 2
-185695 2
-185698 2
-185700 2
-185703 2
-185845 2
-185848 2
-185855 2
-185858 2
-185860 2
-185863 2
-185865 2
-185868 2
-186210 2
-186213 2
-186215 2
-186218 2
-186223 2
-186275 2
-186278 2
-186280 2
-186283 2
-186285 2
-186288 2
-186503 2
-186505 2
-186508 2
-186680 2
-186685 2
-186688 2
-186690 2
-186693 2
-186695 2
-186698 2
-186700 2
-186703 2
-186705 2
-186708 2
-186710 2
-186713 2
-186725 2
-186728 2
-186730 2
-186733 2
-186738 2
-186740 2
-186743 2
-186755 2
-186760 2
-186763 2
-186765 2
-186768 2
-187020 2
-187030 2
-187033 2
-187035 2
-187038 2
-187085 2
-187088 2
-187155 2
-187163 2
-187280 2
-187283 2
-187285 2
-187288 2
-187290 2
-187293 2
-187295 2
-187298 2
-187300 2
-187303 2
-187310 2
-187313 2
-187315 2
-187318 2
-187320 2
-187323 2
-187325 2
-187328 2
-187440 2
-187443 2
-187445 2
-187448 2
-187450 2
-187453 2
-187455 2
-187458 2
-187460 2
-187463 2
-187465 2
-187468 2
-187478 2
-187555 2
-187558 2
-187560 2
-187563 2
-187565 2
-187568 2
-187595 2
-187598 2
-187600 2
-187603 2
-187610 2
-187613 2
-187615 2
-187618 2
-187633 2
-187645 2
-187648 2
-187655 2
-187658 2
-188415 2
-188418 2
-188420 2
-188423 2
-188425 2
-188428 2
-188430 2
-188433 2
-188435 2
-188438 2
-188440 2
-188443 2
-188550 2
-188553 2
-188560 2
-188563 2
-188565 2
-188568 2
-188570 2
-188573 2
-188575 2
-188578 2
-188593 2
-188790 2
-188793 2
-188805 2
-188810 2
-188813 2
-188815 2
-188818 2
-188820 2
-188823 2
-188840 2
-188843 2
-188850 2
-188853 2
-188855 2
-188858 2
-188860 2
-188863 2
-188865 2
-188868 2
-188870 2
-188873 2
-188875 2
-188878 2
-188880 2
-188883 2
-188885 2
-188888 2
-188890 2
-188893 2
-188895 2
-188898 2
-189373 2
-189375 2
-189378 2
-189380 2
-189383 2
-189385 2
-189388 2
-189390 2
-189393 2
-189395 2
-189398 2
-189400 2
-189403 2
-189405 2
-189408 2
-189410 2
-189413 2
-189415 2
-189418 2
-189420 2
-189423 2
-189700 2
-189703 2
-190758 2
-190760 2
-190763 2
-190765 2
-190768 2
-190895 2
-190898 2
-190900 2
-190903 2
-191275 2
-191278 2
-191395 2
-191398 2
-191420 2
-191423 2
-191430 2
-191433 2
-191435 2
-191438 2
-191440 2
-191443 2
-191565 2
-191568 2
-191570 2
-191573 2
-191583 2
-192050 2
-192053 2
-192055 2
-192058 2
-192065 2
-192068 2
-192070 2
-192073 2
-192075 2
-192078 2
-192083 2
-192085 2
-192088 2
-192305 2
-192308 2
-192310 2
-192313 2
-192315 2
-192318 2
-192320 2
-192323 2
-192380 2
-192383 2
-192435 2
-192438 2
-192440 2
-192443 2
-192445 2
-192448 2
-192450 2
-192453 2
-192455 2
-192458 2
-192460 2
-192465 2
-192468 2
-192470 2
-192473 2
-192475 2
-192478 2
-192480 2
-192483 2
-192485 2
-192488 2
-192943 2
-192955 2
-192958 2
-192960 2
-192963 2
-192965 2
-192968 2
-192970 2
-192973 2
-192980 2
-192983 2
-193815 2
-193818 2
-193825 2
-193828 2
-194983 2
-195595 2
-195598 2
-195600 2
-195603 2
-195605 2
-195608 2
-195610 2
-195613 2
-195615 2
-195618 2
-195620 2
-195623 2
-195628 2
-195630 2
-195633 2
-195635 2
-195638 2
-195640 2
-195643 2
-195868 2
-196160 2
-196163 2
-196165 2
-196168 2
-196170 2
-196173 2
-196178 2
-196180 2
-197080 2
-197083 2
-197085 2
-197088 2
-197090 2
-197093 2
-197095 2
-197098 2
-197100 2
-197103 2
-197105 2
-197108 2
-197110 2
-197113 2
-197115 2
-197118 2
-197120 2
-197123 2
-197125 2
-197128 2
-197130 2
-197133 2
-197505 2
-197508 2
-197510 2
-197513 2
-197515 2
-197518 2
-197700 2
-197703 2
-197705 2
-197708 2
-197713 2
-197980 2
-197985 2
-197988 2
-197995 2
-197998 2
-198300 2
-198303 2
-198305 2
-198308 2
-198313 2
-199135 2
-199138 2
-199140 2
-199143 2
-199145 2
-199148 2
-199150 2
-199153 2
-199158 2
-199160 2
-199163 2
-199173 2
-199350 2
-199353 2
-199355 2
-199358 2
-199360 2
-199363 2
-199365 2
-199368 2
-199370 2
-199373 2
-199445 2
-199448 2
-199463 2
-199555 2
-199558 2
-199560 2
-199563 2
-199675 2
-199678 2
-199680 2
-199683 2
-199688 2
-199693 2
-199695 2
-199698 2
-199700 2
-199703 2
-199705 2
-199708 2
-199845 2
-199848 2
-199850 2
-199853 2
-199855 2
-199858 2
-199860 2
-199863 2
-199865 2
-199868 2
-199870 2
-199873 2
-199875 2
-199878 2
-199930 2
-199943 2
-200105 2
-200108 2
-200110 2
-200113 2
-200135 2
-200715 2
-200718 2
-200760 2
-200825 2
-200828 2
-200830 2
-200833 2
-200835 2
-200838 2
-200840 2
-200843 2
-200845 2
-200848 2
-200850 2
-200853 2
-200863 2
-200990 2
-200993 2
-200995 2
-200998 2
-201003 2
-201005 2
-201008 2
-201010 2
-201013 2
-201195 2
-201198 2
-201200 2
-201203 2
-202725 2
-202728 2
-202730 2
-202733 2
-202735 2
-202738 2
-202740 2
-202743 2
-202745 2
-202748 2
-202755 2
-202758 2
-202945 2
-202950 2
-202953 2
-202955 2
-202958 2
-202960 2
-202963 2
-202965 2
-202968 2
-202970 2
-202973 2
-202975 2
-202978 2
-203370 2
-203373 2
-203375 2
-203378 2
-203805 2
-203808 2
-203810 2
-203813 2
-203815 2
-203818 2
-203835 2
-203838 2
-203840 2
-203850 2
-203853 2
-203855 2
-203858 2
-203940 2
-203943 2
-203945 2
-203948 2
-203950 2
-203953 2
-203958 2
-204230 2
-204233 2
-204240 2
-204243 2
-204245 2
-204248 2
-204250 2
-204253 2
-204255 2
-204258 2
-204260 2
-204263 2
-204265 2
-204268 2
-205005 2
-205008 2
-205015 2
-205018 2
-205020 2
-205023 2
-205025 2
-205028 2
-205845 2
-205848 2
-205850 2
-205853 2
-205855 2
-205858 2
-205863 2
-205865 2
-205868 2
-205950 2
-205960 2
-205963 2
-206210 2
-206370 2
-206373 2
-206520 2
-206523 2
-206640 2
-206643 2
-206645 2
-206648 2
-206668 2
-206670 2
-206673 2
-206675 2
-206678 2
-206680 2
-206683 2
-206835 2
-206838 2
-206840 2
-206843 2
-206845 2
-206848 2
-206850 2
-206853 2
-206855 2
-206858 2
-206865 2
-206868 2
-206875 2
-206878 2
-206885 2
-206888 2
-207545 2
-207548 2
-207550 2
-207553 2
-207555 2
-207558 2
-207560 2
-207563 2
-209330 2
-209333 2
-209335 2
-209338 2
-209353 2
-209440 2
-209443 2
-209445 2
-209448 2
-209645 2
-209648 2
-209650 2
-209653 2
-209655 2
-209658 2
-209660 2
-209663 2
-209675 2
-209678 2
-210015 2
-210018 2
-210020 2
-210023 2
-210025 2
-210028 2
-210345 2
-210348 2
-210360 2
-210363 2
-210365 2
-210368 2
-210490 2
-210498 2
-210520 2
-210523 2
-210525 2
-210528 2
-210530 2
-210533 2
-210535 2
-210538 2
-210540 2
-210543 2
-210545 2
-210548 2
-210855 2
-210873 2
-210875 2
-210878 2
-210880 2
-210883 2
-210885 2
-210888 2
-210890 2
-210893 2
-210900 2
-210903 2
-210905 2
-210908 2
-210910 2
-210913 2
-210920 2
-210923 2
-211020 2
-211023 2
-211025 2
-211028 2
-211030 2
-211033 2
-211045 2
-211048 2
-211450 2
-211453 2
-211455 2
-211458 2
-211460 2
-211463 2
-211468 2
-211485 2
-211488 2
-211490 2
-211493 2
-211495 2
-211498 2
-211540 2
-211543 2
-211625 2
-211628 2
-211630 2
-211633 2
-211670 2
-211765 2
-211768 2
-211770 2
-211773 2
-211775 2
-211778 2
-211780 2
-211783 2
-211785 2
-211788 2
-211790 2
-211793 2
-212015 2
-212125 2
-212128 2
-212130 2
-212133 2
-212138 2
-212148 2
-212360 2
-212363 2
-212465 2
-212468 2
-212470 2
-212473 2
-212475 2
-212478 2
-212495 2
-212498 2
-212505 2
-212508 2
-212510 2
-212513 2
-212515 2
-212518 2
-212535 2
-212538 2
-212540 2
-212543 2
-212545 2
-212548 2
-212555 2
-212558 2
-212565 2
-212568 2
-212570 2
-212573 2
-212590 2
-212593 2
-212603 2
-212605 2
-212608 2
-212610 2
-212613 2
-212615 2
-212618 2
-212623 2
-212625 2
-212628 2
-212635 2
-212638 2
-212643 2
-212850 2
-212853 2
-212855 2
-212858 2
-212860 2
-212863 2
-212875 2
-212878 2
-212880 2
-212883 2
-212885 2
-212888 2
-212890 2
-212893 2
-212895 2
-212898 2
-212900 2
-212903 2
-213730 2
-213733 2
-213735 2
-213738 2
-213740 2
-213743 2
-213745 2
-213748 2
-213750 2
-213753 2
-213755 2
-213758 2
-213760 2
-213763 2
-213765 2
-213768 2
-213770 2
-213773 2
-213775 2
-213778 2
-213780 2
-213783 2
-214475 2
-214478 2
-214495 2
-214498 2
-214610 2
-214613 2
-214645 2
-214648 2
-214720 2
-214723 2
-214725 2
-214728 2
-214733 2
-214735 2
-214738 2
-214740 2
-214743 2
-215070 2
-215073 2
-215385 2
-215388 2
-215390 2
-215393 2
-215395 2
-215398 2
-215420 2
-215423 2
-215425 2
-215428 2
-215720 2
-215723 2
-215725 2
-215728 2
-215730 2
-215733 2
-215735 2
-215740 2
-215743 2
-215745 2
-215748 2
-215750 2
-215753 2
-215755 2
-215758 2
-216325 2
-216328 2
-216340 2
-216343 2
-216590 2
-216593 2
-216595 2
-216598 2
-216600 2
-216603 2
-216605 2
-216608 2
-216615 2
-216618 2
-216620 2
-216623 2
-216665 2
-216668 2
-216895 2
-216898 2
-216905 2
-216908 2
-217020 2
-217023 2
-217025 2
-217028 2
-217033 2
-217055 2
-217058 2
-217528 2
-217530 2
-217533 2
-217545 2
-217548 2
-217600 2
-217603 2
-217605 2
-217608 2
-217615 2
-217618 2
-217630 2
-217633 2
-217665 2
-217668 2
-217675 2
-217678 2
-217680 2
-217683 2
-217685 2
-217688 2
-217750 2
-217753 2
-217755 2
-217758 2
-217760 2
-217765 2
-217768 2
-217775 2
-217778 2
-217785 2
-217788 2
-218400 2
-218403 2
-218405 2
-218408 2
-218415 2
-218418 2
-218420 2
-218423 2
-218535 2
-218540 2
-218543 2
-218545 2
-218548 2
-218550 2
-218553 2
-218568 2
-218570 2
-218575 2
-218578 2
-218580 2
-218585 2
-218588 2
-219240 2
-219243 2
-219245 2
-219250 2
-219253 2
-219255 2
-219258 2
-219260 2
-219263 2
-219268 2
-219270 2
-219273 2
-219295 2
-219298 2
-219300 2
-219303 2
-219305 2
-219308 2
-219310 2
-219313 2
-219315 2
-219318 2
-219320 2
-219323 2
-219330 2
-219333 2
-219340 2
-219343 2
-219360 2
-219363 2
-219365 2
-219368 2
-219370 2
-219373 2
-219375 2
-219378 2
-219380 2
-219383 2
-219395 2
-219398 2
-219535 2
-219538 2
-219545 2
-219548 2
-219555 2
-219558 2
-219560 2
-219563 2
-219965 2
-219968 2
-219970 2
-219973 2
-219975 2
-219978 2
-219990 2
-219993 2
-220170 2
-220175 2
-220178 2
-220180 2
-220183 2
-220185 2
-220188 2
-220190 2
-220193 2
-220195 2
-220198 2
-220215 2
-220220 2
-220223 2
-220225 2
-220228 2
-220230 2
-220233 2
-220235 2
-220238 2
-220550 2
-220553 2
-220558 2
-220880 2
-220883 2
-221005 2
-221008 2
-221225 2
-221228 2
-221233 2
-221410 2
-221413 2
-221415 2
-221418 2
-221780 2
-221783 2
-221900 2
-221903 2
-222140 2
-222143 2
-222145 2
-222148 2
-222155 2
-222158 2
-222160 2
-222163 2
-222285 2
-222288 2
-222290 2
-222293 2
-222490 2
-222845 2
-222848 2
-222850 2
-222853 2
-222855 2
-222858 2
-222865 2
-222870 2
-222873 2
-222875 2
-223010 2
-223013 2
-223015 2
-223018 2
-223590 2
-223593 2
-223600 2
-223603 2
-223605 2
-223608 2
-223610 2
-223613 2
-223615 2
-223618 2
-223620 2
-223623 2
-223625 2
-223628 2
-223630 2
-223633 2
-223920 2
-223923 2
-223925 2
-223928 2
-223930 2
-223933 2
-223935 2
-223938 2
-223940 2
-223943 2
-224790 2
-224793 2
-224900 2
-224903 2
-224905 2
-224908 2
-224913 2
-225080 2
-225085 2
-225088 2
-225090 2
-225093 2
-225095 2
-225098 2
-225100 2
-225103 2
-225105 2
-225108 2
-225150 2
-225153 2
-225163 2
-225168 2
-225170 2
-225173 2
-225285 2
-225288 2
-225290 2
-225293 2
-225395 2
-225398 2
-225400 2
-225403 2
-225515 2
-225518 2
-225520 2
-225523 2
-225630 2
-225633 2
-225635 2
-225638 2
-225640 2
-225643 2
-225645 2
-225648 2
-225680 2
-225695 2
-225698 2
-225705 2
-225708 2
-225710 2
-225713 2
-225720 2
-225723 2
-225870 2
-225873 2
-225880 2
-225883 2
-225960 2
-225963 2
-225965 2
-225970 2
-226050 2
-226055 2
-226058 2
-226060 2
-226063 2
-226065 2
-226068 2
-226070 2
-226073 2
-226075 2
-226078 2
-226080 2
-226083 2
-226093 2
-226405 2
-226408 2
-226415 2
-226418 2
-226420 2
-226423 2
-226425 2
-226428 2
-226430 2
-226433 2
-226560 2
-226563 2
-226565 2
-226568 2
-226570 2
-226573 2
-226760 2
-226763 2
-226765 2
-226768 2
-226770 2
-226773 2
-226775 2
-226778 2
-226780 2
-226783 2
-226990 2
-226993 2
-227000 2
-227228 2
-227230 2
-227233 2
-227285 2
-227288 2
-227290 2
-227295 2
-227298 2
-227300 2
-227303 2
-227305 2
-227308 2
-227315 2
-227318 2
-227445 2
-227448 2
-227450 2
-227453 2
-227455 2
-227458 2
-227645 2
-227648 2
-227650 2
-227735 2
-227740 2
-227743 2
-227745 2
-227748 2
-227750 2
-227753 2
-227758 2
-227850 2
-227853 2
-227855 2
-227858 2
-227870 2
-227875 2
-227878 2
-227880 2
-227883 2
-227885 2
-227888 2
-227890 2
-227893 2
-228170 2
-228185 2
-228188 2
-228190 2
-228193 2
-228195 2
-228198 2
-228200 2
-228203 2
-228205 2
-228208 2
-228245 2
-228250 2
-228253 2
-228255 2
-228258 2
-228260 2
-228263 2
-228265 2
-228268 2
-228285 2
-228288 2
-228425 2
-228435 2
-228440 2
-228443 2
-228620 2
-228623 2
-228628 2
-228730 2
-228733 2
-228735 2
-228738 2
-228980 2
-228983 2
-228995 2
-228998 2
-229060 2
-229063 2
-229130 2
-229133 2
-229135 2
-229138 2
-229140 2
-229143 2
-229145 2
-229148 2
-229150 2
-229153 2
-229160 2
-229163 2
-229165 2
-229168 2
-229585 2
-229588 2
-229590 2
-229593 2
-229600 2
-229603 2
-229750 2
-229760 2
-229763 2
-229765 2
-229768 2
-229770 2
-229773 2
-229835 2
-229838 2
-229840 2
-229843 2
-229845 2
-229848 2
-230200 2
-230203 2
-230205 2
-230208 2
-230210 2
-230213 2
-230225 2
-230228 2
-230230 2
-230233 2
-230235 2
-230238 2
-230240 2
-230243 2
-230245 2
-230248 2
-230250 2
-230253 2
-230255 2
-230258 2
-230260 2
-230263 2
-230325 2
-230328 2
-230330 2
-230333 2
-230455 2
-230460 2
-230463 2
-230465 2
-230468 2
-230470 2
-230473 2
-230475 2
-230478 2
-230480 2
-230483 2
-230485 2
-230488 2
-230560 2
-230565 2
-230568 2
-230570 2
-230573 2
-230580 2
-230583 2
-230590 2
-230593 2
-230595 2
-230598 2
-230600 2
-230603 2
-230605 2
-230608 2
-230655 2
-230658 2
-230710 2
-230830 2
-230833 2
-230835 2
-230838 2
-231050 2
-231053 2
-231225 2
-231230 2
-231233 2
-231235 2
-231238 2
-231360 2
-231363 2
-231365 2
-231368 2
-231370 2
-231373 2
-231375 2
-231378 2
-231380 2
-231383 2
-231385 2
-231388 2
-231390 2
-231393 2
-231395 2
-231398 2
-231485 2
-231495 2
-231498 2
-231500 2
-231503 2
-231505 2
-231508 2
-231520 2
-231530 2
-231533 2
-231535 2
-231538 2
-231540 2
-231543 2
-231548 2
-231553 2
-231610 2
-231613 2
-231615 2
-231618 2
-231620 2
-231623 2
-231625 2
-231628 2
-231655 2
-231665 2
-231668 2
-231670 2
-231673 2
-231680 2
-231683 2
-231740 2
-231743 2
-231825 2
-231828 2
-231830 2
-231833 2
-231835 2
-231838 2
-232125 2
-232128 2
-232180 2
-232183 2
-232255 2
-232258 2
-232260 2
-232263 2
-232265 2
-232275 2
-232278 2
-232458 2
-232565 2
-232568 2
-232620 2
-232623 2
-232625 2
-232628 2
-232630 2
-232633 2
-232635 2
-232640 2
-232643 2
-232648 2
-232875 2
-232878 2
-232880 2
-232885 2
-232888 2
-232890 2
-232893 2
-233025 2
-233028 2
-233030 2
-233033 2
-233035 2
-233038 2
-233040 2
-233043 2
-233045 2
-233048 2
-233050 2
-233053 2
-233055 2
-233130 2
-233135 2
-233138 2
-233140 2
-233143 2
-233150 2
-233153 2
-233295 2
-233298 2
-233300 2
-233303 2
-233305 2
-233308 2
-233380 2
-233383 2
-233393 2
-233395 2
-233398 2
-233425 2
-233428 2
-233435 2
-233438 2
-233440 2
-233443 2
-233445 2
-233448 2
-233450 2
-233453 2
-233515 2
-233520 2
-233523 2
-233525 2
-233528 2
-233530 2
-233533 2
-233535 2
-233538 2
-233540 2
-233543 2
-233550 2
-233553 2
-233558 2
-233560 2
-233563 2
-233730 2
-234085 2
-234088 2
-234090 2
-234093 2
-234098 2
-234245 2
-234250 2
-234253 2
-234255 2
-234258 2
-234260 2
-234263 2
-234270 2
-234273 2
-234275 2
-234278 2
-234390 2
-234393 2
-234395 2
-234398 2
-234580 2
-234583 2
-234585 2
-234588 2
-234590 2
-234593 2
-234595 2
-234598 2
-234605 2
-234608 2
-234615 2
-234618 2
-234620 2
-234623 2
-234625 2
-234628 2
-234630 2
-234633 2
-234638 2
-234640 2
-234643 2
-234645 2
-234655 2
-234658 2
-234780 2
-234785 2
-234788 2
-234895 2
-234898 2
-234900 2
-234903 2
-234905 2
-234908 2
-234910 2
-234913 2
-234920 2
-234923 2
-235050 2
-235053 2
-235055 2
-235058 2
-235115 2
-235120 2
-235123 2
-235125 2
-235128 2
-235133 2
-235135 2
-235140 2
-235143 2
-235145 2
-235148 2
-235150 2
-235153 2
-235155 2
-235158 2
-235270 2
-235273 2
-235325 2
-235328 2
-235420 2
-235423 2
-235425 2
-235428 2
-235590 2
-235593 2
-235595 2
-235598 2
-235600 2
-235603 2
-235605 2
-235608 2
-235715 2
-235723 2
-235725 2
-235730 2
-235733 2
-235735 2
-235738 2
-235740 2
-235743 2
-236050 2
-236053 2
-236060 2
-236065 2
-236068 2
-236070 2
-236073 2
-236075 2
-236078 2
-236085 2
-236088 2
-236093 2
-236095 2
-236098 2
-236100 2
-236103 2
-236105 2
-236108 2
-236195 2
-236198 2
-236205 2
-236208 2
-236225 2
-236228 2
-236270 2
-236273 2
-236275 2
-236278 2
-236283 2
-236325 2
-236328 2
-236385 2
-236388 2
-236400 2
-236403 2
-236660 2
-236663 2
-236665 2
-236668 2
-236670 2
-236673 2
-236675 2
-236678 2
-236685 2
-236688 2
-236810 2
-236860 2
-236863 2
-236870 2
-236873 2
-236875 2
-236878 2
-236880 2
-236883 2
-236885 2
-236888 2
-236890 2
-236893 2
-236953 2
-236955 2
-236958 2
-236970 2
-236973 2
-236980 2
-236983 2
-237545 2
-237548 2
-237555 2
-237558 2
-237563 2
-237565 2
-237568 2
-237570 2
-237573 2
-237655 2
-237658 2
-237660 2
-237663 2
-237665 2
-237668 2
-237670 2
-237673 2
-237675 2
-237678 2
-237680 2
-237683 2
-237685 2
-237688 2
-237700 2
-237705 2
-237708 2
-237730 2
-237733 2
-237740 2
-237743 2
-237785 2
-237795 2
-237798 2
-238080 2
-238083 2
-238085 2
-238088 2
-239810 2
-239813 2
-239815 2
-239818 2
-239820 2
-239823 2
-239833 2
-239835 2
-239838 2
-239845 2
-239848 2
-239920 2
-239923 2
-240000 2
-240005 2
-240008 2
-240010 2
-240013 2
-240018 2
-240030 2
-240033 2
-240048 2
-240100 2
-240105 2
-240108 2
-240110 2
-240113 2
-240115 2
-240118 2
-240120 2
-240123 2
-240128 2
-240130 2
-240133 2
-240135 2
-240138 2
-240265 2
-240268 2
-240270 2
-240273 2
-240335 2
-240338 2
-240340 2
-240343 2
-240345 2
-240348 2
-240355 2
-240358 2
-240360 2
-240363 2
-240365 2
-240368 2
-240370 2
-240373 2
-240505 2
-240508 2
-240510 2
-240513 2
-240515 2
-240518 2
-240520 2
-240523 2
-240528 2
-240533 2
-240535 2
-240538 2
-240720 2
-240723 2
-240725 2
-240728 2
-240730 2
-240733 2
-240735 2
-240738 2
-240740 2
-240743 2
-240745 2
-240748 2
-240750 2
-240753 2
-240755 2
-240758 2
-240870 2
-240873 2
-240875 2
-240878 2
-240880 2
-240883 2
-240885 2
-240888 2
-240890 2
-240893 2
-240898 2
-240910 2
-241385 2
-241388 2
-241535 2
-241538 2
-241615 2
-241620 2
-241623 2
-241635 2
-241638 2
-241640 2
-241643 2
-241645 2
-241648 2
-241650 2
-241653 2
-242315 2
-242318 2
-242320 2
-242323 2
-242325 2
-242328 2
-242330 2
-242333 2
-242335 2
-242338 2
-242340 2
-242343 2
-242345 2
-242348 2
-242445 2
-242448 2
-242450 2
-242453 2
-242455 2
-242458 2
-242485 2
-242490 2
-242493 2
-242495 2
-242498 2
-242505 2
-242508 2
-242513 2
-242530 2
-242533 2
-242535 2
-242538 2
-242540 2
-242543 2
-242555 2
-242558 2
-242560 2
-242563 2
-242720 2
-242723 2
-242730 2
-242733 2
-242815 2
-242820 2
-242823 2
-242825 2
-242828 2
-242830 2
-242833 2
-242835 2
-242838 2
-242840 2
-242843 2
-243048 2
-243050 2
-243053 2
-243055 2
-243058 2
-243060 2
-243063 2
-243065 2
-243068 2
-243070 2
-243073 2
-243170 2
-243173 2
-243175 2
-243178 2
-243180 2
-243183 2
-243185 2
-243188 2
-243190 2
-243193 2
-243195 2
-243198 2
-243345 2
-243348 2
-243358 2
-243360 2
-243363 2
-243365 2
-243945 2
-243948 2
-243950 2
-243953 2
-244060 2
-244063 2
-244068 2
-244120 2
-244125 2
-244128 2
-244133 2
-244135 2
-244138 2
-244210 2
-244213 2
-244300 2
-244303 2
-244305 2
-244308 2
-244730 2
-244910 2
-244913 2
-244995 2
-245015 2
-245018 2
-245020 2
-245023 2
-245025 2
-245028 2
-245030 2
-245033 2
-245035 2
-245040 2
-245043 2
-245045 2
-245048 2
-245050 2
-245053 2
-245055 2
-245058 2
-245150 2
-245155 2
-245158 2
-245160 2
-245163 2
-245165 2
-245168 2
-245175 2
-245178 2
-245180 2
-245183 2
-245960 2
-245963 2
-245965 2
-245968 2
-245970 2
-245973 2
-245975 2
-245978 2
-245980 2
-245983 2
-245985 2
-245988 2
-246253 2
-246265 2
-246270 2
-246273 2
-246275 2
-246278 2
-246280 2
-246283 2
-246285 2
-246288 2
-246290 2
-246293 2
-246295 2
-246298 2
-246300 2
-246303 2
-246395 2
-246398 2
-246400 2
-246403 2
-246405 2
-246408 2
-246410 2
-246413 2
-246415 2
-246418 2
-246420 2
-246423 2
-246425 2
-246428 2
-246435 2
-246438 2
-247300 2
-247303 2
-247305 2
-247308 2
-247310 2
-247313 2
-247318 2
-247320 2
-247323 2
-247325 2
-247328 2
-247338 2
-247395 2
-247398 2
-247400 2
-247403 2
-247405 2
-247408 2
-247413 2
-247425 2
-247428 2
-247440 2
-247443 2
-247445 2
-247448 2
-247725 2
-247728 2
-247730 2
-247733 2
-247735 2
-247738 2
-247740 2
-247743 2
-247985 2
-247988 2
-247995 2
-247998 2
-248040 2
-248043 2
-248050 2
-248053 2
-248290 2
-248293 2
-248295 2
-248298 2
-248300 2
-248303 2
-248308 2
-248615 2
-248618 2
-248620 2
-248623 2
-248625 2
-248628 2
-248685 2
-248688 2
-248690 2
-248715 2
-248720 2
-248723 2
-248835 2
-248840 2
-248843 2
-248845 2
-248848 2
-248850 2
-248853 2
-248855 2
-248858 2
-248860 2
-248863 2
-248890 2
-248893 2
-248895 2
-248898 2
-248900 2
-248903 2
-248905 2
-248908 2
-248950 2
-248953 2
-249000 2
-249003 2
-249165 2
-249168 2
-249170 2
-249173 2
-249175 2
-249178 2
-249445 2
-249635 2
-249645 2
-249648 2
-249650 2
-249653 2
-249655 2
-249658 2
-249810 2
-249813 2
-249815 2
-249818 2
-249820 2
-249823 2
-249880 2
-249883 2
-249885 2
-249888 2
-249930 2
-249933 2
-250200 2
-250295 2
-250298 2
-250305 2
-250315 2
-250318 2
-250350 2
-250353 2
-250355 2
-250358 2
-250360 2
-250363 2
-250365 2
-250368 2
-250370 2
-250625 2
-250628 2
-250630 2
-250635 2
-250638 2
-250640 2
-250643 2
-250645 2
-250648 2
-250665 2
-250668 2
-250670 2
-250673 2
-250760 2
-250763 2
-250765 2
-250768 2
-250785 2
-250788 2
-250895 2
-250913 2
-250950 2
-250953 2
-250965 2
-250968 2
-251005 2
-251008 2
-251153 2
-251170 2
-251173 2
-251195 2
-251198 2
-251215 2
-251218 2
-251230 2
-251233 2
-251335 2
-251338 2
-251575 2
-251578 2
-251945 2
-251948 2
-252108 2
-252115 2
-252118 2
-252185 2
-252188 2
-252403 2
-252415 2
-252418 2
-252468 2
-252510 2
-252513 2
-252520 2
-252523 2
-252525 2
-252528 2
-252590 2
-252593 2
-252625 2
-252628 2
-252640 2
-252643 2
-252670 2
-252673 2
-252705 2
-252770 2
-252773 2
-252785 2
-252788 2
-252900 2
-252903 2
-252980 2
-252983 2
-253060 2
-253063 2
-253085 2
-253088 2
-253160 2
-253243 2
-253290 2
-253293 2
-253320 2
-253323 2
-253470 2
-253473 2
-253475 2
-253478 2
-253485 2
-253488 2
-253520 2
-253523 2
-253555 2
-253558 2
-253608 2
-253630 2
-253633 2
-253760 2
-253785 2
-253788 2
-253840 2
-253843 2
-253845 2
-253848 2
-253865 2
-253868 2
-253920 2
-253923 2
-253970 2
-253973 2
-253985 2
-253988 2
-254005 2
-254008 2
-254060 2
-254070 2
-254073 2
-254080 2
-254083 2
-254085 2
-254088 2
-254110 2
-254113 2
-254345 2
-254348 2
-254375 2
-254378 2
-254400 2
-254403 2
-254425 2
-254428 2
-254480 2
-254483 2
-254505 2
-254508 2
-254690 2
-254693 2
-254773 2
-254778 2
-254850 2
-254853 2
-254855 2
-254945 2
-254948 2
-254975 2
-254978 2
-255113 2
-255185 2
-255188 2
-255228 2
-255385 2
-255388 2
-255460 2
-255465 2
-255468 2
-255558 2
-255595 2
-255835 2
-255838 2
-255910 2
-255913 2
-255915 2
-255918 2
-255985 2
-255988 2
-256000 2
-256003 2
-256010 2
-256050 2
-256053 2
-256105 2
-256108 2
-256225 2
-256228 2
-256460 2
-256463 2
-256525 2
-256565 2
-256568 2
-256585 2
-256588 2
-256710 2
-256713 2
-256780 2
-256783 2
-256840 2
-256865 2
-256985 2
-256988 2
-257030 2
-257033 2
-257250 2
-257253 2
-257285 2
-257288 2
-257355 2
-257358 2
-257455 2
-257458 2
-257515 2
-257518 2
-257545 2
-257548 2
-257575 2
-257578 2
-257595 2
-257598 2
-257620 2
-257625 2
-257808 2
-257825 2
-257828 2
-257855 2
-257858 2
-257870 2
-257873 2
-257900 2
-257903 2
-257925 2
-257928 2
-257930 2
-257933 2
-257955 2
-257958 2
-257970 2
-257973 2
-257985 2
-257988 2
-258010 2
-258013 2
-258038 2
-258150 2
-258153 2
-258335 2
-258338 2
-258355 2
-258358 2
-258435 2
-258438 2
-258518 2
-258555 2
-258558 2
-258690 2
-258693 2
-258730 2
-258743 2
-259085 2
-259088 2
-259160 2
-259163 2
-259180 2
-259183 2
-259515 2
-259518 2
-259540 2
-259543 2
-259568 2
-259570 2
-259573 2
-259575 2
-259578 2
-259613 2
-259710 2
-259845 2
-259848 2
-259960 2
-259963 2
-259980 2
-259985 2
-259988 2
-260185 2
-260188 2
-260190 2
-260193 2
-260270 2
-260273 2
-260315 2
-260318 2
-260365 2
-260368 2
-260380 2
-260383 2
-260395 2
-260398 2
-260440 2
-260443 2
-260450 2
-260453 2
-260540 2
-260543 2
-260555 2
-260558 2
-260580 2
-260583 2
-260635 2
-260638 2
-260770 2
-260803 2
-261040 2
-261043 2
-261045 2
-261048 2
-261065 2
-261068 2
-261145 2
-261148 2
-261160 2
-261163 2
-261175 2
-261178 2
-261190 2
-261193 2
-261223 2
-261305 2
-261308 2
-261465 2
-261468 2
-261490 2
-261493 2
-261595 2
-261598 2
-261645 2
-261648 2
-261755 2
-261875 2
-261878 2
-261910 2
-261913 2
-261940 2
-261943 2
-261990 2
-261993 2
-262020 2
-262023 2
-262040 2
-262043 2
-262355 2
-262358 2
-262375 2
-262453 2
-262620 2
-262623 2
-262745 2
-262820 2
-262823 2
-263095 2
-263098 2
-263420 2
-263423 2
-263430 2
-263433 2
-263500 2
-263503 2
-263535 2
-263555 2
-263558 2
-263605 2
-263608 2
-263650 2
-263653 2
-263675 2
-263678 2
-263790 2
-263793 2
-263880 2
-263883 2
-264018 2
-264020 2
-264025 2
-264105 2
-264108 2
-264110 2
-264115 2
-264118 2
-264165 2
-264168 2
-264175 2
-264178 2
-264210 2
-264213 2
-264220 2
-264223 2
-264245 2
-264248 2
-264250 2
-264253 2
-264255 2
-264258 2
-264265 2
-264268 2
-264300 2
-264303 2
-264310 2
-264313 2
-264410 2
-264455 2
-264458 2
-264480 2
-264483 2
-264485 2
-264528 2
-264538 2
-264570 2
-264573 2
-264575 2
-264578 2
-264580 2
-264583 2
-264605 2
-264608 2
-264720 2
-264730 2
-264733 2
-264825 2
-264828 2
-264835 2
-264838 2
-264960 2
-264963 2
-264970 2
-264973 2
-265050 2
-265053 2
-265055 2
-265058 2
-265070 2
-265073 2
-265145 2
-265148 2
-265205 2
-265208 2
-265250 2
-265253 2
-265275 2
-265278 2
-265280 2
-265283 2
-265565 2
-265568 2
-265953 2
-265955 2
-265958 2
-265960 2
-265963 2
-265980 2
-266045 2
-266048 2
-266180 2
-266183 2
-266220 2
-266223 2
-266225 2
-266228 2
-266285 2
-266288 2
-266655 2
-266658 2
-266665 2
-266668 2
-267320 2
-267323 2
-267330 2
-267333 2
-267340 2
-267343 2
-267375 2
-267378 2
-267380 2
-267383 2
-267385 2
-267388 2
-267395 2
-267398 2
-267565 2
-267568 2
-267650 2
-267653 2
-267658 2
-267805 2
-267808 2
-267870 2
-267873 2
-267900 2
-267903 2
-267905 2
-267908 2
-267910 2
-267913 2
-267955 2
-267958 2
-267990 2
-267993 2
-267995 2
-267998 2
-268000 2
-268003 2
-268110 2
-268113 2
-268115 2
-268118 2
-268170 2
-268173 2
-268185 2
-268188 2
-268190 2
-268193 2
-268230 2
-268665 2
-268668 2
-268675 2
-268678 2
-268800 2
-268803 2
-268810 2
-268813 2
-268893 2
-268900 2
-268903 2
-269008 2
-269125 2
-269128 2
-269130 2
-269133 2
-269140 2
-269143 2
-269190 2
-269193 2
-269200 2
-269203 2
-269330 2
-269333 2
-269355 2
-269358 2
-269365 2
-269370 2
-269373 2
-269430 2
-269435 2
-269438 2
-269480 2
-269483 2
-269520 2
-269523 2
-269530 2
-269533 2
-269570 2
-269573 2
-269675 2
-269678 2
-269790 2
-269793 2
-269800 2
-269803 2
-269865 2
-269868 2
-269870 2
-269873 2
-270018 2
-270255 2
-270258 2
-270263 2
-270503 2
-270510 2
-270513 2
-270518 2
-270520 2
-270523 2
-270575 2
-270578 2
-270735 2
-270738 2
-270740 2
-270743 2
-270745 2
-270748 2
-270815 2
-270818 2
-271290 2
-271293 2
-271300 2
-271303 2
-271920 2
-271923 2
-271930 2
-271933 2
-271965 2
-271968 2
-272010 2
-272013 2
-272015 2
-272018 2
-272023 2
-272093 2
-272103 2
-272120 2
-272123 2
-272125 2
-272128 2
-272175 2
-272178 2
-272180 2
-272183 2
-272215 2
-272218 2
-272253 2
-272400 2
-272403 2
-272410 2
-272413 2
-272415 2
-272418 2
-272455 2
-272530 2
-272533 2
-272730 2
-272733 2
-272740 2
-272743 2
-272750 2
-272753 2
-272755 2
-272758 2
-272800 2
-272803 2
-272845 2
-272848 2
-272963 2
-272970 2
-272973 2
-272988 2
-272995 2
-272998 2
-273035 2
-273070 2
-273073 2
-273080 2
-273083 2
-273085 2
-273088 2
-273120 2
-273123 2
-273130 2
-273133 2
-273155 2
-273158 2
-273320 2
-273323 2
-273360 2
-273363 2
-273370 2
-273373 2
-273440 2
-273443 2
-273460 2
-273470 2
-273473 2
-273515 2
-273518 2
-273530 2
-273533 2
-273560 2
-273600 2
-273680 2
-273683 2
-273890 2
-273893 2
-274005 2
-274008 2
-274010 2
-274013 2
-274015 2
-274018 2
-274055 2
-274058 2
-274275 2
-274278 2
-274515 2
-274525 2
-274528 2
-274595 2
-274598 2
-274640 2
-274643 2
-274760 2
-274995 2
-274998 2
-275005 2
-275075 2
-275078 2
-275400 2
-275410 2
-275413 2
-275605 2
-275635 2
-275638 2
-275640 2
-275643 2
-275845 2
-275865 2
-275868 2
-275875 2
-275878 2
-275880 2
-275883 2
-275890 2
-275893 2
-276085 2
-276088 2
-276105 2
-276108 2
-276115 2
-276118 2
-276120 2
-276123 2
-276125 2
-276128 2
-276130 2
-276345 2
-276348 2
-276353 2
-276355 2
-276358 2
-276890 2
-276893 2
-276990 2
-276993 2
-276995 2
-276998 2
-277113 2
-277115 2
-277118 2
-277230 2
-277233 2
-277455 2
-277458 2
-277465 2
-277468 2
-277470 2
-277473 2
-277475 2
-277478 2
-277480 2
-277483 2
-277610 2
-277613 2
-277705 2
-277708 2
-277715 2
-277718 2
-277935 2
-277938 2
-277940 2
-277943 2
-277950 2
-277953 2
-277958 2
-277960 2
-277963 2
-278225 2
-278228 2
-278235 2
-278238 2
-278240 2
-278243 2
-278245 2
-278248 2
-278345 2
-278348 2
-278475 2
-278478 2
-278485 2
-278488 2
-278958 2
-279065 2
-279068 2
-279290 2
-279293 2
-279305 2
-279308 2
-279310 2
-279313 2
-279415 2
-279418 2
-279500 2
-279503 2
-279518 2
-279573 2
-279575 2
-279578 2
-279580 2
-279590 2
-279593 2
-279600 2
-279603 2
-279610 2
-279613 2
-279875 2
-279878 2
-280080 2
-280230 2
-280233 2
-280240 2
-280243 2
-280320 2
-280323 2
-280330 2
-280333 2
-280440 2
-280443 2
-280450 2
-280453 2
-280470 2
-280473 2
-280480 2
-280483 2
-280513 2
-280540 2
-280543 2
-280560 2
-280573 2
-280645 2
-280648 2
-280665 2
-280668 2
-280670 2
-280673 2
-280675 2
-280678 2
-280755 2
-280758 2
-280765 2
-280768 2
-280940 2
-280943 2
-281010 2
-281013 2
-281250 2
-281253 2
-281255 2
-281258 2
-281260 2
-281263 2
-281310 2
-281313 2
-281320 2
-281323 2
-281415 2
-281418 2
-281490 2
-281493 2
-281550 2
-281553 2
-281560 2
-281563 2
-281595 2
-281598 2
-281600 2
-281655 2
-281658 2
-281660 2
-281663 2
-281685 2
-281688 2
-281690 2
-281693 2
-281730 2
-281733 2
-281815 2
-281818 2
-281840 2
-281843 2
-281845 2
-281848 2
-281900 2
-281903 2
-281955 2
-281958 2
-282018 2
-282030 2
-282033 2
-282040 2
-282043 2
-282080 2
-282083 2
-282130 2
-282133 2
-282148 2
-282150 2
-282153 2
-282158 2
-282160 2
-282163 2
-282653 2
-282700 2
-282703 2
-282735 2
-282738 2
-282745 2
-282748 2
-282975 2
-282978 2
-283225 2
-283265 2
-283268 2
-283310 2
-283313 2
-283415 2
-283418 2
-283505 2
-283555 2
-283558 2
-283625 2
-283628 2
-283785 2
-283788 2
-283795 2
-283865 2
-283868 2
-283875 2
-283878 2
-283885 2
-283888 2
-283925 2
-283928 2
-283930 2
-283933 2
-283945 2
-283948 2
-283950 2
-283953 2
-283960 2
-283963 2
-283995 2
-283998 2
-284005 2
-284008 2
-284040 2
-284043 2
-284045 2
-284048 2
-284050 2
-284053 2
-284065 2
-284068 2
-284085 2
-284088 2
-284105 2
-284108 2
-284175 2
-284178 2
-284190 2
-284193 2
-284195 2
-284198 2
-284200 2
-284203 2
-284245 2
-284248 2
-284270 2
-284273 2
-284280 2
-284283 2
-284285 2
-284288 2
-284330 2
-284333 2
-284420 2
-284423 2
-284430 2
-284433 2
-284435 2
-284438 2
-284535 2
-284538 2
-284545 2
-284548 2
-284775 2
-284778 2
-284785 2
-284788 2
-284970 2
-284973 2
-284975 2
-284978 2
-284980 2
-284983 2
-285035 2
-285038 2
-285130 2
-285133 2
-285170 2
-285173 2
-285195 2
-285198 2
-285205 2
-285208 2
-285220 2
-285223 2
-285260 2
-285263 2
-285265 2
-285335 2
-285338 2
-285350 2
-285353 2
-285473 2
-285535 2
-285538 2
-285570 2
-285573 2
-285580 2
-285590 2
-285593 2
-285765 2
-285768 2
-285775 2
-285778 2
-286010 2
-286013 2
-286245 2
-286248 2
-286250 2
-286253 2
-286390 2
-286393 2
-286558 2
-286565 2
-286568 2
-286585 2
-286588 2
-286625 2
-286628 2
-286710 2
-286713 2
-286755 2
-286758 2
-286765 2
-286768 2
-286845 2
-286848 2
-286855 2
-286858 2
-286868 2
-286890 2
-286893 2
-286895 2
-286900 2
-286903 2
-287105 2
-287225 2
-287228 2
-287630 2
-287633 2
-287750 2
-287753 2
-288815 2
-288818 2
-289043 2
-289095 2
-289098 2
-289100 2
-289103 2
-289105 2
-289108 2
-289905 2
-289908 2
-289938 2
-289940 2
-289945 2
-289948 2
-289990 2
-289993 2
-290010 2
-290013 2
-290020 2
-290023 2
-290100 2
-290103 2
-290105 2
-290108 2
-290110 2
-290113 2
-290145 2
-290148 2
-290155 2
-290158 2
-290180 2
-290183 2
-290190 2
-290193 2
-290200 2
-290203 2
-290230 2
-290233 2
-290235 2
-290238 2
-290245 2
-290248 2
-290260 2
-290263 2
-290270 2
-290273 2
-290275 2
-290278 2
-290280 2
-290283 2
-290285 2
-290288 2
-290290 2
-290293 2
-290335 2
-290338 2
-290690 2
-290693 2
-290850 2
-290853 2
-290860 2
-290863 2
-290935 2
-290938 2
-291095 2
-291098 2
-291165 2
-291168 2
-291265 2
-291268 2
-291283 2
-291440 2
-291443 2
-291495 2
-291498 2
-291505 2
-291508 2
-291510 2
-291513 2
-291515 2
-291518 2
-291520 2
-291523 2
-291598 2
-291680 2
-291683 2
-291685 2
-291688 2
-292025 2
-292028 2
-292110 2
-292113 2
-292115 2
-292118 2
-292130 2
-292133 2
-292265 2
-292268 2
-292505 2
-292508 2
-292645 2
-292648 2
-292670 2
-292673 2
-292725 2
-292728 2
-292875 2
-292878 2
-292880 2
-292883 2
-292885 2
-292888 2
-292910 2
-292913 2
-293125 2
-293128 2
-293210 2
-293213 2
-293240 2
-293243 2
-293250 2
-293253 2
-293300 2
-293303 2
-293320 2
-293323 2
-293380 2
-293383 2
-293465 2
-293468 2
-293625 2
-293628 2
-293635 2
-293638 2
-293800 2
-293803 2
-293870 2
-293873 2
-294035 2
-294038 2
-294105 2
-294108 2
-294110 2
-294113 2
-294348 2
-294355 2
-294358 2
-294575 2
-294578 2
-294758 2
-294805 2
-294808 2
-294815 2
-294985 2
-294995 2
-294998 2
-295060 2
-295063 2
-295125 2
-295128 2
-295215 2
-295218 2
-295225 2
-295228 2
-295300 2
-295305 2
-295308 2
-295310 2
-295313 2
-295475 2
-295478 2
-295540 2
-295543 2
-295780 2
-295783 2
-295785 2
-295788 2
-295790 2
-295793 2
-295795 2
-295798 2
-295955 2
-295958 2
-296015 2
-296018 2
-296025 2
-296028 2
-296030 2
-296033 2
-296035 2
-296340 2
-296353 2
-296490 2
-296493 2
-296495 2
-296498 2
-296500 2
-296503 2
-296820 2
-296823 2
-296825 2
-296828 2
-296970 2
-296973 2
-297125 2
-297130 2
-297133 2
-297185 2
-297188 2
-297290 2
-297293 2
-297345 2
-297350 2
-297353 2
-297355 2
-297358 2
-297370 2
-297373 2
-297375 2
-297378 2
-297380 2
-297390 2
-297393 2
-297395 2
-297403 2
-297435 2
-297438 2
-297440 2
-297443 2
-297445 2
-297448 2
-297525 2
-297528 2
-297530 2
-297533 2
-297535 2
-297538 2
-297620 2
-297623 2
-297675 2
-297678 2
-297680 2
-297683 2
-297685 2
-297688 2
-297835 2
-297838 2
-298160 2
-298163 2
-298440 2
-298443 2
-298450 2
-298453 2
-298485 2
-298488 2
-298495 2
-298498 2
-298530 2
-298533 2
-298540 2
-298543 2
-298620 2
-298623 2
-298630 2
-298633 2
-298635 2
-298638 2
-298645 2
-298648 2
-298665 2
-298668 2
-298680 2
-298683 2
-298685 2
-298688 2
-298745 2
-298748 2
-298875 2
-298878 2
-298935 2
-298938 2
-298945 2
-298948 2
-299420 2
-299423 2
-299425 2
-299428 2
-299515 2
-299518 2
-299795 2
-299798 2
-299985 2
-299988 2
-299995 2
-299998 2
-300020 2
-300023 2
-300228 2
-300375 2
-300378 2
-300380 2
-300383 2
-300615 2
-300618 2
-300845 2
-300848 2
-300868 2
-301330 2
-301333 2
-301560 2
-301563 2
-301820 2
-301823 2
-301848 2
-301850 2
-301853 2
-301855 2
-301858 2
-302045 2
-302048 2
-302060 2
-302063 2
-302165 2
-302168 2
-302225 2
-302228 2
-302325 2
-302328 2
-302335 2
-302338 2
-302375 2
-302378 2
-302505 2
-302508 2
-302510 2
-302513 2
-302515 2
-302518 2
-302550 2
-302553 2
-302560 2
-302563 2
-302580 2
-302583 2
-302585 2
-302588 2
-302595 2
-302598 2
-302605 2
-302608 2
-302745 2
-302748 2
-302755 2
-302758 2
-302925 2
-302928 2
-302930 2
-302933 2
-302935 2
-302938 2
-303070 2
-303073 2
-303075 2
-303200 2
-303203 2
-303210 2
-303213 2
-303270 2
-303273 2
-303480 2
-303483 2
-303485 2
-303488 2
-303490 2
-303493 2
-303550 2
-303570 2
-303573 2
-303575 2
-303578 2
-303580 2
-303583 2
-303680 2
-303683 2
-303688 2
-303705 2
-303708 2
-303715 2
-303718 2
-303725 2
-303728 2
-303733 2
-303770 2
-303773 2
-303870 2
-303873 2
-303880 2
-303883 2
-303915 2
-303918 2
-303928 2
-303950 2
-303953 2
-303955 2
-303958 2
-304040 2
-304043 2
-304133 2
-304280 2
-304295 2
-304298 2
-304300 2
-304303 2
-304430 2
-304433 2
-304520 2
-304523 2
-304605 2
-304608 2
-304665 2
-304668 2
-304740 2
-304743 2
-304748 2
-304750 2
-304753 2
-304813 2
-304920 2
-304923 2
-304930 2
-304933 2
-305025 2
-305028 2
-305038 2
-305415 2
-305418 2
-305420 2
-305423 2
-305425 2
-305428 2
-305450 2
-305453 2
-305508 2
-305640 2
-305643 2
-305650 2
-305653 2
-305663 2
-305685 2
-305688 2
-305690 2
-305693 2
-305695 2
-305698 2
-305880 2
-305890 2
-305893 2
-306125 2
-306128 2
-306790 2
-306793 2
-306800 2
-306803 2
-306840 2
-306843 2
-306850 2
-306853 2
-306855 2
-306858 2
-306865 2
-306868 2
-307110 2
-307113 2
-307115 2
-307118 2
-307335 2
-307338 2
-307340 2
-307343 2
-307345 2
-307348 2
-307365 2
-307368 2
-307373 2
-307375 2
-307378 2
-307455 2
-307460 2
-307463 2
-307465 2
-307468 2
-307580 2
-307583 2
-307640 2
-307643 2
-307650 2
-307653 2
-307655 2
-307658 2
-307660 2
-307663 2
-308135 2
-308138 2
-308140 2
-308143 2
-308225 2
-308230 2
-308233 2
-308268 2
-308270 2
-308273 2
-308363 2
-308425 2
-308428 2
-308560 2
-308585 2
-308590 2
-308593 2
-308600 2
-308603 2
-308660 2
-308663 2
-308790 2
-308793 2
-308828 2
-308895 2
-308898 2
-308900 2
-308903 2
-308905 2
-308908 2
-308990 2
-308993 2
-309030 2
-309033 2
-309040 2
-309043 2
-309135 2
-309138 2
-309145 2
-309148 2
-309250 2
-309253 2
-309255 2
-309258 2
-309260 2
-309263 2
-309265 2
-309268 2
-309335 2
-309338 2
-309485 2
-309700 2
-309703 2
-309720 2
-309723 2
-309725 2
-309728 2
-309965 2
-309980 2
-309983 2
-310200 2
-310203 2
-310205 2
-310208 2
-310245 2
-310255 2
-310258 2
-310275 2
-310278 2
-310285 2
-310288 2
-310345 2
-310515 2
-310518 2
-310525 2
-310528 2
-310760 2
-311315 2
-311318 2
-311323 2
-311390 2
-311393 2
-311435 2
-311438 2
-311480 2
-311483 2
-311573 2
-311585 2
-311588 2
-311645 2
-311670 2
-311673 2
-311678 2
-311680 2
-311683 2
-311870 2
-311873 2
-311875 2
-311885 2
-311888 2
-311890 2
-311893 2
-311915 2
-311918 2
-311995 2
-311998 2
-312173 2
-312200 2
-312203 2
-312210 2
-312213 2
-312220 2
-312223 2
-312265 2
-312268 2
-312300 2
-312303 2
-312310 2
-312313 2
-312435 2
-312438 2
-312440 2
-312443 2
-312445 2
-312448 2
-312498 2
-312543 2
-312590 2
-312593 2
-312615 2
-312618 2
-312628 2
-312923 2
-312930 2
-312933 2
-312940 2
-312943 2
-312975 2
-312978 2
-312985 2
-312988 2
-313020 2
-313023 2
-313030 2
-313033 2
-313095 2
-313105 2
-313108 2
-313140 2
-313143 2
-313470 2
-313473 2
-313475 2
-313478 2
-313480 2
-313483 2
-313500 2
-313510 2
-313513 2
-313515 2
-313518 2
-313745 2
-313748 2
-313750 2
-313753 2
-313755 2
-313758 2
-313765 2
-313768 2
-313985 2
-313988 2
-313990 2
-313993 2
-314538 2
-314870 2
-314873 2
-314875 2
-314878 2
-315095 2
-315098 2
-315105 2
-315108 2
-315110 2
-315113 2
-315115 2
-315118 2
-315335 2
-315350 2
-315353 2
-315575 2
-315578 2
-315585 2
-315588 2
-315590 2
-316350 2
-316353 2
-316455 2
-316458 2
-316460 2
-316463 2
-316465 2
-316468 2
-316575 2
-316578 2
-316585 2
-316588 2
-316700 2
-316703 2
-316925 2
-316928 2
-316935 2
-316938 2
-316940 2
-316943 2
-317070 2
-317073 2
-317080 2
-317083 2
-317175 2
-317178 2
-317185 2
-317188 2
-317400 2
-317403 2
-317410 2
-317413 2
-317420 2
-317423 2
-317705 2
-317708 2
-317818 2
-317945 2
-317948 2
-317950 2
-317953 2
-318525 2
-318528 2
-318535 2
-318538 2
-318753 2
-318760 2
-318765 2
-318768 2
-318770 2
-318773 2
-318775 2
-318778 2
-318960 2
-318963 2
-318970 2
-318973 2
-319035 2
-319040 2
-319043 2
-319045 2
-319048 2
-319050 2
-319053 2
-319060 2
-319063 2
-319070 2
-319073 2
-319550 2
-319695 2
-319698 2
-319700 2
-319703 2
-319705 2
-319708 2
-319790 2
-319793 2
-319895 2
-319898 2
-319910 2
-319913 2
-319920 2
-319923 2
-319930 2
-319933 2
-319940 2
-319943 2
-320080 2
-320083 2
-320125 2
-320130 2
-320135 2
-320138 2
-320140 2
-320143 2
-320145 2
-320148 2
-320155 2
-320158 2
-320225 2
-320228 2
-320245 2
-320248 2
-320403 2
-320475 2
-320478 2
-320480 2
-320483 2
-320485 2
-320488 2
-320715 2
-320718 2
-320720 2
-320723 2
-320780 2
-320783 2
-320885 2
-320960 2
-320963 2
-321020 2
-321023 2
-321025 2
-321060 2
-321063 2
-321065 2
-321068 2
-321070 2
-321073 2
-321120 2
-321123 2
-321125 2
-321128 2
-321130 2
-321133 2
-321150 2
-321153 2
-321155 2
-321158 2
-321160 2
-321163 2
-321203 2
-321205 2
-321208 2
-321255 2
-321258 2
-321265 2
-321268 2
-321300 2
-321303 2
-321310 2
-321313 2
-321360 2
-321363 2
-321370 2
-321373 2
-321425 2
-321428 2
-321500 2
-321503 2
-321540 2
-321543 2
-321550 2
-321553 2
-321615 2
-321618 2
-321620 2
-321623 2
-321625 2
-321628 2
-322160 2
-322163 2
-322205 2
-322208 2
-322245 2
-322248 2
-322255 2
-322258 2
-322300 2
-322303 2
-322350 2
-322353 2
-322360 2
-322363 2
-322445 2
-322448 2
-322485 2
-322495 2
-322498 2
-322635 2
-322638 2
-322645 2
-322648 2
-322685 2
-322688 2
-322725 2
-322728 2
-322735 2
-322738 2
-322770 2
-322773 2
-322783 2
-322885 2
-322888 2
-322930 2
-322950 2
-322953 2
-322960 2
-322963 2
-322965 2
-322968 2
-322975 2
-322978 2
-323088 2
-323095 2
-323098 2
-323145 2
-323148 2
-323155 2
-323158 2
-323255 2
-323258 2
-323315 2
-323318 2
-323325 2
-323328 2
-323335 2
-323338 2
-323345 2
-323348 2
-323423 2
-323425 2
-323428 2
-323505 2
-323508 2
-323510 2
-323513 2
-323515 2
-323518 2
-323550 2
-323553 2
-323555 2
-323558 2
-323560 2
-323563 2
-323640 2
-323643 2
-323645 2
-323648 2
-323650 2
-323653 2
-323655 2
-323658 2
-323660 2
-323730 2
-323733 2
-323750 2
-323753 2
-323795 2
-323798 2
-323880 2
-323883 2
-323885 2
-323888 2
-323890 2
-323893 2
-323895 2
-323898 2
-323900 2
-323903 2
-323908 2
-324005 2
-324008 2
-324240 2
-324245 2
-324248 2
-324250 2
-324253 2
-324435 2
-324438 2
-324445 2
-324448 2
-324585 2
-324588 2
-324595 2
-324598 2
-324665 2
-324668 2
-324720 2
-324723 2
-324728 2
-324730 2
-324733 2
-324795 2
-324798 2
-324805 2
-324808 2
-324810 2
-324813 2
-324820 2
-324823 2
-325035 2
-325038 2
-325045 2
-325048 2
-325050 2
-325053 2
-325235 2
-325238 2
-325240 2
-325243 2
-325710 2
-325713 2
-325718 2
-325720 2
-325723 2
-325850 2
-325853 2
-325855 2
-325858 2
-326085 2
-326088 2
-326095 2
-326098 2
-326175 2
-326178 2
-326180 2
-326183 2
-326185 2
-326188 2
-326225 2
-326228 2
-326315 2
-326318 2
-326320 2
-326355 2
-326358 2
-326360 2
-326363 2
-326365 2
-326368 2
-326685 2
-326688 2
-326695 2
-326698 2
-326850 2
-326853 2
-326860 2
-326863 2
-326925 2
-326928 2
-326935 2
-326938 2
-327090 2
-327093 2
-327100 2
-327103 2
-327213 2
-328275 2
-328278 2
-328285 2
-328288 2
-328390 2
-328393 2
-328560 2
-328563 2
-328565 2
-328568 2
-328570 2
-328573 2
-329400 2
-329403 2
-329410 2
-329413 2
-329480 2
-329483 2
-329565 2
-329568 2
-329570 2
-329573 2
-329575 2
-329578 2
-329615 2
-329618 2
-329640 2
-329643 2
-329660 2
-329663 2
-329665 2
-329668 2
-329705 2
-329708 2
-329710 2
-329725 2
-329728 2
-329730 2
-329740 2
-329743 2
-329745 2
-329748 2
-329750 2
-329753 2
-329755 2
-329758 2
-329818 2
-330150 2
-330153 2
-330160 2
-330163 2
-330315 2
-330318 2
-330320 2
-330323 2
-330325 2
-330328 2
-330400 2
-330403 2
-330635 2
-330638 2
-330640 2
-330683 2
-330720 2
-330723 2
-330730 2
-330733 2
-330735 2
-330738 2
-330740 2
-330743 2
-330745 2
-330795 2
-330798 2
-330805 2
-330808 2
-330908 2
-330965 2
-330968 2
-330975 2
-330978 2
-330980 2
-330983 2
-330985 2
-330988 2
-331143 2
-331150 2
-331153 2
-331485 2
-331488 2
-331575 2
-331578 2
-331585 2
-331588 2
-331725 2
-331728 2
-331795 2
-331798 2
-331968 2
-332130 2
-332133 2
-332140 2
-332143 2
-332195 2
-332198 2
-332345 2
-332348 2
-332350 2
-332438 2
-332565 2
-332568 2
-332575 2
-332670 2
-332673 2
-332680 2
-332683 2
-332720 2
-332723 2
-332965 2
-333205 2
-333208 2
-333255 2
-333258 2
-333265 2
-333268 2
-333330 2
-333333 2
-333340 2
-333343 2
-333495 2
-333498 2
-333505 2
-333508 2
-333570 2
-333573 2
-333575 2
-333578 2
-333580 2
-333583 2
-333815 2
-333818 2
-333820 2
-333823 2
-334035 2
-334038 2
-334275 2
-334278 2
-334285 2
-334288 2
-334455 2
-334458 2
-334468 2
-334525 2
-334528 2
-334595 2
-334598 2
-334665 2
-334668 2
-334675 2
-334678 2
-334755 2
-334758 2
-334765 2
-334768 2
-334770 2
-334773 2
-334775 2
-334778 2
-334780 2
-334783 2
-334995 2
-335005 2
-335008 2
-335010 2
-335013 2
-335255 2
-335258 2
-335475 2
-335478 2
-335485 2
-335488 2
-335495 2
-335498 2
-335810 2
-335813 2
-335815 2
-335818 2
-335955 2
-335958 2
-335960 2
-335963 2
-335965 2
-335968 2
-336285 2
-336288 2
-336290 2
-336293 2
-336295 2
-336298 2
-336440 2
-336443 2
-336595 2
-336598 2
-336645 2
-336648 2
-336750 2
-336753 2
-336760 2
-336763 2
-336810 2
-336813 2
-336815 2
-336818 2
-336840 2
-336843 2
-336845 2
-336848 2
-336850 2
-336853 2
-336855 2
-336858 2
-336860 2
-336863 2
-336865 2
-336868 2
-336900 2
-336903 2
-336905 2
-336908 2
-336910 2
-336913 2
-336998 2
-337080 2
-337083 2
-337143 2
-337145 2
-337148 2
-337150 2
-337153 2
-337275 2
-337285 2
-337288 2
-337295 2
-337298 2
-337320 2
-337323 2
-337330 2
-337333 2
-337620 2
-337623 2
-337630 2
-337633 2
-337910 2
-337913 2
-337955 2
-337958 2
-337995 2
-337998 2
-338000 2
-338003 2
-338090 2
-338093 2
-338095 2
-338098 2
-338105 2
-338108 2
-338130 2
-338133 2
-338135 2
-338138 2
-338140 2
-338143 2
-338145 2
-338148 2
-338150 2
-338153 2
-338205 2
-338208 2
-338218 2
-338290 2
-338293 2
-338345 2
-338348 2
-338370 2
-338373 2
-338380 2
-338383 2
-338405 2
-338408 2
-338880 2
-338883 2
-338890 2
-338893 2
-338925 2
-338928 2
-338935 2
-338978 2
-339255 2
-339258 2
-339265 2
-339268 2
-339455 2
-339458 2
-339480 2
-339483 2
-339490 2
-339493 2
-339630 2
-339633 2
-339640 2
-339643 2
-339800 2
-339803 2
-339840 2
-339843 2
-339845 2
-339848 2
-339850 2
-339853 2
-340070 2
-340073 2
-340088 2
-340090 2
-340093 2
-340305 2
-340308 2
-340310 2
-340313 2
-340315 2
-340318 2
-340793 2
-340795 2
-341260 2
-341280 2
-341283 2
-341290 2
-341293 2
-341310 2
-341313 2
-341315 2
-341318 2
-341320 2
-341323 2
-341505 2
-341508 2
-341515 2
-341518 2
-341520 2
-341523 2
-341530 2
-341533 2
-341625 2
-341628 2
-341635 2
-341638 2
-341770 2
-341773 2
-341790 2
-341793 2
-341795 2
-341798 2
-341800 2
-341803 2
-341910 2
-341913 2
-341920 2
-341923 2
-341970 2
-341973 2
-341975 2
-341978 2
-342045 2
-342048 2
-342055 2
-342058 2
-342065 2
-342068 2
-342070 2
-342073 2
-342105 2
-342108 2
-342115 2
-342118 2
-342150 2
-342153 2
-342155 2
-342220 2
-342390 2
-342393 2
-342395 2
-342398 2
-342400 2
-342403 2
-342545 2
-342548 2
-342660 2
-342663 2
-342670 2
-342673 2
-342680 2
-342683 2
-342685 2
-342688 2
-342735 2
-342950 2
-342953 2
-342955 2
-342958 2
-343005 2
-343010 2
-343013 2
-343035 2
-343038 2
-343040 2
-343043 2
-343045 2
-343048 2
-343098 2
-343100 2
-343105 2
-343108 2
-343115 2
-343150 2
-343153 2
-343170 2
-343173 2
-343178 2
-343180 2
-343183 2
-343185 2
-343188 2
-343193 2
-343195 2
-343198 2
-343230 2
-343233 2
-343235 2
-343238 2
-343240 2
-343243 2
-343340 2
-343343 2
-343410 2
-343413 2
-343415 2
-343418 2
-343420 2
-343423 2
-343485 2
-343500 2
-343503 2
-343510 2
-343513 2
-343590 2
-343593 2
-343603 2
-343660 2
-343663 2
-343740 2
-343743 2
-343745 2
-343748 2
-343750 2
-343753 2
-343755 2
-343758 2
-343760 2
-343763 2
-343765 2
-343768 2
-343890 2
-343893 2
-343900 2
-343903 2
-343980 2
-343983 2
-343990 2
-343993 2
-343995 2
-343998 2
-344205 2
-344208 2
-344210 2
-344213 2
-344390 2
-344393 2
-344395 2
-344495 2
-344498 2
-344500 2
-344503 2
-344885 2
-344888 2
-344890 2
-344893 2
-344910 2
-344913 2
-345110 2
-345113 2
-345125 2
-345150 2
-345160 2
-345163 2
-345350 2
-345353 2
-345585 2
-345588 2
-345590 2
-345595 2
-345598 2
-345720 2
-345723 2
-345725 2
-345728 2
-345730 2
-345733 2
-346245 2
-346248 2
-346250 2
-346253 2
-346255 2
-346258 2
-346260 2
-346263 2
-346265 2
-346268 2
-346270 2
-346273 2
-346305 2
-346308 2
-346310 2
-346313 2
-346325 2
-346328 2
-346580 2
-346583 2
-346600 2
-346603 2
-346725 2
-346728 2
-346735 2
-346738 2
-346800 2
-346803 2
-346805 2
-346808 2
-346810 2
-346830 2
-346833 2
-346835 2
-346838 2
-346840 2
-346843 2
-346885 2
-346888 2
-346920 2
-346925 2
-346928 2
-347040 2
-347100 2
-347103 2
-347115 2
-347118 2
-347120 2
-347123 2
-347125 2
-347595 2
-347598 2
-347605 2
-347608 2
-347690 2
-347693 2
-347695 2
-347730 2
-347733 2
-347740 2
-347743 2
-347820 2
-347823 2
-347830 2
-347833 2
-347885 2
-347888 2
-348020 2
-348050 2
-348053 2
-348060 2
-348063 2
-348070 2
-348073 2
-348120 2
-348123 2
-348130 2
-348133 2
-348285 2
-348288 2
-348295 2
-348298 2
-348360 2
-348363 2
-348368 2
-348370 2
-348373 2
-348450 2
-348453 2
-348460 2
-348463 2
-348635 2
-348638 2
-348720 2
-348723 2
-348730 2
-348733 2
-348795 2
-348798 2
-349160 2
-349163 2
-349185 2
-349188 2
-349195 2
-349198 2
-349440 2
-349443 2
-349450 2
-349453 2
-349665 2
-349668 2
-349675 2
-349678 2
-349715 2
-349718 2
-349740 2
-349748 2
-349805 2
-349808 2
-349985 2
-349988 2
-350233 2
-350850 2
-350853 2
-350860 2
-350863 2
-351030 2
-351033 2
-351040 2
-351043 2
-351045 2
-351048 2
-351135 2
-351138 2
-351140 2
-351143 2
-351145 2
-351148 2
-351213 2
-351220 2
-351223 2
-351330 2
-351333 2
-351335 2
-351338 2
-351340 2
-351343 2
-351375 2
-351378 2
-351385 2
-351388 2
-351455 2
-351458 2
-351615 2
-351618 2
-351625 2
-351628 2
-351630 2
-351633 2
-351640 2
-351643 2
-351660 2
-351663 2
-351665 2
-351670 2
-351673 2
-351680 2
-351683 2
-351725 2
-351728 2
-351770 2
-351773 2
-351815 2
-351818 2
-351820 2
-351823 2
-351900 2
-351903 2
-351905 2
-351908 2
-351915 2
-351918 2
-351920 2
-351923 2
-352050 2
-352053 2
-352060 2
-352063 2
-352088 2
-352145 2
-352293 2
-352300 2
-352303 2
-352380 2
-352383 2
-352388 2
-352390 2
-352393 2
-352400 2
-352403 2
-352445 2
-352448 2
-352490 2
-352493 2
-352530 2
-352533 2
-352540 2
-352543 2
-352565 2
-352568 2
-352935 2
-352938 2
-352943 2
-352948 2
-352965 2
-352968 2
-352970 2
-352973 2
-352975 2
-352978 2
-353205 2
-353208 2
-353210 2
-353213 2
-353215 2
-353218 2
-353445 2
-353448 2
-353450 2
-353453 2
-353455 2
-353458 2
-354000 2
-354003 2
-354010 2
-354013 2
-354330 2
-354333 2
-354335 2
-354338 2
-354340 2
-354343 2
-354555 2
-354558 2
-354565 2
-354570 2
-354573 2
-354575 2
-354578 2
-354580 2
-354583 2
-354810 2
-354813 2
-355015 2
-355018 2
-355050 2
-355053 2
-355060 2
-355063 2
-355515 2
-355518 2
-355520 2
-355523 2
-355925 2
-355928 2
-356040 2
-356043 2
-356048 2
-356160 2
-356385 2
-356388 2
-356395 2
-356398 2
-356400 2
-356403 2
-356410 2
-356413 2
-356540 2
-356543 2
-356548 2
-356630 2
-356638 2
-356645 2
-356648 2
-356848 2
-356870 2
-356873 2
-356880 2
-356883 2
-356890 2
-356893 2
-357165 2
-357168 2
-357178 2
-357405 2
-357408 2
-357410 2
-357413 2
-357415 2
-357418 2
-357655 2
-357658 2
-357885 2
-357888 2
-357995 2
-357998 2
-358000 2
-358003 2
-358223 2
-358230 2
-358233 2
-358235 2
-358238 2
-358338 2
-358345 2
-358348 2
-358425 2
-358428 2
-358430 2
-358433 2
-358435 2
-358438 2
-358500 2
-358503 2
-358530 2
-358533 2
-358540 2
-358543 2
-358670 2
-358673 2
-359160 2
-359163 2
-359165 2
-359168 2
-359170 2
-359173 2
-359250 2
-359253 2
-359255 2
-359260 2
-359263 2
-359355 2
-359358 2
-359365 2
-359368 2
-359375 2
-359378 2
-359383 2
-359390 2
-359393 2
-359400 2
-359403 2
-359410 2
-359413 2
-359490 2
-359493 2
-359500 2
-359540 2
-359543 2
-359568 2
-359570 2
-359585 2
-359588 2
-359590 2
-359593 2
-359595 2
-359600 2
-359603 2
-359615 2
-359618 2
-359623 2
-359685 2
-359688 2
-359690 2
-359693 2
-359705 2
-359708 2
-359710 2
-359713 2
-359868 2
-359940 2
-360420 2
-360423 2
-360480 2
-360483 2
-360485 2
-360488 2
-360490 2
-360493 2
-360525 2
-360528 2
-360530 2
-360533 2
-360535 2
-360538 2
-360585 2
-360588 2
-360615 2
-360618 2
-360620 2
-360623 2
-360625 2
-360628 2
-360665 2
-360668 2
-360725 2
-360728 2
-360745 2
-360748 2
-360768 2
-360770 2
-360773 2
-360775 2
-360778 2
-360830 2
-360833 2
-360885 2
-360888 2
-360895 2
-360898 2
-360960 2
-360963 2
-360970 2
-360973 2
-361080 2
-361083 2
-361085 2
-361088 2
-361090 2
-361093 2
-361275 2
-361278 2
-361620 2
-361623 2
-361630 2
-361633 2
-361665 2
-361668 2
-361675 2
-361678 2
-361715 2
-361718 2
-361760 2
-361763 2
-361905 2
-361908 2
-361915 2
-361918 2
-361955 2
-361958 2
-362105 2
-362108 2
-362145 2
-362148 2
-362155 2
-362158 2
-362195 2
-362198 2
-362240 2
-362243 2
-362348 2
-362390 2
-362393 2
-362395 2
-362398 2
-362420 2
-362423 2
-362435 2
-362438 2
-362615 2
-362618 2
-362715 2
-362718 2
-362725 2
-362728 2
-362740 2
-362743 2
-362780 2
-362783 2
-362785 2
-362788 2
-362805 2
-362808 2
-362810 2
-362813 2
-362815 2
-362818 2
-362878 2
-362880 2
-362883 2
-362885 2
-362888 2
-362890 2
-362893 2
-363015 2
-363018 2
-363020 2
-363023 2
-363025 2
-363028 2
-363105 2
-363108 2
-363110 2
-363113 2
-363115 2
-363118 2
-363125 2
-363128 2
-363170 2
-363178 2
-363345 2
-363348 2
-363350 2
-363353 2
-363360 2
-363363 2
-363370 2
-363373 2
-363465 2
-363468 2
-363470 2
-363705 2
-363708 2
-363710 2
-363713 2
-363905 2
-363908 2
-364050 2
-364053 2
-364055 2
-364058 2
-364060 2
-364063 2
-364105 2
-364108 2
-364125 2
-364128 2
-364135 2
-364138 2
-364153 2
-364185 2
-364188 2
-364190 2
-364193 2
-364195 2
-364198 2
-364240 2
-364243 2
-364265 2
-364268 2
-364280 2
-364283 2
-364465 2
-364468 2
-364505 2
-364508 2
-364523 2
-364695 2
-364698 2
-364700 2
-364703 2
-364705 2
-364708 2
-365175 2
-365178 2
-365310 2
-365313 2
-365315 2
-365318 2
-365320 2
-365323 2
-365555 2
-365558 2
-365640 2
-365643 2
-365645 2
-365648 2
-365650 2
-365653 2
-365775 2
-365778 2
-365785 2
-365788 2
-365820 2
-365823 2
-365825 2
-365828 2
-365830 2
-365833 2
-366155 2
-366158 2
-366320 2
-366323 2
-366395 2
-366398 2
-367745 2
-367748 2
-367880 2
-367883 2
-367885 2
-367888 2
-367965 2
-367968 2
-368025 2
-368028 2
-368033 2
-368035 2
-368038 2
-368865 2
-368868 2
-368870 2
-368873 2
-368875 2
-368878 2
-368940 2
-368943 2
-368950 2
-368953 2
-369030 2
-369033 2
-369035 2
-369038 2
-369040 2
-369043 2
-369075 2
-369078 2
-369080 2
-369083 2
-369088 2
-369105 2
-369108 2
-369113 2
-369115 2
-369120 2
-369123 2
-369125 2
-369128 2
-369130 2
-369133 2
-369150 2
-369153 2
-369160 2
-369163 2
-369165 2
-369168 2
-369170 2
-369173 2
-369175 2
-369178 2
-369185 2
-369188 2
-369195 2
-369200 2
-369203 2
-369208 2
-369210 2
-369213 2
-369215 2
-369218 2
-369220 2
-369223 2
-369265 2
-369268 2
-369620 2
-369623 2
-369630 2
-369633 2
-369640 2
-369643 2
-369780 2
-369783 2
-369785 2
-369788 2
-369790 2
-369793 2
-369855 2
-369858 2
-369860 2
-369863 2
-370095 2
-370098 2
-370100 2
-370103 2
-370105 2
-370108 2
-370140 2
-370143 2
-370150 2
-370153 2
-370190 2
-370193 2
-370200 2
-370203 2
-370205 2
-370208 2
-370210 2
-370213 2
-370265 2
-370268 2
-370365 2
-370368 2
-370375 2
-370378 2
-370425 2
-370428 2
-370435 2
-370438 2
-370440 2
-370443 2
-370445 2
-370448 2
-370450 2
-370453 2
-370605 2
-370608 2
-370610 2
-370613 2
-370615 2
-370618 2
-371015 2
-371040 2
-371043 2
-371045 2
-371048 2
-371050 2
-371053 2
-371255 2
-371258 2
-371568 2
-371575 2
-371578 2
-371600 2
-371603 2
-371655 2
-371658 2
-371805 2
-371808 2
-371815 2
-371818 2
-371895 2
-371898 2
-371905 2
-371908 2
-372035 2
-372038 2
-372140 2
-372143 2
-372180 2
-372183 2
-372270 2
-372273 2
-372275 2
-372280 2
-372283 2
-372395 2
-372398 2
-372555 2
-372558 2
-372668 2
-372723 2
-372725 2
-372728 2
-372730 2
-372733 2
-372795 2
-372798 2
-372800 2
-372803 2
-372805 2
-372808 2
-372965 2
-372968 2
-373035 2
-373038 2
-373043 2
-373275 2
-373278 2
-373280 2
-373283 2
-373285 2
-373288 2
-373735 2
-373738 2
-373745 2
-373748 2
-373750 2
-373753 2
-373905 2
-373908 2
-373915 2
-373918 2
-373923 2
-373985 2
-374135 2
-374138 2
-374223 2
-374225 2
-374228 2
-374230 2
-374233 2
-374235 2
-374238 2
-374240 2
-374243 2
-374245 2
-374248 2
-374465 2
-374468 2
-374715 2
-374718 2
-374725 2
-374728 2
-374940 2
-374943 2
-374950 2
-374953 2
-374955 2
-374958 2
-374965 2
-374968 2
-375270 2
-375273 2
-375275 2
-375278 2
-375280 2
-375283 2
-375420 2
-375423 2
-375425 2
-375428 2
-375430 2
-375433 2
-375750 2
-375753 2
-376055 2
-376058 2
-376220 2
-376223 2
-376275 2
-376278 2
-376285 2
-376288 2
-376305 2
-376308 2
-376313 2
-376315 2
-376318 2
-376325 2
-376328 2
-376330 2
-376365 2
-376368 2
-376375 2
-376378 2
-376468 2
-376605 2
-376608 2
-376610 2
-376613 2
-376615 2
-376618 2
-376745 2
-376748 2
-376790 2
-376793 2
-377090 2
-377093 2
-377370 2
-377373 2
-377380 2
-377383 2
-377415 2
-377418 2
-377425 2
-377428 2
-377473 2
-377550 2
-377553 2
-377555 2
-377558 2
-377560 2
-377563 2
-377565 2
-377568 2
-377575 2
-377578 2
-377595 2
-377598 2
-377600 2
-377603 2
-377605 2
-377608 2
-377610 2
-377678 2
-377745 2
-377748 2
-377750 2
-377753 2
-377755 2
-377758 2
-377805 2
-377808 2
-377815 2
-377845 2
-377848 2
-377865 2
-377868 2
-377875 2
-377878 2
-378345 2
-378350 2
-378353 2
-378355 2
-378358 2
-378395 2
-378398 2
-378435 2
-378438 2
-378725 2
-378728 2
-378730 2
-378733 2
-378920 2
-378923 2
-378925 2
-378928 2
-378950 2
-378953 2
-379100 2
-379103 2
-379260 2
-379263 2
-379305 2
-379308 2
-379410 2
-379413 2
-379420 2
-379423 2
-379545 2
-379548 2
-379550 2
-379553 2
-379555 2
-379558 2
-379775 2
-379778 2
-379780 2
-379783 2
-380250 2
-380253 2
-380255 2
-380260 2
-380263 2
-380720 2
-380723 2
-380753 2
-380775 2
-380778 2
-380780 2
-380783 2
-380785 2
-380788 2
-380845 2
-380848 2
-380880 2
-380883 2
-380890 2
-380893 2
-380975 2
-380978 2
-380985 2
-380988 2
-380993 2
-381095 2
-381098 2
-381230 2
-381233 2
-381255 2
-381258 2
-381260 2
-381263 2
-381265 2
-381268 2
-381380 2
-381383 2
-381435 2
-381438 2
-381445 2
-381448 2
-381485 2
-381488 2
-381490 2
-381493 2
-381510 2
-381513 2
-381515 2
-381518 2
-381520 2
-381523 2
-381525 2
-381528 2
-381530 2
-381533 2
-381535 2
-381538 2
-381570 2
-381575 2
-381578 2
-381680 2
-381683 2
-381778 2
-381855 2
-381858 2
-381860 2
-381863 2
-381865 2
-381868 2
-381990 2
-381993 2
-381995 2
-382000 2
-382003 2
-382110 2
-382113 2
-382120 2
-382123 2
-382145 2
-382148 2
-382150 2
-382153 2
-382415 2
-382418 2
-382470 2
-382473 2
-382510 2
-382513 2
-382560 2
-382563 2
-382565 2
-382568 2
-382570 2
-382573 2
-382583 2
-382610 2
-382613 2
-382635 2
-382638 2
-382645 2
-382648 2
-382650 2
-382653 2
-382655 2
-382658 2
-382660 2
-382663 2
-382695 2
-382698 2
-382700 2
-382703 2
-382705 2
-382708 2
-382865 2
-382868 2
-382870 2
-382873 2
-382875 2
-382878 2
-382880 2
-382883 2
-382935 2
-382938 2
-382940 2
-382943 2
-382975 2
-382978 2
-383060 2
-383063 2
-383115 2
-383118 2
-383120 2
-383123 2
-383125 2
-383128 2
-383205 2
-383208 2
-383210 2
-383213 2
-383215 2
-383218 2
-383220 2
-383223 2
-383225 2
-383228 2
-383360 2
-383363 2
-383365 2
-383368 2
-383450 2
-383453 2
-383455 2
-383458 2
-383670 2
-383673 2
-383680 2
-383683 2
-383850 2
-383853 2
-383855 2
-383858 2
-383955 2
-383958 2
-383963 2
-383965 2
-383968 2
-384345 2
-384348 2
-384350 2
-384353 2
-384355 2
-384358 2
-384625 2
-384628 2
-384810 2
-384813 2
-385050 2
-385053 2
-385055 2
-385058 2
-385060 2
-385063 2
-385185 2
-385188 2
-385195 2
-385198 2
-385710 2
-385713 2
-385715 2
-385718 2
-385720 2
-385723 2
-385725 2
-385728 2
-385730 2
-385733 2
-385735 2
-385738 2
-385770 2
-385773 2
-385775 2
-385778 2
-385780 2
-385783 2
-385788 2
-385960 2
-385963 2
-386043 2
-386045 2
-386148 2
-386190 2
-386193 2
-386195 2
-386198 2
-386200 2
-386203 2
-386295 2
-386298 2
-386300 2
-386303 2
-386305 2
-386308 2
-386335 2
-386338 2
-386345 2
-386350 2
-386353 2
-386385 2
-386388 2
-386390 2
-386393 2
-386395 2
-386398 2
-387045 2
-387048 2
-387055 2
-387058 2
-387060 2
-387063 2
-387068 2
-387070 2
-387073 2
-387150 2
-387153 2
-387155 2
-387158 2
-387195 2
-387198 2
-387200 2
-387203 2
-387205 2
-387208 2
-387295 2
-387298 2
-387345 2
-387348 2
-387350 2
-387353 2
-387480 2
-387483 2
-387485 2
-387488 2
-387490 2
-387493 2
-387510 2
-387513 2
-387515 2
-387518 2
-387525 2
-387528 2
-387530 2
-387533 2
-387535 2
-387538 2
-387585 2
-387588 2
-387595 2
-387598 2
-387760 2
-387763 2
-387835 2
-387838 2
-387915 2
-387918 2
-387920 2
-387923 2
-387925 2
-387928 2
-388095 2
-388130 2
-388133 2
-388185 2
-388188 2
-388190 2
-388193 2
-388195 2
-388198 2
-388655 2
-388658 2
-388660 2
-388663 2
-388890 2
-388893 2
-388895 2
-388898 2
-388915 2
-388918 2
-389135 2
-389140 2
-389143 2
-389445 2
-389448 2
-389453 2
-389458 2
-389685 2
-389688 2
-389690 2
-389693 2
-389695 2
-389698 2
-390505 2
-390508 2
-390565 2
-390600 2
-390603 2
-390608 2
-390610 2
-390613 2
-390685 2
-390688 2
-390795 2
-390798 2
-390800 2
-390803 2
-390805 2
-390808 2
-390850 2
-390853 2
-390915 2
-390918 2
-390925 2
-390928 2
-391060 2
-391063 2
-391085 2
-391090 2
-391093 2
-391105 2
-391108 2
-391125 2
-391128 2
-391130 2
-391133 2
-391135 2
-391138 2
-391140 2
-391143 2
-391145 2
-391148 2
-391185 2
-391188 2
-391195 2
-391198 2
-391230 2
-391233 2
-391238 2
-391240 2
-391243 2
-391275 2
-391278 2
-391280 2
-391283 2
-391285 2
-391288 2
-391380 2
-391383 2
-391385 2
-391388 2
-391390 2
-391393 2
-391463 2
-391520 2
-391523 2
-391525 2
-391528 2
-391550 2
-391605 2
-391608 2
-391615 2
-391618 2
-391710 2
-391718 2
-391760 2
-391763 2
-391765 2
-391768 2
-391850 2
-391853 2
-391855 2
-391858 2
-391860 2
-391863 2
-391905 2
-391908 2
-391910 2
-391913 2
-391950 2
-391953 2
-392000 2
-392003 2
-392025 2
-392028 2
-392410 2
-392413 2
-392430 2
-392433 2
-392435 2
-392438 2
-392440 2
-392443 2
-392670 2
-392673 2
-392675 2
-392678 2
-392910 2
-392913 2
-392918 2
-392920 2
-392923 2
-393475 2
-393478 2
-393795 2
-393798 2
-393800 2
-393803 2
-393805 2
-393808 2
-393990 2
-393993 2
-393995 2
-393998 2
-394000 2
-394003 2
-394035 2
-394038 2
-394343 2
-394470 2
-394473 2
-394475 2
-394478 2
-394480 2
-394483 2
-394525 2
-394528 2
-394980 2
-394983 2
-394990 2
-394993 2
-395385 2
-395388 2
-395390 2
-395393 2
-395508 2
-395515 2
-395850 2
-395855 2
-395858 2
-395860 2
-395863 2
-395875 2
-395878 2
-396000 2
-396003 2
-396005 2
-396008 2
-396010 2
-396013 2
-396060 2
-396063 2
-396090 2
-396093 2
-396095 2
-396098 2
-396100 2
-396103 2
-396108 2
-396305 2
-396308 2
-396310 2
-396313 2
-396330 2
-396333 2
-396335 2
-396338 2
-396355 2
-396358 2
-396635 2
-396738 2
-396870 2
-396873 2
-396875 2
-396878 2
-396880 2
-396883 2
-397455 2
-397458 2
-397460 2
-397463 2
-397465 2
-397590 2
-397593 2
-397680 2
-397683 2
-397685 2
-397688 2
-397695 2
-397698 2
-397700 2
-397703 2
-397810 2
-397813 2
-397893 2
-397900 2
-397903 2
-398005 2
-398130 2
-398133 2
-398135 2
-398138 2
-398635 2
-398638 2
-398715 2
-398718 2
-398720 2
-398723 2
-398725 2
-398728 2
-398820 2
-398825 2
-398828 2
-398830 2
-398833 2
-398835 2
-398838 2
-398840 2
-398843 2
-398845 2
-398848 2
-398850 2
-398853 2
-398855 2
-398858 2
-398875 2
-398878 2
-398930 2
-399000 2
-399003 2
-399030 2
-399033 2
-399035 2
-399038 2
-399040 2
-399043 2
-399045 2
-399048 2
-399053 2
-399055 2
-399058 2
-399060 2
-399063 2
-399065 2
-399068 2
-399075 2
-399078 2
-399085 2
-399088 2
-399150 2
-399153 2
-399155 2
-399158 2
-399165 2
-399168 2
-399170 2
-399173 2
-399175 2
-399178 2
-399948 2
-400080 2
-400083 2
-400088 2
-400090 2
-400093 2
-400185 2
-400188 2
-400195 2
-400198 2
-400200 2
-400203 2
-400205 2
-400208 2
-400213 2
-400230 2
-400233 2
-400235 2
-400238 2
-400240 2
-400243 2
-400290 2
-400293 2
-400295 2
-400298 2
-400355 2
-400360 2
-400430 2
-400433 2
-400470 2
-400475 2
-400478 2
-400520 2
-400523 2
-400545 2
-400548 2
-400550 2
-400553 2
-400555 2
-400558 2
-401095 2
-401140 2
-401143 2
-401175 2
-401178 2
-401180 2
-401220 2
-401223 2
-401225 2
-401228 2
-401375 2
-401378 2
-401415 2
-401418 2
-401565 2
-401568 2
-401570 2
-401573 2
-401615 2
-401618 2
-401655 2
-401658 2
-401700 2
-401703 2
-401705 2
-401708 2
-401850 2
-401853 2
-401860 2
-401863 2
-401885 2
-401888 2
-401895 2
-401898 2
-401900 2
-401903 2
-401983 2
-402075 2
-402078 2
-402080 2
-402083 2
-402088 2
-402190 2
-402193 2
-402195 2
-402198 2
-402200 2
-402203 2
-402205 2
-402208 2
-402240 2
-402243 2
-402245 2
-402248 2
-402250 2
-402253 2
-402270 2
-402273 2
-402275 2
-402278 2
-402280 2
-402283 2
-402330 2
-402335 2
-402338 2
-402340 2
-402345 2
-402348 2
-402355 2
-402358 2
-402398 2
-402400 2
-402403 2
-402455 2
-402458 2
-402460 2
-402463 2
-402570 2
-402573 2
-402575 2
-402585 2
-402588 2
-402590 2
-402593 2
-402630 2
-402633 2
-402635 2
-402638 2
-402640 2
-402643 2
-402690 2
-402693 2
-402695 2
-402698 2
-402700 2
-402703 2
-402835 2
-402930 2
-402933 2
-402935 2
-402938 2
-403170 2
-403173 2
-403420 2
-403423 2
-403455 2
-403458 2
-403465 2
-403468 2
-403500 2
-403503 2
-403505 2
-403508 2
-403515 2
-403518 2
-403520 2
-403523 2
-403528 2
-403565 2
-403568 2
-403590 2
-403593 2
-403600 2
-403603 2
-403610 2
-403613 2
-403640 2
-403643 2
-403653 2
-403655 2
-403658 2
-403700 2
-403703 2
-403705 2
-403708 2
-403725 2
-403728 2
-403740 2
-403743 2
-403930 2
-403933 2
-403965 2
-403968 2
-403973 2
-404160 2
-404163 2
-404165 2
-404168 2
-404170 2
-404775 2
-404778 2
-404780 2
-404783 2
-404785 2
-404788 2
-404805 2
-404808 2
-404810 2
-404813 2
-404955 2
-404958 2
-405015 2
-405018 2
-405025 2
-405028 2
-405115 2
-405118 2
-405250 2
-405615 2
-405618 2
-405780 2
-405783 2
-405858 2
-405865 2
-406120 2
-406123 2
-407420 2
-407423 2
-407490 2
-407493 2
-407495 2
-407498 2
-407500 2
-407503 2
-407505 2
-407508 2
-407510 2
-407513 2
-407550 2
-407553 2
-407555 2
-407558 2
-408330 2
-408333 2
-408335 2
-408338 2
-408340 2
-408343 2
-408405 2
-408410 2
-408413 2
-408415 2
-408418 2
-408430 2
-408433 2
-408445 2
-408500 2
-408503 2
-408505 2
-408508 2
-408540 2
-408543 2
-408545 2
-408548 2
-408550 2
-408553 2
-408585 2
-408588 2
-408590 2
-408593 2
-408595 2
-408598 2
-408615 2
-408618 2
-408620 2
-408623 2
-408625 2
-408628 2
-408630 2
-408633 2
-408635 2
-408638 2
-408640 2
-408643 2
-408645 2
-408648 2
-408650 2
-408653 2
-408660 2
-408663 2
-408665 2
-408668 2
-408670 2
-408673 2
-408675 2
-408678 2
-408680 2
-408683 2
-408685 2
-408688 2
-408730 2
-408733 2
-409095 2
-409098 2
-409100 2
-409103 2
-409105 2
-409108 2
-409245 2
-409248 2
-409255 2
-409258 2
-409320 2
-409323 2
-409328 2
-409330 2
-409333 2
-409560 2
-409563 2
-409565 2
-409568 2
-409605 2
-409608 2
-409610 2
-409613 2
-409615 2
-409618 2
-409650 2
-409653 2
-409660 2
-409663 2
-409665 2
-409668 2
-409670 2
-409673 2
-409675 2
-409678 2
-409725 2
-409728 2
-409835 2
-409838 2
-409850 2
-409853 2
-409855 2
-409858 2
-409895 2
-409898 2
-410475 2
-410478 2
-410505 2
-410508 2
-410715 2
-410718 2
-410720 2
-410723 2
-411030 2
-411033 2
-411035 2
-411038 2
-411040 2
-411043 2
-411280 2
-411283 2
-411365 2
-411368 2
-411495 2
-411498 2
-411500 2
-411503 2
-411505 2
-411508 2
-411605 2
-411608 2
-411710 2
-411713 2
-411735 2
-411738 2
-411745 2
-411748 2
-411770 2
-411773 2
-411855 2
-411858 2
-411865 2
-411868 2
-412020 2
-412025 2
-412028 2
-412030 2
-412033 2
-412138 2
-412185 2
-412188 2
-412193 2
-412195 2
-412198 2
-412260 2
-412263 2
-412265 2
-412268 2
-412270 2
-412273 2
-412510 2
-412740 2
-412743 2
-412745 2
-412748 2
-412750 2
-412753 2
-413195 2
-413198 2
-413205 2
-413208 2
-413210 2
-413213 2
-413215 2
-413218 2
-413245 2
-413248 2
-413290 2
-413293 2
-413380 2
-413383 2
-413450 2
-413453 2
-413455 2
-413458 2
-413595 2
-413598 2
-413600 2
-413685 2
-413688 2
-413690 2
-413693 2
-413695 2
-413698 2
-413700 2
-413703 2
-413710 2
-413933 2
-413950 2
-413953 2
-414165 2
-414168 2
-414170 2
-414173 2
-414175 2
-414178 2
-414193 2
-414410 2
-414420 2
-414423 2
-414428 2
-414430 2
-414433 2
-414735 2
-414738 2
-414740 2
-414743 2
-414745 2
-414748 2
-414885 2
-414888 2
-414890 2
-414893 2
-414895 2
-414898 2
-415365 2
-415368 2
-415375 2
-415378 2
-415463 2
-415515 2
-415518 2
-415520 2
-415523 2
-415525 2
-415528 2
-415680 2
-415683 2
-415690 2
-415693 2
-415745 2
-415748 2
-415755 2
-415758 2
-415763 2
-415765 2
-415768 2
-415780 2
-415783 2
-415833 2
-415840 2
-415843 2
-415930 2
-415933 2
-416070 2
-416073 2
-416080 2
-416083 2
-416205 2
-416208 2
-416210 2
-416213 2
-416253 2
-416255 2
-416258 2
-416425 2
-416428 2
-416550 2
-416553 2
-416845 2
-416848 2
-416885 2
-416888 2
-416890 2
-416893 2
-416900 2
-416903 2
-416935 2
-416938 2
-417015 2
-417018 2
-417020 2
-417023 2
-417025 2
-417028 2
-417040 2
-417060 2
-417063 2
-417065 2
-417068 2
-417070 2
-417073 2
-417085 2
-417135 2
-417210 2
-417213 2
-417215 2
-417218 2
-417220 2
-417223 2
-417270 2
-417273 2
-417275 2
-417278 2
-417280 2
-417283 2
-417310 2
-417313 2
-417335 2
-417340 2
-417343 2
-417810 2
-417813 2
-417815 2
-417818 2
-417820 2
-417823 2
-417855 2
-417858 2
-417860 2
-417863 2
-418185 2
-418188 2
-418190 2
-418193 2
-418195 2
-418198 2
-418380 2
-418383 2
-418385 2
-418388 2
-418390 2
-418393 2
-418410 2
-418413 2
-418415 2
-418418 2
-418420 2
-418423 2
-418560 2
-418563 2
-418660 2
-418875 2
-418878 2
-418885 2
-418888 2
-419010 2
-419013 2
-419235 2
-419238 2
-419240 2
-419243 2
-419715 2
-419718 2
-419720 2
-419723 2
-419725 2
-419728 2
-420180 2
-420183 2
-420215 2
-420218 2
-420240 2
-420243 2
-420305 2
-420308 2
-420315 2
-420318 2
-420350 2
-420353 2
-420435 2
-420438 2
-420440 2
-420443 2
-420445 2
-420450 2
-420453 2
-420460 2
-420463 2
-420690 2
-420693 2
-420695 2
-420698 2
-420720 2
-420723 2
-420725 2
-420728 2
-420730 2
-420733 2
-420840 2
-420843 2
-420910 2
-420913 2
-420945 2
-420948 2
-420950 2
-420953 2
-420955 2
-420958 2
-420975 2
-420978 2
-420980 2
-420983 2
-420985 2
-420988 2
-420990 2
-420993 2
-420995 2
-420998 2
-421000 2
-421003 2
-421035 2
-421038 2
-421040 2
-421043 2
-421045 2
-421048 2
-421140 2
-421143 2
-421145 2
-421150 2
-421153 2
-421235 2
-421238 2
-421240 2
-421320 2
-421323 2
-421325 2
-421328 2
-421330 2
-421333 2
-421455 2
-421458 2
-421460 2
-421463 2
-421465 2
-421468 2
-421580 2
-421583 2
-421605 2
-421608 2
-421610 2
-421613 2
-421831 2
-421928 2
-421955 2
-421956 2
-421957 2
-421976 2
-421977 2
-422004 2
-422005 2
-422006 2
-422039 2
-422041 2
-422270 2
-422271 2
-422272 2
-422314 2
-422326 2
-422327 2
-422328 2
-422347 2
-422348 2
-422349 2
-422404 2
-422417 2
-422419 2
-422426 2
-422774 2
-422775 2
-422776 2
-422802 2
-422803 2
-422804 2
-423110 2
-423111 2
-423112 2
-423168 2
-423196 2
-423222 2
-423224 2
-423280 2
-423320 2
-423321 2
-423334 2
-423335 2
-423336 2
-423567 2
-423588 2
-423594 2
-423845 2
-423846 2
-423868 2
-423887 2
-423888 2
-423908 2
-423909 2
-423910 2
-423957 2
-423958 2
-424048 2
-424049 2
-424050 2
-424055 2
-424056 2
-424057 2
-424070 2
-424133 2
-424202 2
-424203 2
-424204 2
-424223 2
-424225 2
-424267 2
-424566 2
-424567 2
-424568 2
-424601 2
-424602 2
-424708 2
-424713 2
-424714 2
-424715 2
-424825 2
-424826 2
-424827 2
-424987 2
-425007 2
-425008 2
-425009 2
-425098 2
-425099 2
-425100 2
-425210 2
-425211 2
-425219 2
-425233 2
-425259 2
-425260 2
-425261 2
-425275 2
-425308 2
-425309 2
-425310 2
-425322 2
-425323 2
-425329 2
-425330 2
-425331 2
-425539 2
-425540 2
-425541 2
-425581 2
-425582 2
-425583 2
-425763 2
-425764 2
-425765 2
-425770 2
-425771 2
-425777 2
-425778 2
-425791 2
-425792 2
-425805 2
-425806 2
-425807 2
-425856 2
-425882 2
-425883 2
-425891 2
-425910 2
-425911 2
-425912 2
-425931 2
-425932 2
-426001 2
-426002 2
-426078 2
-426080 2
-426106 2
-426107 2
-426108 2
-426113 2
-426114 2
-426115 2
-426190 2
-426191 2
-426192 2
-426227 2
-426269 2
-426408 2
-426484 2
-426485 2
-426519 2
-426520 2
-426521 2
-426596 2
-426597 2
-426598 2
-426631 2
-426632 2
-426633 2
-426666 2
-426667 2
-426708 2
-426709 2
-426710 2
-426960 2
-426962 2
-426983 2
-427037 2
-427038 2
-427128 2
-427129 2
-427171 2
-427193 2
-427296 2
-427298 2
-427303 2
-427304 2
-427305 2
-427408 2
-427410 2
-427415 2
-427417 2
-427520 2
-427522 2
-427529 2
-427744 2
-427746 2
-427752 2
-427856 2
-427857 2
-427968 2
-427970 2
-427977 2
-428080 2
-428082 2
-428136 2
-428137 2
-428194 2
-428416 2
-428417 2
-428423 2
-428424 2
-428425 2
-428528 2
-428529 2
-428530 2
-428801 2
-428803 2
-428865 2
-428915 2
-429174 2
-429244 2
-429284 2
-429285 2
-429286 2
-429452 2
-429453 2
-429529 2
-429530 2
-429531 2
-429585 2
-429586 2
-429587 2
-429599 2
-429600 2
-429601 2
-429620 2
-429621 2
-429692 2
-429726 2
-429746 2
-429748 2
-429810 2
-429886 2
-429888 2
-429907 2
-429908 2
-429909 2
-429923 2
-429951 2
-429972 2
-430000 2
-430035 2
-430082 2
-430083 2
-430084 2
-430110 2
-430111 2
-430112 2
-430257 2
-430258 2
-430364 2
-430404 2
-430405 2
-430426 2
-430453 2
-430454 2
-430455 2
-430476 2
-430518 2
-430651 2
-430761 2
-430762 2
-430825 2
-430916 2
-430978 2
-430979 2
-430980 2
-431071 2
-431230 2
-431232 2
-431239 2
-431245 2
-431266 2
-431272 2
-431273 2
-431300 2
-431301 2
-431302 2
-431307 2
-431309 2
-431342 2
-431343 2
-431344 2
-431378 2
-431384 2
-431385 2
-431386 2
-431421 2
-431468 2
-431470 2
-431498 2
-431608 2
-431609 2
-431610 2
-431685 2
-431687 2
-431797 2
-431798 2
-431911 2
-431993 2
-431994 2
-432002 2
-432028 2
-432029 2
-432050 2
-432070 2
-432071 2
-432105 2
-432106 2
-432112 2
-432113 2
-432114 2
-432147 2
-432148 2
-432177 2
-432189 2
-432190 2
-432210 2
-432211 2
-432253 2
-432287 2
-432288 2
-432343 2
-432344 2
-432345 2
-432457 2
-432532 2
-432533 2
-432588 2
-432589 2
-432700 2
-432701 2
-432709 2
-432751 2
-432765 2
-432770 2
-432771 2
-432772 2
-432812 2
-432814 2
-432840 2
-432841 2
-432842 2
-432959 2
-432960 2
-432961 2
-432988 2
-433092 2
-433093 2
-433094 2
-433708 2
-433709 2
-433710 2
-433715 2
-433716 2
-433717 2
-433736 2
-433737 2
-433738 2
-433750 2
-433752 2
-433757 2
-433758 2
-433759 2
-433792 2
-433793 2
-433794 2
-433834 2
-433836 2
-433869 2
-433871 2
-434436 2
-434437 2
-434444 2
-434471 2
-434472 2
-434632 2
-434633 2
-434821 2
-434822 2
-434823 2
-434905 2
-434906 2
-434934 2
-434940 2
-434941 2
-434947 2
-434949 2
-434962 2
-435087 2
-435088 2
-435101 2
-435102 2
-435165 2
-435186 2
-435201 2
-435206 2
-435207 2
-435276 2
-435277 2
-435278 2
-435339 2
-435340 2
-435451 2
-435452 2
-435453 2
-435458 2
-435459 2
-435460 2
-435500 2
-435502 2
-435557 2
-435564 2
-435612 2
-435614 2
-435942 2
-436130 2
-436131 2
-436235 2
-436236 2
-436237 2
-436270 2
-436271 2
-436272 2
-436347 2
-436349 2
-436494 2
-436495 2
-436496 2
-436573 2
-436613 2
-436615 2
-436655 2
-436657 2
-436676 2
-436677 2
-436678 2
-436697 2
-436698 2
-436718 2
-436719 2
-436720 2
-436830 2
-436831 2
-436832 2
-436837 2
-436838 2
-436839 2
-436880 2
-436907 2
-436908 2
-436923 2
-436949 2
-436950 2
-436998 2
-436999 2
-437098 2
-437167 2
-437320 2
-437322 2
-437391 2
-437495 2
-437496 2
-437511 2
-437537 2
-437538 2
-437560 2
-437600 2
-437602 2
-437621 2
-437623 2
-437628 2
-437629 2
-437630 2
-437670 2
-437671 2
-437672 2
-437846 2
-437985 2
-437986 2
-438069 2
-438070 2
-438097 2
-438098 2
-438279 2
-438280 2
-438295 2
-438539 2
-438559 2
-438560 2
-438785 2
-438974 2
-439196 2
-439197 2
-439303 2
-439310 2
-439413 2
-439415 2
-439422 2
-439457 2
-439525 2
-439526 2
-439637 2
-439638 2
-439686 2
-439687 2
-439688 2
-439721 2
-439722 2
-439723 2
-439784 2
-439785 2
-439827 2
-439854 2
-439855 2
-439856 2
-439883 2
-439931 2
-439932 2
-439938 2
-439940 2
-439982 2
-440029 2
-440030 2
-440044 2
-440156 2
-440163 2
-440267 2
-440268 2
-440365 2
-440366 2
-440367 2
-440380 2
-440449 2
-440450 2
-440561 2
-440562 2
-440668 2
-440696 2
-440701 2
-440702 2
-440703 2
-440778 2
-440779 2
-440780 2
-440806 2
-440807 2
-440815 2
-440827 2
-440828 2
-440829 2
-440877 2
-441024 2
-441163 2
-441164 2
-441254 2
-441255 2
-441256 2
-441576 2
-441577 2
-441653 2
-441654 2
-441954 2
-441955 2
-441991 2
-442031 2
-442032 2
-442054 2
-442068 2
-442136 2
-442137 2
-442138 2
-442166 2
-442172 2
-442192 2
-442193 2
-442194 2
-442311 2
-442312 2
-442346 2
-442347 2
-442418 2
-442472 2
-442473 2
-442528 2
-442529 2
-442577 2
-442579 2
-442586 2
-442696 2
-442698 2
-442808 2
-442809 2
-442810 2
-442871 2
-442872 2
-442873 2
-442878 2
-442880 2
-442921 2
-442983 2
-442985 2
-443067 2
-443068 2
-443214 2
-443215 2
-443216 2
-443256 2
-443257 2
-443258 2
-443326 2
-443327 2
-443328 2
-443440 2
-443592 2
-443593 2
-443704 2
-443705 2
-443774 2
-443775 2
-443776 2
-443888 2
-443998 2
-443999 2
-444054 2
-444055 2
-444056 2
-444110 2
-444111 2
-444392 2
-444411 2
-444412 2
-444413 2
-444432 2
-444433 2
-444434 2
-444446 2
-444447 2
-444448 2
-444552 2
-444572 2
-444573 2
-444574 2
-444637 2
-444656 2
-444657 2
-444658 2
-444887 2
-444888 2
-444889 2
-444978 2
-444979 2
-444980 2
-444999 2
-445000 2
-445001 2
-445022 2
-445300 2
-445302 2
-445412 2
-445413 2
-445440 2
-445441 2
-445442 2
-445489 2
-445490 2
-445524 2
-445525 2
-445526 2
-445573 2
-445574 2
-445575 2
-445587 2
-445589 2
-445601 2
-445602 2
-445608 2
-445610 2
-445615 2
-445616 2
-445706 2
-445707 2
-445708 2
-445720 2
-445722 2
-445769 2
-445770 2
-445818 2
-445819 2
-445820 2
-445832 2
-445833 2
-445834 2
-445841 2
-445946 2
-446121 2
-446169 2
-446177 2
-446217 2
-446218 2
-446245 2
-446246 2
-446247 2
-446254 2
-446308 2
-446309 2
-446310 2
-446366 2
-446392 2
-446393 2
-446394 2
-446422 2
-446526 2
-446567 2
-446568 2
-446569 2
-446588 2
-446589 2
-446590 2
-446637 2
-446638 2
-446639 2
-446791 2
-446793 2
-446861 2
-446863 2
-446882 2
-446883 2
-447001 2
-447002 2
-447003 2
-447015 2
-447017 2
-447113 2
-447114 2
-447115 2
-447127 2
-447128 2
-447129 2
-447148 2
-447149 2
-447171 2
-447190 2
-447191 2
-447199 2
-447232 2
-447233 2
-447234 2
-447338 2
-447409 2
-447428 2
-447429 2
-447451 2
-447463 2
-447465 2
-447477 2
-447478 2
-447498 2
-447499 2
-447612 2
-447640 2
-447750 2
-447751 2
-447842 2
-447863 2
-447983 2
-448093 2
-448094 2
-448095 2
-448227 2
-448331 2
-448332 2
-448333 2
-448515 2
-448604 2
-448605 2
-448606 2
-448627 2
-448767 2
-448989 2
-448990 2
-448991 2
-449096 2
-449150 2
-449151 2
-449152 2
-449194 2
-449206 2
-449207 2
-449234 2
-449235 2
-449236 2
-449297 2
-449298 2
-449472 2
-449473 2
-449474 2
-449738 2
-449739 2
-449740 2
-449759 2
-449761 2
-449962 2
-449963 2
-450088 2
-450089 2
-450104 2
-450130 2
-450132 2
-450193 2
-450194 2
-450195 2
-450354 2
-450355 2
-450412 2
-450417 2
-450418 2
-450419 2
-450426 2
-450468 2
-450489 2
-450495 2
-450496 2
-450499 2
-450503 2
-450504 2
-450507 2
-450513 2
-450569 2
-450571 2
-450577 2
-450579 2
-450583 2
-450584 2
-450587 2
-450850 2
-450860 2
-450863 2
-450873 2
-452642 2
-452645 2
-452749 2
-452750 2
-452753 2
-452803 2
-452804 2
-452807 2
-452821 2
-452822 2
-452825 2
-452831 2
-452837 2
