
                           Design Compiler Graphical 
                                 DC Ultra (TM)
                                  DFTMAX (TM)
                              Power Compiler (TM)
                                 DesignWare (R)
                                 DC Expert (TM)
                               Design Vision (TM)
                               HDL Compiler (TM)
                               VHDL Compiler (TM)
                                  DFT Compiler
                               Design Compiler(R)

               Version O-2018.06-SP1 for linux64 - Jul 19, 2018 

                    Copyright (c) 1988 - 2018 Synopsys, Inc.
   This software and the associated documentation are proprietary to Synopsys,
 Inc. This software may only be used in accordance with the terms and conditions
 of a written license agreement with Synopsys, Inc. All other use, reproduction,
            or distribution of this software is strictly prohibited.
Initializing...
Initializing gui preferences from file  /home/ICer/.synopsys_dv_prefs.tcl
# ################################## #
# ============= Setup ============== #
# ################################## #
set_host_options -max_cores 8
Warning: You requested 8 cores. However, load on host IC_EDA is 2.67. Tool will ignore the request and use 6 cores. (UIO-231)
1
# --- Library (update path to your actual library)
set worst_case "NangateOpenCellLibrary_ss0p95vn40c.db"
NangateOpenCellLibrary_ss0p95vn40c.db
lappend search_path "/home/standard_cell_libraries/NangateOpenCellLibrary_PDKv1_3_v2010_12/lib/Front_End/Liberty/NLDM"
. /home/synopsys/syn/O-2018.06-SP1/libraries/syn /home/synopsys/syn/O-2018.06-SP1/minpower/syn /home/synopsys/syn/O-2018.06-SP1/dw/syn_ver /home/synopsys/syn/O-2018.06-SP1/dw/sim_ver /home/standard_cell_libraries/NangateOpenCellLibrary_PDKv1_3_v2010_12/lib/Front_End/Liberty/NLDM
set_app_var target_library [list $worst_case]
NangateOpenCellLibrary_ss0p95vn40c.db
set_app_var link_library   "* $target_library"
* NangateOpenCellLibrary_ss0p95vn40c.db
# --- Work directory
sh rm -rf work
sh mkdir -p work
define_design_lib work -path ./work
1
# --- Top module
set design neural_eq_top
neural_eq_top
# --fixes all violations in the design ICC2
set compile_top_all_paths true
true
# --- Define Structured Verification Format (SVF) 
set_svf ${design}.svf 
1
# ################################## #
# ============ Translate =========== #
# ################################## #
analyze -format sverilog -lib work  ../../rtl/${design}.sv ; # Check Syntax Errors and generate intermediate files 
Running PRESTO HDLC
Compiling source file ../../rtl/neural_eq_top.sv
Opening include file ../../rtl/rom_data_pkg.sv
Opening include file ../../rtl/rom_macros.sv
Opening include file ../../rtl/Mux2x1.sv
Opening include file ../../rtl/input_window_ctrl.sv
Opening include file ../../rtl/layer1_compute.sv
Opening include file ../../rtl/layer2_compute.sv
Opening include file ../../rtl/layer3_compute.sv
Presto compilation completed successfully.
Loading db file '/home/standard_cell_libraries/NangateOpenCellLibrary_PDKv1_3_v2010_12/lib/Front_End/Liberty/NLDM/NangateOpenCellLibrary_ss0p95vn40c.db'
1
elaborate $design -lib work ; # Translate from RTL to getech netlist  and check {linting, design issues , not supported width mismatch} 
Loading db file '/home/synopsys/syn/O-2018.06-SP1/libraries/syn/gtech.db'
Loading db file '/home/synopsys/syn/O-2018.06-SP1/libraries/syn/standard.sldb'
  Loading link library 'NangateOpenCellLibrary_ss0p95vn40c'
  Loading link library 'gtech'
Running PRESTO HDLC
Presto compilation completed successfully.
Elaborated 1 design.
Current design is now 'neural_eq_top'.
Information: Building the design 'Mux2x1'. (HDL-193)
Presto compilation completed successfully.
Information: Building the design 'input_window_ctrl'. (HDL-193)

Inferred memory devices in process
	in routine input_window_ctrl line 18 in file
		'../../rtl/input_window_ctrl.sv'.
===============================================================================
|    Register Name    |   Type    | Width | Bus | MB | AR | AS | SR | SS | ST |
===============================================================================
|      win_I_reg      | Flip-flop |  45   |  Y  | N  | N  | Y  | N  | N  | N  |
|      win_I_reg      | Flip-flop |  35   |  Y  | N  | Y  | N  | N  | N  | N  |
|    fill_cnt_reg     | Flip-flop |   3   |  Y  | N  | Y  | N  | N  | N  | N  |
|    flush_cnt_reg    | Flip-flop |   4   |  Y  | N  | Y  | N  | N  | N  | N  |
|  silence_timer_reg  | Flip-flop |   8   |  Y  | N  | Y  | N  | N  | N  | N  |
| flushing_active_reg | Flip-flop |   1   |  N  | N  | Y  | N  | N  | N  | N  |
|    valid_out_reg    | Flip-flop |   1   |  N  | N  | Y  | N  | N  | N  | N  |
|      win_Q_reg      | Flip-flop |  45   |  Y  | N  | N  | Y  | N  | N  | N  |
|      win_Q_reg      | Flip-flop |  35   |  Y  | N  | Y  | N  | N  | N  | N  |
===============================================================================
Presto compilation completed successfully.
Information: Building the design 'layer1_compute'. (HDL-193)
Warning:  ../../rtl/layer1_compute.sv:139: signed to unsigned part selection occurs. (VER-318)

Statistics for case statements in always block at line 60 in file
	'../../rtl/layer1_compute.sv'
===============================================
|           Line           |  full/ parallel  |
===============================================
|            61            |    auto/auto     |
===============================================

Inferred memory devices in process
	in routine layer1_compute line 35 in file
		'../../rtl/layer1_compute.sv'.
===============================================================================
|    Register Name    |   Type    | Width | Bus | MB | AR | AS | SR | SS | ST |
===============================================================================
|  l1_latched_Q_reg   | Flip-flop |  80   |  Y  | N  | N  | N  | N  | N  | N  |
|     l1_tick_reg     | Flip-flop |   3   |  Y  | N  | Y  | N  | N  | N  | N  |
|     l1_busy_reg     | Flip-flop |   1   |  N  | N  | Y  | N  | N  | N  | N  |
|    valid_out_reg    | Flip-flop |   1   |  N  | N  | Y  | N  | N  | N  | N  |
|  l1_latched_I_reg   | Flip-flop |  80   |  Y  | N  | N  | N  | N  | N  | N  |
===============================================================================

Inferred memory devices in process
	in routine layer1_compute line 118 in file
		'../../rtl/layer1_compute.sv'.
===============================================================================
|    Register Name    |   Type    | Width | Bus | MB | AR | AS | SR | SS | ST |
===============================================================================
|  L1_MAC[0].acc_reg  | Flip-flop |  40   |  Y  | N  | Y  | N  | N  | N  | N  |
|  L1_MAC[1].acc_reg  | Flip-flop |  40   |  Y  | N  | Y  | N  | N  | N  | N  |
|  L1_MAC[2].acc_reg  | Flip-flop |  40   |  Y  | N  | Y  | N  | N  | N  | N  |
|  L1_MAC[3].acc_reg  | Flip-flop |  40   |  Y  | N  | Y  | N  | N  | N  | N  |
|  L1_MAC[4].acc_reg  | Flip-flop |  40   |  Y  | N  | Y  | N  | N  | N  | N  |
|  L1_MAC[5].acc_reg  | Flip-flop |  40   |  Y  | N  | Y  | N  | N  | N  | N  |
|  L1_MAC[6].acc_reg  | Flip-flop |  40   |  Y  | N  | Y  | N  | N  | N  | N  |
|  L1_MAC[7].acc_reg  | Flip-flop |  40   |  Y  | N  | Y  | N  | N  | N  | N  |
|  L1_MAC[8].acc_reg  | Flip-flop |  40   |  Y  | N  | Y  | N  | N  | N  | N  |
|  L1_MAC[9].acc_reg  | Flip-flop |  40   |  Y  | N  | Y  | N  | N  | N  | N  |
| L1_MAC[10].acc_reg  | Flip-flop |  40   |  Y  | N  | Y  | N  | N  | N  | N  |
| L1_MAC[11].acc_reg  | Flip-flop |  40   |  Y  | N  | Y  | N  | N  | N  | N  |
| L1_MAC[12].acc_reg  | Flip-flop |  40   |  Y  | N  | Y  | N  | N  | N  | N  |
| L1_MAC[13].acc_reg  | Flip-flop |  40   |  Y  | N  | Y  | N  | N  | N  | N  |
| L1_MAC[14].acc_reg  | Flip-flop |  40   |  Y  | N  | Y  | N  | N  | N  | N  |
| L1_MAC[15].acc_reg  | Flip-flop |  40   |  Y  | N  | Y  | N  | N  | N  | N  |
| L1_MAC[16].acc_reg  | Flip-flop |  40   |  Y  | N  | Y  | N  | N  | N  | N  |
| L1_MAC[17].acc_reg  | Flip-flop |  40   |  Y  | N  | Y  | N  | N  | N  | N  |
| L1_MAC[18].acc_reg  | Flip-flop |  40   |  Y  | N  | Y  | N  | N  | N  | N  |
| L1_MAC[19].acc_reg  | Flip-flop |  40   |  Y  | N  | Y  | N  | N  | N  | N  |
| L1_MAC[20].acc_reg  | Flip-flop |  40   |  Y  | N  | Y  | N  | N  | N  | N  |
| L1_MAC[21].acc_reg  | Flip-flop |  40   |  Y  | N  | Y  | N  | N  | N  | N  |
| L1_MAC[22].acc_reg  | Flip-flop |  40   |  Y  | N  | Y  | N  | N  | N  | N  |
| L1_MAC[23].acc_reg  | Flip-flop |  40   |  Y  | N  | Y  | N  | N  | N  | N  |
| L1_MAC[24].acc_reg  | Flip-flop |  40   |  Y  | N  | Y  | N  | N  | N  | N  |
| L1_MAC[25].acc_reg  | Flip-flop |  40   |  Y  | N  | Y  | N  | N  | N  | N  |
| L1_MAC[26].acc_reg  | Flip-flop |  40   |  Y  | N  | Y  | N  | N  | N  | N  |
| L1_MAC[27].acc_reg  | Flip-flop |  40   |  Y  | N  | Y  | N  | N  | N  | N  |
| L1_MAC[28].acc_reg  | Flip-flop |  40   |  Y  | N  | Y  | N  | N  | N  | N  |
| L1_MAC[29].acc_reg  | Flip-flop |  40   |  Y  | N  | Y  | N  | N  | N  | N  |
| L1_MAC[30].acc_reg  | Flip-flop |  40   |  Y  | N  | Y  | N  | N  | N  | N  |
| L1_MAC[31].acc_reg  | Flip-flop |  40   |  Y  | N  | Y  | N  | N  | N  | N  |
===============================================================================

Inferred memory devices in process
	in routine layer1_compute line 128 in file
		'../../rtl/layer1_compute.sv'.
===============================================================================
|    Register Name    |   Type    | Width | Bus | MB | AR | AS | SR | SS | ST |
===============================================================================
|     l1_out_reg      | Flip-flop |  512  |  Y  | N  | Y  | N  | N  | N  | N  |
===============================================================================
Presto compilation completed successfully.
Information: Building the design 'layer2_compute'. (HDL-193)
Warning:  ../../rtl/layer2_compute.sv:162: signed to unsigned part selection occurs. (VER-318)

Statistics for case statements in always block at line 63 in file
	'../../rtl/layer2_compute.sv'
===============================================
|           Line           |  full/ parallel  |
===============================================
|            65            |    auto/auto     |
===============================================

Inferred memory devices in process
	in routine layer2_compute line 34 in file
		'../../rtl/layer2_compute.sv'.
===============================================================================
|    Register Name    |   Type    | Width | Bus | MB | AR | AS | SR | SS | ST |
===============================================================================
|  l2_latched_in_reg  | Flip-flop |  512  |  Y  | N  | N  | N  | N  | N  | N  |
|     l2_tick_reg     | Flip-flop |   3   |  Y  | N  | Y  | N  | N  | N  | N  |
|     l2_busy_reg     | Flip-flop |   1   |  N  | N  | Y  | N  | N  | N  | N  |
|    valid_out_reg    | Flip-flop |   1   |  N  | N  | Y  | N  | N  | N  | N  |
===============================================================================

Inferred memory devices in process
	in routine layer2_compute line 137 in file
		'../../rtl/layer2_compute.sv'.
===============================================================================
|    Register Name    |   Type    | Width | Bus | MB | AR | AS | SR | SS | ST |
===============================================================================
|  L2_MAC[0].acc_reg  | Flip-flop |  40   |  Y  | N  | Y  | N  | N  | N  | N  |
|  L2_MAC[1].acc_reg  | Flip-flop |  40   |  Y  | N  | Y  | N  | N  | N  | N  |
|  L2_MAC[2].acc_reg  | Flip-flop |  40   |  Y  | N  | Y  | N  | N  | N  | N  |
|  L2_MAC[3].acc_reg  | Flip-flop |  40   |  Y  | N  | Y  | N  | N  | N  | N  |
|  L2_MAC[4].acc_reg  | Flip-flop |  40   |  Y  | N  | Y  | N  | N  | N  | N  |
|  L2_MAC[5].acc_reg  | Flip-flop |  40   |  Y  | N  | Y  | N  | N  | N  | N  |
|  L2_MAC[6].acc_reg  | Flip-flop |  40   |  Y  | N  | Y  | N  | N  | N  | N  |
|  L2_MAC[7].acc_reg  | Flip-flop |  40   |  Y  | N  | Y  | N  | N  | N  | N  |
|  L2_MAC[8].acc_reg  | Flip-flop |  40   |  Y  | N  | Y  | N  | N  | N  | N  |
|  L2_MAC[9].acc_reg  | Flip-flop |  40   |  Y  | N  | Y  | N  | N  | N  | N  |
| L2_MAC[10].acc_reg  | Flip-flop |  40   |  Y  | N  | Y  | N  | N  | N  | N  |
| L2_MAC[11].acc_reg  | Flip-flop |  40   |  Y  | N  | Y  | N  | N  | N  | N  |
| L2_MAC[12].acc_reg  | Flip-flop |  40   |  Y  | N  | Y  | N  | N  | N  | N  |
| L2_MAC[13].acc_reg  | Flip-flop |  40   |  Y  | N  | Y  | N  | N  | N  | N  |
| L2_MAC[14].acc_reg  | Flip-flop |  40   |  Y  | N  | Y  | N  | N  | N  | N  |
| L2_MAC[15].acc_reg  | Flip-flop |  40   |  Y  | N  | Y  | N  | N  | N  | N  |
| L2_MAC[16].acc_reg  | Flip-flop |  40   |  Y  | N  | Y  | N  | N  | N  | N  |
| L2_MAC[17].acc_reg  | Flip-flop |  40   |  Y  | N  | Y  | N  | N  | N  | N  |
| L2_MAC[18].acc_reg  | Flip-flop |  40   |  Y  | N  | Y  | N  | N  | N  | N  |
| L2_MAC[19].acc_reg  | Flip-flop |  40   |  Y  | N  | Y  | N  | N  | N  | N  |
| L2_MAC[20].acc_reg  | Flip-flop |  40   |  Y  | N  | Y  | N  | N  | N  | N  |
| L2_MAC[21].acc_reg  | Flip-flop |  40   |  Y  | N  | Y  | N  | N  | N  | N  |
| L2_MAC[22].acc_reg  | Flip-flop |  40   |  Y  | N  | Y  | N  | N  | N  | N  |
| L2_MAC[23].acc_reg  | Flip-flop |  40   |  Y  | N  | Y  | N  | N  | N  | N  |
| L2_MAC[24].acc_reg  | Flip-flop |  40   |  Y  | N  | Y  | N  | N  | N  | N  |
| L2_MAC[25].acc_reg  | Flip-flop |  40   |  Y  | N  | Y  | N  | N  | N  | N  |
| L2_MAC[26].acc_reg  | Flip-flop |  40   |  Y  | N  | Y  | N  | N  | N  | N  |
| L2_MAC[27].acc_reg  | Flip-flop |  40   |  Y  | N  | Y  | N  | N  | N  | N  |
| L2_MAC[28].acc_reg  | Flip-flop |  40   |  Y  | N  | Y  | N  | N  | N  | N  |
| L2_MAC[29].acc_reg  | Flip-flop |  40   |  Y  | N  | Y  | N  | N  | N  | N  |
| L2_MAC[30].acc_reg  | Flip-flop |  40   |  Y  | N  | Y  | N  | N  | N  | N  |
| L2_MAC[31].acc_reg  | Flip-flop |  40   |  Y  | N  | Y  | N  | N  | N  | N  |
===============================================================================

Inferred memory devices in process
	in routine layer2_compute line 156 in file
		'../../rtl/layer2_compute.sv'.
===============================================================================
|    Register Name    |   Type    | Width | Bus | MB | AR | AS | SR | SS | ST |
===============================================================================
|   l2_out_reg_reg    | Flip-flop |  512  |  Y  | N  | Y  | N  | N  | N  | N  |
===============================================================================
Presto compilation completed successfully.
Information: Building the design 'layer3_compute'. (HDL-193)
Warning:  ../../rtl/layer3_compute.sv:162: signed to unsigned part selection occurs. (VER-318)

Statistics for case statements in always block at line 64 in file
	'../../rtl/layer3_compute.sv'
===============================================
|           Line           |  full/ parallel  |
===============================================
|            66            |    auto/auto     |
===============================================

Inferred memory devices in process
	in routine layer3_compute line 35 in file
		'../../rtl/layer3_compute.sv'.
===============================================================================
|    Register Name    |   Type    | Width | Bus | MB | AR | AS | SR | SS | ST |
===============================================================================
|  l3_latched_in_reg  | Flip-flop |  512  |  Y  | N  | N  | N  | N  | N  | N  |
|     l3_tick_reg     | Flip-flop |   3   |  Y  | N  | Y  | N  | N  | N  | N  |
|     l3_busy_reg     | Flip-flop |   1   |  N  | N  | Y  | N  | N  | N  | N  |
|    valid_out_reg    | Flip-flop |   1   |  N  | N  | Y  | N  | N  | N  | N  |
===============================================================================

Inferred memory devices in process
	in routine layer3_compute line 139 in file
		'../../rtl/layer3_compute.sv'.
===============================================================================
|    Register Name    |   Type    | Width | Bus | MB | AR | AS | SR | SS | ST |
===============================================================================
|  L3_MAC[0].acc_reg  | Flip-flop |  40   |  Y  | N  | Y  | N  | N  | N  | N  |
|  L3_MAC[1].acc_reg  | Flip-flop |  40   |  Y  | N  | Y  | N  | N  | N  | N  |
===============================================================================

Inferred memory devices in process
	in routine layer3_compute line 156 in file
		'../../rtl/layer3_compute.sv'.
===============================================================================
|    Register Name    |   Type    | Width | Bus | MB | AR | AS | SR | SS | ST |
===============================================================================
|   l3_out_reg_reg    | Flip-flop |  32   |  Y  | N  | Y  | N  | N  | N  | N  |
===============================================================================
Presto compilation completed successfully.
Information: Building the design 'MINI_W_ROM_4x48' instantiated from design 'layer1_compute' with
	the parameters "ROM_DATA=192'hfe87fdab5916fdacff30004f098820c208e8ff7900000000". (HDL-193)
Warning:  ../../rtl/rom_macros.sv:49: DEFAULT branch of CASE statement cannot be reached. (ELAB-311)

Statistics for case statements in always block at line 48 in file
	'../../rtl/rom_macros.sv'
===============================================
|           Line           |  full/ parallel  |
===============================================
|            49            |    auto/auto     |
===============================================

Inferred memory devices in process
	in routine MINI_W_ROM_4x48_ line 48 in file
		'../../rtl/rom_macros.sv'.
===============================================================================
|    Register Name    |   Type    | Width | Bus | MB | AR | AS | SR | SS | ST |
===============================================================================
|      dout_reg       | Flip-flop |  48   |  Y  | N  | N  | N  | N  | N  | N  |
===============================================================================
Presto compilation completed successfully.
Information: Building the design 'MINI_b_ROM_1x16' instantiated from design 'layer1_compute' with
	the parameters "ROM_DATA=16'h04f5". (HDL-193)

Statistics for case statements in always block at line 104 in file
	'../../rtl/rom_macros.sv'
===============================================
|           Line           |  full/ parallel  |
===============================================
|           105            |    auto/auto     |
===============================================

Inferred memory devices in process
	in routine MINI_b_ROM_1x16_04f5 line 104 in file
		'../../rtl/rom_macros.sv'.
===============================================================================
|    Register Name    |   Type    | Width | Bus | MB | AR | AS | SR | SS | ST |
===============================================================================
|      dout_reg       | Flip-flop |  16   |  Y  | N  | N  | N  | N  | N  | N  |
===============================================================================
Presto compilation completed successfully.
Information: Building the design 'MINI_W_ROM_4x48' instantiated from design 'layer1_compute' with
	the parameters "ROM_DATA=192'hff8009af402c0a08ffc4013d01babbf301f101ba00000000". (HDL-193)
Warning:  ../../rtl/rom_macros.sv:49: DEFAULT branch of CASE statement cannot be reached. (ELAB-311)

Statistics for case statements in always block at line 48 in file
	'../../rtl/rom_macros.sv'
===============================================
|           Line           |  full/ parallel  |
===============================================
|            49            |    auto/auto     |
===============================================

Inferred memory devices in process
	in routine MINI_W_ROM_4x48_ line 48 in file
		'../../rtl/rom_macros.sv'.
===============================================================================
|    Register Name    |   Type    | Width | Bus | MB | AR | AS | SR | SS | ST |
===============================================================================
|      dout_reg       | Flip-flop |  48   |  Y  | N  | N  | N  | N  | N  | N  |
===============================================================================
Presto compilation completed successfully.
Warning: Design 'MINI_W_ROM_4x48_' was renamed to 'MINI_W_ROM_4x48__1' to avoid
	a conflict with another design that has the same name but
different parameters. (LINK-17)
Information: Building the design 'MINI_b_ROM_1x16' instantiated from design 'layer1_compute' with
	the parameters "ROM_DATA=16'h1970". (HDL-193)

Statistics for case statements in always block at line 104 in file
	'../../rtl/rom_macros.sv'
===============================================
|           Line           |  full/ parallel  |
===============================================
|           105            |    auto/auto     |
===============================================

Inferred memory devices in process
	in routine MINI_b_ROM_1x16_1970 line 104 in file
		'../../rtl/rom_macros.sv'.
===============================================================================
|    Register Name    |   Type    | Width | Bus | MB | AR | AS | SR | SS | ST |
===============================================================================
|      dout_reg       | Flip-flop |  16   |  Y  | N  | N  | N  | N  | N  | N  |
===============================================================================
Presto compilation completed successfully.
Information: Building the design 'MINI_W_ROM_4x48' instantiated from design 'layer1_compute' with
	the parameters "ROM_DATA=192'h00e2fe3d0626fd7dffcdff3efb9701e9fb87fff700000000". (HDL-193)
Warning:  ../../rtl/rom_macros.sv:49: DEFAULT branch of CASE statement cannot be reached. (ELAB-311)

Statistics for case statements in always block at line 48 in file
	'../../rtl/rom_macros.sv'
===============================================
|           Line           |  full/ parallel  |
===============================================
|            49            |    auto/auto     |
===============================================

Inferred memory devices in process
	in routine MINI_W_ROM_4x48_ line 48 in file
		'../../rtl/rom_macros.sv'.
===============================================================================
|    Register Name    |   Type    | Width | Bus | MB | AR | AS | SR | SS | ST |
===============================================================================
|      dout_reg       | Flip-flop |  48   |  Y  | N  | N  | N  | N  | N  | N  |
===============================================================================
Presto compilation completed successfully.
Warning: Design 'MINI_W_ROM_4x48_' was renamed to 'MINI_W_ROM_4x48__2' to avoid
	a conflict with another design that has the same name but
different parameters. (LINK-17)
Information: Building the design 'MINI_b_ROM_1x16' instantiated from design 'layer1_compute' with
	the parameters "ROM_DATA=16'h1dcc". (HDL-193)

Statistics for case statements in always block at line 104 in file
	'../../rtl/rom_macros.sv'
===============================================
|           Line           |  full/ parallel  |
===============================================
|           105            |    auto/auto     |
===============================================

Inferred memory devices in process
	in routine MINI_b_ROM_1x16_1dcc line 104 in file
		'../../rtl/rom_macros.sv'.
===============================================================================
|    Register Name    |   Type    | Width | Bus | MB | AR | AS | SR | SS | ST |
===============================================================================
|      dout_reg       | Flip-flop |  16   |  Y  | N  | N  | N  | N  | N  | N  |
===============================================================================
Presto compilation completed successfully.
Information: Building the design 'MINI_W_ROM_4x48' instantiated from design 'layer1_compute' with
	the parameters "ROM_DATA=192'hff9efea71ec4fe7eff24003c05e30bda05ba003400000000". (HDL-193)
Warning:  ../../rtl/rom_macros.sv:49: DEFAULT branch of CASE statement cannot be reached. (ELAB-311)

Statistics for case statements in always block at line 48 in file
	'../../rtl/rom_macros.sv'
===============================================
|           Line           |  full/ parallel  |
===============================================
|            49            |    auto/auto     |
===============================================

Inferred memory devices in process
	in routine MINI_W_ROM_4x48_ line 48 in file
		'../../rtl/rom_macros.sv'.
===============================================================================
|    Register Name    |   Type    | Width | Bus | MB | AR | AS | SR | SS | ST |
===============================================================================
|      dout_reg       | Flip-flop |  48   |  Y  | N  | N  | N  | N  | N  | N  |
===============================================================================
Presto compilation completed successfully.
Warning: Design 'MINI_W_ROM_4x48_' was renamed to 'MINI_W_ROM_4x48__3' to avoid
	a conflict with another design that has the same name but
different parameters. (LINK-17)
Information: Building the design 'MINI_b_ROM_1x16' instantiated from design 'layer1_compute' with
	the parameters "ROM_DATA=16'h1a0c". (HDL-193)

Statistics for case statements in always block at line 104 in file
	'../../rtl/rom_macros.sv'
===============================================
|           Line           |  full/ parallel  |
===============================================
|           105            |    auto/auto     |
===============================================

Inferred memory devices in process
	in routine MINI_b_ROM_1x16_1a0c line 104 in file
		'../../rtl/rom_macros.sv'.
===============================================================================
|    Register Name    |   Type    | Width | Bus | MB | AR | AS | SR | SS | ST |
===============================================================================
|      dout_reg       | Flip-flop |  16   |  Y  | N  | N  | N  | N  | N  | N  |
===============================================================================
Presto compilation completed successfully.
Information: Building the design 'MINI_W_ROM_4x48' instantiated from design 'layer1_compute' with
	the parameters "ROM_DATA=192'hfe030ad202e40b16fe0d00910c901cfe094800ec00000000". (HDL-193)
Warning:  ../../rtl/rom_macros.sv:49: DEFAULT branch of CASE statement cannot be reached. (ELAB-311)

Statistics for case statements in always block at line 48 in file
	'../../rtl/rom_macros.sv'
===============================================
|           Line           |  full/ parallel  |
===============================================
|            49            |    auto/auto     |
===============================================

Inferred memory devices in process
	in routine MINI_W_ROM_4x48_ line 48 in file
		'../../rtl/rom_macros.sv'.
===============================================================================
|    Register Name    |   Type    | Width | Bus | MB | AR | AS | SR | SS | ST |
===============================================================================
|      dout_reg       | Flip-flop |  48   |  Y  | N  | N  | N  | N  | N  | N  |
===============================================================================
Presto compilation completed successfully.
Warning: Design 'MINI_W_ROM_4x48_' was renamed to 'MINI_W_ROM_4x48__4' to avoid
	a conflict with another design that has the same name but
different parameters. (LINK-17)
Information: Building the design 'MINI_b_ROM_1x16' instantiated from design 'layer1_compute' with
	the parameters "ROM_DATA=16'hfbfb". (HDL-193)

Statistics for case statements in always block at line 104 in file
	'../../rtl/rom_macros.sv'
===============================================
|           Line           |  full/ parallel  |
===============================================
|           105            |    auto/auto     |
===============================================

Inferred memory devices in process
	in routine MINI_b_ROM_1x16_fbfb line 104 in file
		'../../rtl/rom_macros.sv'.
===============================================================================
|    Register Name    |   Type    | Width | Bus | MB | AR | AS | SR | SS | ST |
===============================================================================
|      dout_reg       | Flip-flop |  16   |  Y  | N  | N  | N  | N  | N  | N  |
===============================================================================
Presto compilation completed successfully.
Information: Building the design 'MINI_W_ROM_4x48' instantiated from design 'layer1_compute' with
	the parameters "ROM_DATA=192'hfea1fd035443fcf9feafff880b7624520b84003e00000000". (HDL-193)
Warning:  ../../rtl/rom_macros.sv:49: DEFAULT branch of CASE statement cannot be reached. (ELAB-311)

Statistics for case statements in always block at line 48 in file
	'../../rtl/rom_macros.sv'
===============================================
|           Line           |  full/ parallel  |
===============================================
|            49            |    auto/auto     |
===============================================

Inferred memory devices in process
	in routine MINI_W_ROM_4x48_ line 48 in file
		'../../rtl/rom_macros.sv'.
===============================================================================
|    Register Name    |   Type    | Width | Bus | MB | AR | AS | SR | SS | ST |
===============================================================================
|      dout_reg       | Flip-flop |  48   |  Y  | N  | N  | N  | N  | N  | N  |
===============================================================================
Presto compilation completed successfully.
Warning: Design 'MINI_W_ROM_4x48_' was renamed to 'MINI_W_ROM_4x48__5' to avoid
	a conflict with another design that has the same name but
different parameters. (LINK-17)
Information: Building the design 'MINI_b_ROM_1x16' instantiated from design 'layer1_compute' with
	the parameters "ROM_DATA=16'hde72". (HDL-193)

Statistics for case statements in always block at line 104 in file
	'../../rtl/rom_macros.sv'
===============================================
|           Line           |  full/ parallel  |
===============================================
|           105            |    auto/auto     |
===============================================

Inferred memory devices in process
	in routine MINI_b_ROM_1x16_de72 line 104 in file
		'../../rtl/rom_macros.sv'.
===============================================================================
|    Register Name    |   Type    | Width | Bus | MB | AR | AS | SR | SS | ST |
===============================================================================
|      dout_reg       | Flip-flop |  16   |  Y  | N  | N  | N  | N  | N  | N  |
===============================================================================
Presto compilation completed successfully.
Information: Building the design 'MINI_W_ROM_4x48' instantiated from design 'layer1_compute' with
	the parameters "ROM_DATA=192'hff280cda29f40c3701a00246fb070277faf5fecb00000000". (HDL-193)
Warning:  ../../rtl/rom_macros.sv:49: DEFAULT branch of CASE statement cannot be reached. (ELAB-311)

Statistics for case statements in always block at line 48 in file
	'../../rtl/rom_macros.sv'
===============================================
|           Line           |  full/ parallel  |
===============================================
|            49            |    auto/auto     |
===============================================

Inferred memory devices in process
	in routine MINI_W_ROM_4x48_ line 48 in file
		'../../rtl/rom_macros.sv'.
===============================================================================
|    Register Name    |   Type    | Width | Bus | MB | AR | AS | SR | SS | ST |
===============================================================================
|      dout_reg       | Flip-flop |  48   |  Y  | N  | N  | N  | N  | N  | N  |
===============================================================================
Presto compilation completed successfully.
Warning: Design 'MINI_W_ROM_4x48_' was renamed to 'MINI_W_ROM_4x48__6' to avoid
	a conflict with another design that has the same name but
different parameters. (LINK-17)
Information: Building the design 'MINI_b_ROM_1x16' instantiated from design 'layer1_compute' with
	the parameters "ROM_DATA=16'he5bb". (HDL-193)

Statistics for case statements in always block at line 104 in file
	'../../rtl/rom_macros.sv'
===============================================
|           Line           |  full/ parallel  |
===============================================
|           105            |    auto/auto     |
===============================================

Inferred memory devices in process
	in routine MINI_b_ROM_1x16_e5bb line 104 in file
		'../../rtl/rom_macros.sv'.
===============================================================================
|    Register Name    |   Type    | Width | Bus | MB | AR | AS | SR | SS | ST |
===============================================================================
|      dout_reg       | Flip-flop |  16   |  Y  | N  | N  | N  | N  | N  | N  |
===============================================================================
Presto compilation completed successfully.
Information: Building the design 'MINI_W_ROM_4x48' instantiated from design 'layer1_compute' with
	the parameters "ROM_DATA=192'h003af857e19ff7feffe5fedcfd7d4060fdb9ff1700000000". (HDL-193)
Warning:  ../../rtl/rom_macros.sv:49: DEFAULT branch of CASE statement cannot be reached. (ELAB-311)

Statistics for case statements in always block at line 48 in file
	'../../rtl/rom_macros.sv'
===============================================
|           Line           |  full/ parallel  |
===============================================
|            49            |    auto/auto     |
===============================================

Inferred memory devices in process
	in routine MINI_W_ROM_4x48_ line 48 in file
		'../../rtl/rom_macros.sv'.
===============================================================================
|    Register Name    |   Type    | Width | Bus | MB | AR | AS | SR | SS | ST |
===============================================================================
|      dout_reg       | Flip-flop |  48   |  Y  | N  | N  | N  | N  | N  | N  |
===============================================================================
Presto compilation completed successfully.
Warning: Design 'MINI_W_ROM_4x48_' was renamed to 'MINI_W_ROM_4x48__7' to avoid
	a conflict with another design that has the same name but
different parameters. (LINK-17)
Information: Building the design 'MINI_b_ROM_1x16' instantiated from design 'layer1_compute' with
	the parameters "ROM_DATA=16'h2362". (HDL-193)

Statistics for case statements in always block at line 104 in file
	'../../rtl/rom_macros.sv'
===============================================
|           Line           |  full/ parallel  |
===============================================
|           105            |    auto/auto     |
===============================================

Inferred memory devices in process
	in routine MINI_b_ROM_1x16_2362 line 104 in file
		'../../rtl/rom_macros.sv'.
===============================================================================
|    Register Name    |   Type    | Width | Bus | MB | AR | AS | SR | SS | ST |
===============================================================================
|      dout_reg       | Flip-flop |  16   |  Y  | N  | N  | N  | N  | N  | N  |
===============================================================================
Presto compilation completed successfully.
Information: Building the design 'MINI_W_ROM_4x48' instantiated from design 'layer1_compute' with
	the parameters "ROM_DATA=192'hfe7f0ab745ff0c2fff2c018f08cb07e6091e020100000000". (HDL-193)
Warning:  ../../rtl/rom_macros.sv:49: DEFAULT branch of CASE statement cannot be reached. (ELAB-311)

Statistics for case statements in always block at line 48 in file
	'../../rtl/rom_macros.sv'
===============================================
|           Line           |  full/ parallel  |
===============================================
|            49            |    auto/auto     |
===============================================

Inferred memory devices in process
	in routine MINI_W_ROM_4x48_ line 48 in file
		'../../rtl/rom_macros.sv'.
===============================================================================
|    Register Name    |   Type    | Width | Bus | MB | AR | AS | SR | SS | ST |
===============================================================================
|      dout_reg       | Flip-flop |  48   |  Y  | N  | N  | N  | N  | N  | N  |
===============================================================================
Presto compilation completed successfully.
Warning: Design 'MINI_W_ROM_4x48_' was renamed to 'MINI_W_ROM_4x48__8' to avoid
	a conflict with another design that has the same name but
different parameters. (LINK-17)
Information: Building the design 'MINI_b_ROM_1x16' instantiated from design 'layer1_compute' with
	the parameters "ROM_DATA=16'hff32". (HDL-193)

Statistics for case statements in always block at line 104 in file
	'../../rtl/rom_macros.sv'
===============================================
|           Line           |  full/ parallel  |
===============================================
|           105            |    auto/auto     |
===============================================

Inferred memory devices in process
	in routine MINI_b_ROM_1x16_ff32 line 104 in file
		'../../rtl/rom_macros.sv'.
===============================================================================
|    Register Name    |   Type    | Width | Bus | MB | AR | AS | SR | SS | ST |
===============================================================================
|      dout_reg       | Flip-flop |  16   |  Y  | N  | N  | N  | N  | N  | N  |
===============================================================================
Presto compilation completed successfully.
Information: Building the design 'MINI_W_ROM_4x48' instantiated from design 'layer1_compute' with
	the parameters "ROM_DATA=192'h008bf4e407e5f2840009fe03f94c26b5f893fd4100000000". (HDL-193)
Warning:  ../../rtl/rom_macros.sv:49: DEFAULT branch of CASE statement cannot be reached. (ELAB-311)

Statistics for case statements in always block at line 48 in file
	'../../rtl/rom_macros.sv'
===============================================
|           Line           |  full/ parallel  |
===============================================
|            49            |    auto/auto     |
===============================================

Inferred memory devices in process
	in routine MINI_W_ROM_4x48_ line 48 in file
		'../../rtl/rom_macros.sv'.
===============================================================================
|    Register Name    |   Type    | Width | Bus | MB | AR | AS | SR | SS | ST |
===============================================================================
|      dout_reg       | Flip-flop |  48   |  Y  | N  | N  | N  | N  | N  | N  |
===============================================================================
Presto compilation completed successfully.
Warning: Design 'MINI_W_ROM_4x48_' was renamed to 'MINI_W_ROM_4x48__9' to avoid
	a conflict with another design that has the same name but
different parameters. (LINK-17)
Information: Building the design 'MINI_b_ROM_1x16' instantiated from design 'layer1_compute' with
	the parameters "ROM_DATA=16'hf110". (HDL-193)

Statistics for case statements in always block at line 104 in file
	'../../rtl/rom_macros.sv'
===============================================
|           Line           |  full/ parallel  |
===============================================
|           105            |    auto/auto     |
===============================================

Inferred memory devices in process
	in routine MINI_b_ROM_1x16_f110 line 104 in file
		'../../rtl/rom_macros.sv'.
===============================================================================
|    Register Name    |   Type    | Width | Bus | MB | AR | AS | SR | SS | ST |
===============================================================================
|      dout_reg       | Flip-flop |  16   |  Y  | N  | N  | N  | N  | N  | N  |
===============================================================================
Presto compilation completed successfully.
Information: Building the design 'MINI_W_ROM_4x48' instantiated from design 'layer1_compute' with
	the parameters "ROM_DATA=192'h023df1eb439deedbffc5fd9af7ad08f5f875ff0300000000". (HDL-193)
Warning:  ../../rtl/rom_macros.sv:49: DEFAULT branch of CASE statement cannot be reached. (ELAB-311)

Statistics for case statements in always block at line 48 in file
	'../../rtl/rom_macros.sv'
===============================================
|           Line           |  full/ parallel  |
===============================================
|            49            |    auto/auto     |
===============================================

Inferred memory devices in process
	in routine MINI_W_ROM_4x48_ line 48 in file
		'../../rtl/rom_macros.sv'.
===============================================================================
|    Register Name    |   Type    | Width | Bus | MB | AR | AS | SR | SS | ST |
===============================================================================
|      dout_reg       | Flip-flop |  48   |  Y  | N  | N  | N  | N  | N  | N  |
===============================================================================
Presto compilation completed successfully.
Warning: Design 'MINI_W_ROM_4x48_' was renamed to 'MINI_W_ROM_4x48__10' to avoid
	a conflict with another design that has the same name but
different parameters. (LINK-17)
Information: Building the design 'MINI_b_ROM_1x16' instantiated from design 'layer1_compute' with
	the parameters "ROM_DATA=16'hf46f". (HDL-193)

Statistics for case statements in always block at line 104 in file
	'../../rtl/rom_macros.sv'
===============================================
|           Line           |  full/ parallel  |
===============================================
|           105            |    auto/auto     |
===============================================

Inferred memory devices in process
	in routine MINI_b_ROM_1x16_f46f line 104 in file
		'../../rtl/rom_macros.sv'.
===============================================================================
|    Register Name    |   Type    | Width | Bus | MB | AR | AS | SR | SS | ST |
===============================================================================
|      dout_reg       | Flip-flop |  16   |  Y  | N  | N  | N  | N  | N  | N  |
===============================================================================
Presto compilation completed successfully.
Information: Building the design 'MINI_W_ROM_4x48' instantiated from design 'layer1_compute' with
	the parameters "ROM_DATA=192'h011d085ee87107df004c00ccfae6bdd5f9ef00fe00000000". (HDL-193)
Warning:  ../../rtl/rom_macros.sv:49: DEFAULT branch of CASE statement cannot be reached. (ELAB-311)

Statistics for case statements in always block at line 48 in file
	'../../rtl/rom_macros.sv'
===============================================
|           Line           |  full/ parallel  |
===============================================
|            49            |    auto/auto     |
===============================================

Inferred memory devices in process
	in routine MINI_W_ROM_4x48_ line 48 in file
		'../../rtl/rom_macros.sv'.
===============================================================================
|    Register Name    |   Type    | Width | Bus | MB | AR | AS | SR | SS | ST |
===============================================================================
|      dout_reg       | Flip-flop |  48   |  Y  | N  | N  | N  | N  | N  | N  |
===============================================================================
Presto compilation completed successfully.
Warning: Design 'MINI_W_ROM_4x48_' was renamed to 'MINI_W_ROM_4x48__11' to avoid
	a conflict with another design that has the same name but
different parameters. (LINK-17)
Information: Building the design 'MINI_b_ROM_1x16' instantiated from design 'layer1_compute' with
	the parameters "ROM_DATA=16'h0739". (HDL-193)

Statistics for case statements in always block at line 104 in file
	'../../rtl/rom_macros.sv'
===============================================
|           Line           |  full/ parallel  |
===============================================
|           105            |    auto/auto     |
===============================================

Inferred memory devices in process
	in routine MINI_b_ROM_1x16_0739 line 104 in file
		'../../rtl/rom_macros.sv'.
===============================================================================
|    Register Name    |   Type    | Width | Bus | MB | AR | AS | SR | SS | ST |
===============================================================================
|      dout_reg       | Flip-flop |  16   |  Y  | N  | N  | N  | N  | N  | N  |
===============================================================================
Presto compilation completed successfully.
Information: Building the design 'MINI_W_ROM_4x48' instantiated from design 'layer1_compute' with
	the parameters "ROM_DATA=192'hffb0f1eaf179efc9003afedf02e1088c0360fe0a00000000". (HDL-193)
Warning:  ../../rtl/rom_macros.sv:49: DEFAULT branch of CASE statement cannot be reached. (ELAB-311)

Statistics for case statements in always block at line 48 in file
	'../../rtl/rom_macros.sv'
===============================================
|           Line           |  full/ parallel  |
===============================================
|            49            |    auto/auto     |
===============================================

Inferred memory devices in process
	in routine MINI_W_ROM_4x48_ line 48 in file
		'../../rtl/rom_macros.sv'.
===============================================================================
|    Register Name    |   Type    | Width | Bus | MB | AR | AS | SR | SS | ST |
===============================================================================
|      dout_reg       | Flip-flop |  48   |  Y  | N  | N  | N  | N  | N  | N  |
===============================================================================
Presto compilation completed successfully.
Warning: Design 'MINI_W_ROM_4x48_' was renamed to 'MINI_W_ROM_4x48__12' to avoid
	a conflict with another design that has the same name but
different parameters. (LINK-17)
Information: Building the design 'MINI_b_ROM_1x16' instantiated from design 'layer1_compute' with
	the parameters "ROM_DATA=16'h02d3". (HDL-193)

Statistics for case statements in always block at line 104 in file
	'../../rtl/rom_macros.sv'
===============================================
|           Line           |  full/ parallel  |
===============================================
|           105            |    auto/auto     |
===============================================

Inferred memory devices in process
	in routine MINI_b_ROM_1x16_02d3 line 104 in file
		'../../rtl/rom_macros.sv'.
===============================================================================
|    Register Name    |   Type    | Width | Bus | MB | AR | AS | SR | SS | ST |
===============================================================================
|      dout_reg       | Flip-flop |  16   |  Y  | N  | N  | N  | N  | N  | N  |
===============================================================================
Presto compilation completed successfully.
Information: Building the design 'MINI_W_ROM_4x48' instantiated from design 'layer1_compute' with
	the parameters "ROM_DATA=192'h00edfab0b59bfa6d0054ff1af9143890f909ff6400000000". (HDL-193)
Warning:  ../../rtl/rom_macros.sv:49: DEFAULT branch of CASE statement cannot be reached. (ELAB-311)

Statistics for case statements in always block at line 48 in file
	'../../rtl/rom_macros.sv'
===============================================
|           Line           |  full/ parallel  |
===============================================
|            49            |    auto/auto     |
===============================================

Inferred memory devices in process
	in routine MINI_W_ROM_4x48_ line 48 in file
		'../../rtl/rom_macros.sv'.
===============================================================================
|    Register Name    |   Type    | Width | Bus | MB | AR | AS | SR | SS | ST |
===============================================================================
|      dout_reg       | Flip-flop |  48   |  Y  | N  | N  | N  | N  | N  | N  |
===============================================================================
Presto compilation completed successfully.
Warning: Design 'MINI_W_ROM_4x48_' was renamed to 'MINI_W_ROM_4x48__13' to avoid
	a conflict with another design that has the same name but
different parameters. (LINK-17)
Information: Building the design 'MINI_b_ROM_1x16' instantiated from design 'layer1_compute' with
	the parameters "ROM_DATA=16'hf567". (HDL-193)

Statistics for case statements in always block at line 104 in file
	'../../rtl/rom_macros.sv'
===============================================
|           Line           |  full/ parallel  |
===============================================
|           105            |    auto/auto     |
===============================================

Inferred memory devices in process
	in routine MINI_b_ROM_1x16_f567 line 104 in file
		'../../rtl/rom_macros.sv'.
===============================================================================
|    Register Name    |   Type    | Width | Bus | MB | AR | AS | SR | SS | ST |
===============================================================================
|      dout_reg       | Flip-flop |  16   |  Y  | N  | N  | N  | N  | N  | N  |
===============================================================================
Presto compilation completed successfully.
Information: Building the design 'MINI_W_ROM_4x48' instantiated from design 'layer1_compute' with
	the parameters "ROM_DATA=192'hfe220766fc750a04006000b00722b8e208fc00cd00000000". (HDL-193)
Warning:  ../../rtl/rom_macros.sv:49: DEFAULT branch of CASE statement cannot be reached. (ELAB-311)

Statistics for case statements in always block at line 48 in file
	'../../rtl/rom_macros.sv'
===============================================
|           Line           |  full/ parallel  |
===============================================
|            49            |    auto/auto     |
===============================================

Inferred memory devices in process
	in routine MINI_W_ROM_4x48_ line 48 in file
		'../../rtl/rom_macros.sv'.
===============================================================================
|    Register Name    |   Type    | Width | Bus | MB | AR | AS | SR | SS | ST |
===============================================================================
|      dout_reg       | Flip-flop |  48   |  Y  | N  | N  | N  | N  | N  | N  |
===============================================================================
Presto compilation completed successfully.
Warning: Design 'MINI_W_ROM_4x48_' was renamed to 'MINI_W_ROM_4x48__14' to avoid
	a conflict with another design that has the same name but
different parameters. (LINK-17)
Information: Building the design 'MINI_b_ROM_1x16' instantiated from design 'layer1_compute' with
	the parameters "ROM_DATA=16'hfc44". (HDL-193)

Statistics for case statements in always block at line 104 in file
	'../../rtl/rom_macros.sv'
===============================================
|           Line           |  full/ parallel  |
===============================================
|           105            |    auto/auto     |
===============================================

Inferred memory devices in process
	in routine MINI_b_ROM_1x16_fc44 line 104 in file
		'../../rtl/rom_macros.sv'.
===============================================================================
|    Register Name    |   Type    | Width | Bus | MB | AR | AS | SR | SS | ST |
===============================================================================
|      dout_reg       | Flip-flop |  16   |  Y  | N  | N  | N  | N  | N  | N  |
===============================================================================
Presto compilation completed successfully.
Information: Building the design 'MINI_W_ROM_4x48' instantiated from design 'layer1_compute' with
	the parameters "ROM_DATA=192'h001df80fe68ef7b1000ffee7fc865231fcb2ff4b00000000". (HDL-193)
Warning:  ../../rtl/rom_macros.sv:49: DEFAULT branch of CASE statement cannot be reached. (ELAB-311)

Statistics for case statements in always block at line 48 in file
	'../../rtl/rom_macros.sv'
===============================================
|           Line           |  full/ parallel  |
===============================================
|            49            |    auto/auto     |
===============================================

Inferred memory devices in process
	in routine MINI_W_ROM_4x48_ line 48 in file
		'../../rtl/rom_macros.sv'.
===============================================================================
|    Register Name    |   Type    | Width | Bus | MB | AR | AS | SR | SS | ST |
===============================================================================
|      dout_reg       | Flip-flop |  48   |  Y  | N  | N  | N  | N  | N  | N  |
===============================================================================
Presto compilation completed successfully.
Warning: Design 'MINI_W_ROM_4x48_' was renamed to 'MINI_W_ROM_4x48__15' to avoid
	a conflict with another design that has the same name but
different parameters. (LINK-17)
Information: Building the design 'MINI_b_ROM_1x16' instantiated from design 'layer1_compute' with
	the parameters "ROM_DATA=16'hf8c1". (HDL-193)

Statistics for case statements in always block at line 104 in file
	'../../rtl/rom_macros.sv'
===============================================
|           Line           |  full/ parallel  |
===============================================
|           105            |    auto/auto     |
===============================================

Inferred memory devices in process
	in routine MINI_b_ROM_1x16_f8c1 line 104 in file
		'../../rtl/rom_macros.sv'.
===============================================================================
|    Register Name    |   Type    | Width | Bus | MB | AR | AS | SR | SS | ST |
===============================================================================
|      dout_reg       | Flip-flop |  16   |  Y  | N  | N  | N  | N  | N  | N  |
===============================================================================
Presto compilation completed successfully.
Information: Building the design 'MINI_W_ROM_4x48' instantiated from design 'layer1_compute' with
	the parameters "ROM_DATA=192'h0035fa6bf2d1fa130029ff51fbae3faefbb2ffba00000000". (HDL-193)
Warning:  ../../rtl/rom_macros.sv:49: DEFAULT branch of CASE statement cannot be reached. (ELAB-311)

Statistics for case statements in always block at line 48 in file
	'../../rtl/rom_macros.sv'
===============================================
|           Line           |  full/ parallel  |
===============================================
|            49            |    auto/auto     |
===============================================

Inferred memory devices in process
	in routine MINI_W_ROM_4x48_ line 48 in file
		'../../rtl/rom_macros.sv'.
===============================================================================
|    Register Name    |   Type    | Width | Bus | MB | AR | AS | SR | SS | ST |
===============================================================================
|      dout_reg       | Flip-flop |  48   |  Y  | N  | N  | N  | N  | N  | N  |
===============================================================================
Presto compilation completed successfully.
Warning: Design 'MINI_W_ROM_4x48_' was renamed to 'MINI_W_ROM_4x48__16' to avoid
	a conflict with another design that has the same name but
different parameters. (LINK-17)
Information: Building the design 'MINI_b_ROM_1x16' instantiated from design 'layer1_compute' with
	the parameters "ROM_DATA=16'h06ea". (HDL-193)

Statistics for case statements in always block at line 104 in file
	'../../rtl/rom_macros.sv'
===============================================
|           Line           |  full/ parallel  |
===============================================
|           105            |    auto/auto     |
===============================================

Inferred memory devices in process
	in routine MINI_b_ROM_1x16_06ea line 104 in file
		'../../rtl/rom_macros.sv'.
===============================================================================
|    Register Name    |   Type    | Width | Bus | MB | AR | AS | SR | SS | ST |
===============================================================================
|      dout_reg       | Flip-flop |  16   |  Y  | N  | N  | N  | N  | N  | N  |
===============================================================================
Presto compilation completed successfully.
Information: Building the design 'MINI_W_ROM_4x48' instantiated from design 'layer1_compute' with
	the parameters "ROM_DATA=192'hfed3035f472303f0ffbb00f406eceb8c072f00ca00000000". (HDL-193)
Warning:  ../../rtl/rom_macros.sv:49: DEFAULT branch of CASE statement cannot be reached. (ELAB-311)

Statistics for case statements in always block at line 48 in file
	'../../rtl/rom_macros.sv'
===============================================
|           Line           |  full/ parallel  |
===============================================
|            49            |    auto/auto     |
===============================================

Inferred memory devices in process
	in routine MINI_W_ROM_4x48_ line 48 in file
		'../../rtl/rom_macros.sv'.
===============================================================================
|    Register Name    |   Type    | Width | Bus | MB | AR | AS | SR | SS | ST |
===============================================================================
|      dout_reg       | Flip-flop |  48   |  Y  | N  | N  | N  | N  | N  | N  |
===============================================================================
Presto compilation completed successfully.
Warning: Design 'MINI_W_ROM_4x48_' was renamed to 'MINI_W_ROM_4x48__17' to avoid
	a conflict with another design that has the same name but
different parameters. (LINK-17)
Information: Building the design 'MINI_b_ROM_1x16' instantiated from design 'layer1_compute' with
	the parameters "ROM_DATA=16'h03bf". (HDL-193)

Statistics for case statements in always block at line 104 in file
	'../../rtl/rom_macros.sv'
===============================================
|           Line           |  full/ parallel  |
===============================================
|           105            |    auto/auto     |
===============================================

Inferred memory devices in process
	in routine MINI_b_ROM_1x16_03bf line 104 in file
		'../../rtl/rom_macros.sv'.
===============================================================================
|    Register Name    |   Type    | Width | Bus | MB | AR | AS | SR | SS | ST |
===============================================================================
|      dout_reg       | Flip-flop |  16   |  Y  | N  | N  | N  | N  | N  | N  |
===============================================================================
Presto compilation completed successfully.
Information: Building the design 'MINI_W_ROM_4x48' instantiated from design 'layer1_compute' with
	the parameters "ROM_DATA=192'hff6ffb112bbafad6ff5b0003041c27820460ff8e00000000". (HDL-193)
Warning:  ../../rtl/rom_macros.sv:49: DEFAULT branch of CASE statement cannot be reached. (ELAB-311)

Statistics for case statements in always block at line 48 in file
	'../../rtl/rom_macros.sv'
===============================================
|           Line           |  full/ parallel  |
===============================================
|            49            |    auto/auto     |
===============================================

Inferred memory devices in process
	in routine MINI_W_ROM_4x48_ line 48 in file
		'../../rtl/rom_macros.sv'.
===============================================================================
|    Register Name    |   Type    | Width | Bus | MB | AR | AS | SR | SS | ST |
===============================================================================
|      dout_reg       | Flip-flop |  48   |  Y  | N  | N  | N  | N  | N  | N  |
===============================================================================
Presto compilation completed successfully.
Warning: Design 'MINI_W_ROM_4x48_' was renamed to 'MINI_W_ROM_4x48__18' to avoid
	a conflict with another design that has the same name but
different parameters. (LINK-17)
Information: Building the design 'MINI_b_ROM_1x16' instantiated from design 'layer1_compute' with
	the parameters "ROM_DATA=16'h2467". (HDL-193)

Statistics for case statements in always block at line 104 in file
	'../../rtl/rom_macros.sv'
===============================================
|           Line           |  full/ parallel  |
===============================================
|           105            |    auto/auto     |
===============================================

Inferred memory devices in process
	in routine MINI_b_ROM_1x16_2467 line 104 in file
		'../../rtl/rom_macros.sv'.
===============================================================================
|    Register Name    |   Type    | Width | Bus | MB | AR | AS | SR | SS | ST |
===============================================================================
|      dout_reg       | Flip-flop |  16   |  Y  | N  | N  | N  | N  | N  | N  |
===============================================================================
Presto compilation completed successfully.
Information: Building the design 'MINI_W_ROM_4x48' instantiated from design 'layer1_compute' with
	the parameters "ROM_DATA=192'hfeb9ffd50b8800edffa60060043859e503d0ff0900000000". (HDL-193)
Warning:  ../../rtl/rom_macros.sv:49: DEFAULT branch of CASE statement cannot be reached. (ELAB-311)

Statistics for case statements in always block at line 48 in file
	'../../rtl/rom_macros.sv'
===============================================
|           Line           |  full/ parallel  |
===============================================
|            49            |    auto/auto     |
===============================================

Inferred memory devices in process
	in routine MINI_W_ROM_4x48_ line 48 in file
		'../../rtl/rom_macros.sv'.
===============================================================================
|    Register Name    |   Type    | Width | Bus | MB | AR | AS | SR | SS | ST |
===============================================================================
|      dout_reg       | Flip-flop |  48   |  Y  | N  | N  | N  | N  | N  | N  |
===============================================================================
Presto compilation completed successfully.
Warning: Design 'MINI_W_ROM_4x48_' was renamed to 'MINI_W_ROM_4x48__19' to avoid
	a conflict with another design that has the same name but
different parameters. (LINK-17)
Information: Building the design 'MINI_b_ROM_1x16' instantiated from design 'layer1_compute' with
	the parameters "ROM_DATA=16'hcb20". (HDL-193)

Statistics for case statements in always block at line 104 in file
	'../../rtl/rom_macros.sv'
===============================================
|           Line           |  full/ parallel  |
===============================================
|           105            |    auto/auto     |
===============================================

Inferred memory devices in process
	in routine MINI_b_ROM_1x16_cb20 line 104 in file
		'../../rtl/rom_macros.sv'.
===============================================================================
|    Register Name    |   Type    | Width | Bus | MB | AR | AS | SR | SS | ST |
===============================================================================
|      dout_reg       | Flip-flop |  16   |  Y  | N  | N  | N  | N  | N  | N  |
===============================================================================
Presto compilation completed successfully.
Information: Building the design 'MINI_W_ROM_4x48' instantiated from design 'layer1_compute' with
	the parameters "ROM_DATA=192'hfe73f7a4f744f83cff6afef3088348aa0906fefa00000000". (HDL-193)
Warning:  ../../rtl/rom_macros.sv:49: DEFAULT branch of CASE statement cannot be reached. (ELAB-311)

Statistics for case statements in always block at line 48 in file
	'../../rtl/rom_macros.sv'
===============================================
|           Line           |  full/ parallel  |
===============================================
|            49            |    auto/auto     |
===============================================

Inferred memory devices in process
	in routine MINI_W_ROM_4x48_ line 48 in file
		'../../rtl/rom_macros.sv'.
===============================================================================
|    Register Name    |   Type    | Width | Bus | MB | AR | AS | SR | SS | ST |
===============================================================================
|      dout_reg       | Flip-flop |  48   |  Y  | N  | N  | N  | N  | N  | N  |
===============================================================================
Presto compilation completed successfully.
Warning: Design 'MINI_W_ROM_4x48_' was renamed to 'MINI_W_ROM_4x48__20' to avoid
	a conflict with another design that has the same name but
different parameters. (LINK-17)
Information: Building the design 'MINI_b_ROM_1x16' instantiated from design 'layer1_compute' with
	the parameters "ROM_DATA=16'hfd90". (HDL-193)

Statistics for case statements in always block at line 104 in file
	'../../rtl/rom_macros.sv'
===============================================
|           Line           |  full/ parallel  |
===============================================
|           105            |    auto/auto     |
===============================================

Inferred memory devices in process
	in routine MINI_b_ROM_1x16_fd90 line 104 in file
		'../../rtl/rom_macros.sv'.
===============================================================================
|    Register Name    |   Type    | Width | Bus | MB | AR | AS | SR | SS | ST |
===============================================================================
|      dout_reg       | Flip-flop |  16   |  Y  | N  | N  | N  | N  | N  | N  |
===============================================================================
Presto compilation completed successfully.
Information: Building the design 'MINI_W_ROM_4x48' instantiated from design 'layer1_compute' with
	the parameters "ROM_DATA=192'hfd38f332f3feef7ffdf0fce60fc1e05d0f0bfef600000000". (HDL-193)
Warning:  ../../rtl/rom_macros.sv:49: DEFAULT branch of CASE statement cannot be reached. (ELAB-311)

Statistics for case statements in always block at line 48 in file
	'../../rtl/rom_macros.sv'
===============================================
|           Line           |  full/ parallel  |
===============================================
|            49            |    auto/auto     |
===============================================

Inferred memory devices in process
	in routine MINI_W_ROM_4x48_ line 48 in file
		'../../rtl/rom_macros.sv'.
===============================================================================
|    Register Name    |   Type    | Width | Bus | MB | AR | AS | SR | SS | ST |
===============================================================================
|      dout_reg       | Flip-flop |  48   |  Y  | N  | N  | N  | N  | N  | N  |
===============================================================================
Presto compilation completed successfully.
Warning: Design 'MINI_W_ROM_4x48_' was renamed to 'MINI_W_ROM_4x48__21' to avoid
	a conflict with another design that has the same name but
different parameters. (LINK-17)
Information: Building the design 'MINI_b_ROM_1x16' instantiated from design 'layer1_compute' with
	the parameters "ROM_DATA=16'he589". (HDL-193)

Statistics for case statements in always block at line 104 in file
	'../../rtl/rom_macros.sv'
===============================================
|           Line           |  full/ parallel  |
===============================================
|           105            |    auto/auto     |
===============================================

Inferred memory devices in process
	in routine MINI_b_ROM_1x16_e589 line 104 in file
		'../../rtl/rom_macros.sv'.
===============================================================================
|    Register Name    |   Type    | Width | Bus | MB | AR | AS | SR | SS | ST |
===============================================================================
|      dout_reg       | Flip-flop |  16   |  Y  | N  | N  | N  | N  | N  | N  |
===============================================================================
Presto compilation completed successfully.
Information: Building the design 'MINI_W_ROM_4x48' instantiated from design 'layer1_compute' with
	the parameters "ROM_DATA=192'hff930af6433a0b74ffbe016e0563b8cf056e015800000000". (HDL-193)
Warning:  ../../rtl/rom_macros.sv:49: DEFAULT branch of CASE statement cannot be reached. (ELAB-311)

Statistics for case statements in always block at line 48 in file
	'../../rtl/rom_macros.sv'
===============================================
|           Line           |  full/ parallel  |
===============================================
|            49            |    auto/auto     |
===============================================

Inferred memory devices in process
	in routine MINI_W_ROM_4x48_ line 48 in file
		'../../rtl/rom_macros.sv'.
===============================================================================
|    Register Name    |   Type    | Width | Bus | MB | AR | AS | SR | SS | ST |
===============================================================================
|      dout_reg       | Flip-flop |  48   |  Y  | N  | N  | N  | N  | N  | N  |
===============================================================================
Presto compilation completed successfully.
Warning: Design 'MINI_W_ROM_4x48_' was renamed to 'MINI_W_ROM_4x48__22' to avoid
	a conflict with another design that has the same name but
different parameters. (LINK-17)
Information: Building the design 'MINI_b_ROM_1x16' instantiated from design 'layer1_compute' with
	the parameters "ROM_DATA=16'hf007". (HDL-193)

Statistics for case statements in always block at line 104 in file
	'../../rtl/rom_macros.sv'
===============================================
|           Line           |  full/ parallel  |
===============================================
|           105            |    auto/auto     |
===============================================

Inferred memory devices in process
	in routine MINI_b_ROM_1x16_f007 line 104 in file
		'../../rtl/rom_macros.sv'.
===============================================================================
|    Register Name    |   Type    | Width | Bus | MB | AR | AS | SR | SS | ST |
===============================================================================
|      dout_reg       | Flip-flop |  16   |  Y  | N  | N  | N  | N  | N  | N  |
===============================================================================
Presto compilation completed successfully.
Information: Building the design 'MINI_W_ROM_4x48' instantiated from design 'layer1_compute' with
	the parameters "ROM_DATA=192'h0262f8fb0362f6940062ff6ff8f5db81f5f5ff5000000000". (HDL-193)
Warning:  ../../rtl/rom_macros.sv:49: DEFAULT branch of CASE statement cannot be reached. (ELAB-311)

Statistics for case statements in always block at line 48 in file
	'../../rtl/rom_macros.sv'
===============================================
|           Line           |  full/ parallel  |
===============================================
|            49            |    auto/auto     |
===============================================

Inferred memory devices in process
	in routine MINI_W_ROM_4x48_ line 48 in file
		'../../rtl/rom_macros.sv'.
===============================================================================
|    Register Name    |   Type    | Width | Bus | MB | AR | AS | SR | SS | ST |
===============================================================================
|      dout_reg       | Flip-flop |  48   |  Y  | N  | N  | N  | N  | N  | N  |
===============================================================================
Presto compilation completed successfully.
Warning: Design 'MINI_W_ROM_4x48_' was renamed to 'MINI_W_ROM_4x48__23' to avoid
	a conflict with another design that has the same name but
different parameters. (LINK-17)
Information: Building the design 'MINI_b_ROM_1x16' instantiated from design 'layer1_compute' with
	the parameters "ROM_DATA=16'hec4d". (HDL-193)

Statistics for case statements in always block at line 104 in file
	'../../rtl/rom_macros.sv'
===============================================
|           Line           |  full/ parallel  |
===============================================
|           105            |    auto/auto     |
===============================================

Inferred memory devices in process
	in routine MINI_b_ROM_1x16_ec4d line 104 in file
		'../../rtl/rom_macros.sv'.
===============================================================================
|    Register Name    |   Type    | Width | Bus | MB | AR | AS | SR | SS | ST |
===============================================================================
|      dout_reg       | Flip-flop |  16   |  Y  | N  | N  | N  | N  | N  | N  |
===============================================================================
Presto compilation completed successfully.
Information: Building the design 'MINI_W_ROM_4x48' instantiated from design 'layer1_compute' with
	the parameters "ROM_DATA=192'h00310c020bfa0c0700f40006f8e8f817f9f4ff7400000000". (HDL-193)
Warning:  ../../rtl/rom_macros.sv:49: DEFAULT branch of CASE statement cannot be reached. (ELAB-311)

Statistics for case statements in always block at line 48 in file
	'../../rtl/rom_macros.sv'
===============================================
|           Line           |  full/ parallel  |
===============================================
|            49            |    auto/auto     |
===============================================

Inferred memory devices in process
	in routine MINI_W_ROM_4x48_ line 48 in file
		'../../rtl/rom_macros.sv'.
===============================================================================
|    Register Name    |   Type    | Width | Bus | MB | AR | AS | SR | SS | ST |
===============================================================================
|      dout_reg       | Flip-flop |  48   |  Y  | N  | N  | N  | N  | N  | N  |
===============================================================================
Presto compilation completed successfully.
Warning: Design 'MINI_W_ROM_4x48_' was renamed to 'MINI_W_ROM_4x48__24' to avoid
	a conflict with another design that has the same name but
different parameters. (LINK-17)
Information: Building the design 'MINI_b_ROM_1x16' instantiated from design 'layer1_compute' with
	the parameters "ROM_DATA=16'hfef4". (HDL-193)

Statistics for case statements in always block at line 104 in file
	'../../rtl/rom_macros.sv'
===============================================
|           Line           |  full/ parallel  |
===============================================
|           105            |    auto/auto     |
===============================================

Inferred memory devices in process
	in routine MINI_b_ROM_1x16_fef4 line 104 in file
		'../../rtl/rom_macros.sv'.
===============================================================================
|    Register Name    |   Type    | Width | Bus | MB | AR | AS | SR | SS | ST |
===============================================================================
|      dout_reg       | Flip-flop |  16   |  Y  | N  | N  | N  | N  | N  | N  |
===============================================================================
Presto compilation completed successfully.
Information: Building the design 'MINI_W_ROM_4x48' instantiated from design 'layer1_compute' with
	the parameters "ROM_DATA=192'h011a03d4e08102ee005dfffdf739d734f705003300000000". (HDL-193)
Warning:  ../../rtl/rom_macros.sv:49: DEFAULT branch of CASE statement cannot be reached. (ELAB-311)

Statistics for case statements in always block at line 48 in file
	'../../rtl/rom_macros.sv'
===============================================
|           Line           |  full/ parallel  |
===============================================
|            49            |    auto/auto     |
===============================================

Inferred memory devices in process
	in routine MINI_W_ROM_4x48_ line 48 in file
		'../../rtl/rom_macros.sv'.
===============================================================================
|    Register Name    |   Type    | Width | Bus | MB | AR | AS | SR | SS | ST |
===============================================================================
|      dout_reg       | Flip-flop |  48   |  Y  | N  | N  | N  | N  | N  | N  |
===============================================================================
Presto compilation completed successfully.
Warning: Design 'MINI_W_ROM_4x48_' was renamed to 'MINI_W_ROM_4x48__25' to avoid
	a conflict with another design that has the same name but
different parameters. (LINK-17)
Information: Building the design 'MINI_b_ROM_1x16' instantiated from design 'layer1_compute' with
	the parameters "ROM_DATA=16'h0384". (HDL-193)

Statistics for case statements in always block at line 104 in file
	'../../rtl/rom_macros.sv'
===============================================
|           Line           |  full/ parallel  |
===============================================
|           105            |    auto/auto     |
===============================================

Inferred memory devices in process
	in routine MINI_b_ROM_1x16_0384 line 104 in file
		'../../rtl/rom_macros.sv'.
===============================================================================
|    Register Name    |   Type    | Width | Bus | MB | AR | AS | SR | SS | ST |
===============================================================================
|      dout_reg       | Flip-flop |  16   |  Y  | N  | N  | N  | N  | N  | N  |
===============================================================================
Presto compilation completed successfully.
Information: Building the design 'MINI_W_ROM_4x48' instantiated from design 'layer1_compute' with
	the parameters "ROM_DATA=192'hffa8f7a205bade9b015efed0010df9e6f575fb7900000000". (HDL-193)
Warning:  ../../rtl/rom_macros.sv:49: DEFAULT branch of CASE statement cannot be reached. (ELAB-311)

Statistics for case statements in always block at line 48 in file
	'../../rtl/rom_macros.sv'
===============================================
|           Line           |  full/ parallel  |
===============================================
|            49            |    auto/auto     |
===============================================

Inferred memory devices in process
	in routine MINI_W_ROM_4x48_ line 48 in file
		'../../rtl/rom_macros.sv'.
===============================================================================
|    Register Name    |   Type    | Width | Bus | MB | AR | AS | SR | SS | ST |
===============================================================================
|      dout_reg       | Flip-flop |  48   |  Y  | N  | N  | N  | N  | N  | N  |
===============================================================================
Presto compilation completed successfully.
Warning: Design 'MINI_W_ROM_4x48_' was renamed to 'MINI_W_ROM_4x48__26' to avoid
	a conflict with another design that has the same name but
different parameters. (LINK-17)
Information: Building the design 'MINI_b_ROM_1x16' instantiated from design 'layer1_compute' with
	the parameters "ROM_DATA=16'he4ee". (HDL-193)

Statistics for case statements in always block at line 104 in file
	'../../rtl/rom_macros.sv'
===============================================
|           Line           |  full/ parallel  |
===============================================
|           105            |    auto/auto     |
===============================================

Inferred memory devices in process
	in routine MINI_b_ROM_1x16_e4ee line 104 in file
		'../../rtl/rom_macros.sv'.
===============================================================================
|    Register Name    |   Type    | Width | Bus | MB | AR | AS | SR | SS | ST |
===============================================================================
|      dout_reg       | Flip-flop |  16   |  Y  | N  | N  | N  | N  | N  | N  |
===============================================================================
Presto compilation completed successfully.
Information: Building the design 'MINI_W_ROM_4x48' instantiated from design 'layer1_compute' with
	the parameters "ROM_DATA=192'h00c4029fc0aa02ce0048003bfc94edbafc3d002b00000000". (HDL-193)
Warning:  ../../rtl/rom_macros.sv:49: DEFAULT branch of CASE statement cannot be reached. (ELAB-311)

Statistics for case statements in always block at line 48 in file
	'../../rtl/rom_macros.sv'
===============================================
|           Line           |  full/ parallel  |
===============================================
|            49            |    auto/auto     |
===============================================

Inferred memory devices in process
	in routine MINI_W_ROM_4x48_ line 48 in file
		'../../rtl/rom_macros.sv'.
===============================================================================
|    Register Name    |   Type    | Width | Bus | MB | AR | AS | SR | SS | ST |
===============================================================================
|      dout_reg       | Flip-flop |  48   |  Y  | N  | N  | N  | N  | N  | N  |
===============================================================================
Presto compilation completed successfully.
Warning: Design 'MINI_W_ROM_4x48_' was renamed to 'MINI_W_ROM_4x48__27' to avoid
	a conflict with another design that has the same name but
different parameters. (LINK-17)
Information: Building the design 'MINI_b_ROM_1x16' instantiated from design 'layer1_compute' with
	the parameters "ROM_DATA=16'h12ad". (HDL-193)

Statistics for case statements in always block at line 104 in file
	'../../rtl/rom_macros.sv'
===============================================
|           Line           |  full/ parallel  |
===============================================
|           105            |    auto/auto     |
===============================================

Inferred memory devices in process
	in routine MINI_b_ROM_1x16_12ad line 104 in file
		'../../rtl/rom_macros.sv'.
===============================================================================
|    Register Name    |   Type    | Width | Bus | MB | AR | AS | SR | SS | ST |
===============================================================================
|      dout_reg       | Flip-flop |  16   |  Y  | N  | N  | N  | N  | N  | N  |
===============================================================================
Presto compilation completed successfully.
Information: Building the design 'MINI_W_ROM_4x48' instantiated from design 'layer1_compute' with
	the parameters "ROM_DATA=192'hfeb2fc8037affc99fddeff0c0b31532d0b0500a900000000". (HDL-193)
Warning:  ../../rtl/rom_macros.sv:49: DEFAULT branch of CASE statement cannot be reached. (ELAB-311)

Statistics for case statements in always block at line 48 in file
	'../../rtl/rom_macros.sv'
===============================================
|           Line           |  full/ parallel  |
===============================================
|            49            |    auto/auto     |
===============================================

Inferred memory devices in process
	in routine MINI_W_ROM_4x48_ line 48 in file
		'../../rtl/rom_macros.sv'.
===============================================================================
|    Register Name    |   Type    | Width | Bus | MB | AR | AS | SR | SS | ST |
===============================================================================
|      dout_reg       | Flip-flop |  48   |  Y  | N  | N  | N  | N  | N  | N  |
===============================================================================
Presto compilation completed successfully.
Warning: Design 'MINI_W_ROM_4x48_' was renamed to 'MINI_W_ROM_4x48__28' to avoid
	a conflict with another design that has the same name but
different parameters. (LINK-17)
Information: Building the design 'MINI_b_ROM_1x16' instantiated from design 'layer1_compute' with
	the parameters "ROM_DATA=16'hdfd7". (HDL-193)

Statistics for case statements in always block at line 104 in file
	'../../rtl/rom_macros.sv'
===============================================
|           Line           |  full/ parallel  |
===============================================
|           105            |    auto/auto     |
===============================================

Inferred memory devices in process
	in routine MINI_b_ROM_1x16_dfd7 line 104 in file
		'../../rtl/rom_macros.sv'.
===============================================================================
|    Register Name    |   Type    | Width | Bus | MB | AR | AS | SR | SS | ST |
===============================================================================
|      dout_reg       | Flip-flop |  16   |  Y  | N  | N  | N  | N  | N  | N  |
===============================================================================
Presto compilation completed successfully.
Information: Building the design 'MINI_W_ROM_4x48' instantiated from design 'layer1_compute' with
	the parameters "ROM_DATA=192'hff22fdb91996fdc7fed5ff8f07902d220737001a00000000". (HDL-193)
Warning:  ../../rtl/rom_macros.sv:49: DEFAULT branch of CASE statement cannot be reached. (ELAB-311)

Statistics for case statements in always block at line 48 in file
	'../../rtl/rom_macros.sv'
===============================================
|           Line           |  full/ parallel  |
===============================================
|            49            |    auto/auto     |
===============================================

Inferred memory devices in process
	in routine MINI_W_ROM_4x48_ line 48 in file
		'../../rtl/rom_macros.sv'.
===============================================================================
|    Register Name    |   Type    | Width | Bus | MB | AR | AS | SR | SS | ST |
===============================================================================
|      dout_reg       | Flip-flop |  48   |  Y  | N  | N  | N  | N  | N  | N  |
===============================================================================
Presto compilation completed successfully.
Warning: Design 'MINI_W_ROM_4x48_' was renamed to 'MINI_W_ROM_4x48__29' to avoid
	a conflict with another design that has the same name but
different parameters. (LINK-17)
Information: Building the design 'MINI_b_ROM_1x16' instantiated from design 'layer1_compute' with
	the parameters "ROM_DATA=16'h03aa". (HDL-193)

Statistics for case statements in always block at line 104 in file
	'../../rtl/rom_macros.sv'
===============================================
|           Line           |  full/ parallel  |
===============================================
|           105            |    auto/auto     |
===============================================

Inferred memory devices in process
	in routine MINI_b_ROM_1x16_03aa line 104 in file
		'../../rtl/rom_macros.sv'.
===============================================================================
|    Register Name    |   Type    | Width | Bus | MB | AR | AS | SR | SS | ST |
===============================================================================
|      dout_reg       | Flip-flop |  16   |  Y  | N  | N  | N  | N  | N  | N  |
===============================================================================
Presto compilation completed successfully.
Information: Building the design 'MINI_W_ROM_4x48' instantiated from design 'layer1_compute' with
	the parameters "ROM_DATA=192'h0036fe3cfd13e3b8fd85fe5d025ff6d02029006000000000". (HDL-193)
Warning:  ../../rtl/rom_macros.sv:49: DEFAULT branch of CASE statement cannot be reached. (ELAB-311)

Statistics for case statements in always block at line 48 in file
	'../../rtl/rom_macros.sv'
===============================================
|           Line           |  full/ parallel  |
===============================================
|            49            |    auto/auto     |
===============================================

Inferred memory devices in process
	in routine MINI_W_ROM_4x48_ line 48 in file
		'../../rtl/rom_macros.sv'.
===============================================================================
|    Register Name    |   Type    | Width | Bus | MB | AR | AS | SR | SS | ST |
===============================================================================
|      dout_reg       | Flip-flop |  48   |  Y  | N  | N  | N  | N  | N  | N  |
===============================================================================
Presto compilation completed successfully.
Warning: Design 'MINI_W_ROM_4x48_' was renamed to 'MINI_W_ROM_4x48__30' to avoid
	a conflict with another design that has the same name but
different parameters. (LINK-17)
Information: Building the design 'MINI_b_ROM_1x16' instantiated from design 'layer1_compute' with
	the parameters "ROM_DATA=16'he00f". (HDL-193)

Statistics for case statements in always block at line 104 in file
	'../../rtl/rom_macros.sv'
===============================================
|           Line           |  full/ parallel  |
===============================================
|           105            |    auto/auto     |
===============================================

Inferred memory devices in process
	in routine MINI_b_ROM_1x16_e00f line 104 in file
		'../../rtl/rom_macros.sv'.
===============================================================================
|    Register Name    |   Type    | Width | Bus | MB | AR | AS | SR | SS | ST |
===============================================================================
|      dout_reg       | Flip-flop |  16   |  Y  | N  | N  | N  | N  | N  | N  |
===============================================================================
Presto compilation completed successfully.
Information: Building the design 'MINI_W_ROM_4x48' instantiated from design 'layer1_compute' with
	the parameters "ROM_DATA=192'hff6bffee32ceffddff6d003205450395053c003700000000". (HDL-193)
Warning:  ../../rtl/rom_macros.sv:49: DEFAULT branch of CASE statement cannot be reached. (ELAB-311)

Statistics for case statements in always block at line 48 in file
	'../../rtl/rom_macros.sv'
===============================================
|           Line           |  full/ parallel  |
===============================================
|            49            |    auto/auto     |
===============================================

Inferred memory devices in process
	in routine MINI_W_ROM_4x48_ line 48 in file
		'../../rtl/rom_macros.sv'.
===============================================================================
|    Register Name    |   Type    | Width | Bus | MB | AR | AS | SR | SS | ST |
===============================================================================
|      dout_reg       | Flip-flop |  48   |  Y  | N  | N  | N  | N  | N  | N  |
===============================================================================
Presto compilation completed successfully.
Warning: Design 'MINI_W_ROM_4x48_' was renamed to 'MINI_W_ROM_4x48__31' to avoid
	a conflict with another design that has the same name but
different parameters. (LINK-17)
Information: Building the design 'MINI_b_ROM_1x16' instantiated from design 'layer1_compute' with
	the parameters "ROM_DATA=16'h2209". (HDL-193)

Statistics for case statements in always block at line 104 in file
	'../../rtl/rom_macros.sv'
===============================================
|           Line           |  full/ parallel  |
===============================================
|           105            |    auto/auto     |
===============================================

Inferred memory devices in process
	in routine MINI_b_ROM_1x16_2209 line 104 in file
		'../../rtl/rom_macros.sv'.
===============================================================================
|    Register Name    |   Type    | Width | Bus | MB | AR | AS | SR | SS | ST |
===============================================================================
|      dout_reg       | Flip-flop |  16   |  Y  | N  | N  | N  | N  | N  | N  |
===============================================================================
Presto compilation completed successfully.
Information: Building the design 'MINI_W_ROM_6x48' instantiated from design 'layer2_compute' with
	the parameters "ROM_DATA=288'he9ceef9d061d0de50994d12bfad4fa260138fbb1ec2601fffbdaeba304e0fa3300000000". (HDL-193)

Statistics for case statements in always block at line 78 in file
	'../../rtl/rom_macros.sv'
===============================================
|           Line           |  full/ parallel  |
===============================================
|            79            |    auto/auto     |
===============================================

Inferred memory devices in process
	in routine MINI_W_ROM_6x48_ line 78 in file
		'../../rtl/rom_macros.sv'.
===============================================================================
|    Register Name    |   Type    | Width | Bus | MB | AR | AS | SR | SS | ST |
===============================================================================
|      dout_reg       | Flip-flop |  48   |  Y  | N  | N  | N  | N  | N  | N  |
===============================================================================
Presto compilation completed successfully.
Information: Building the design 'MINI_W_ROM_6x48' instantiated from design 'layer2_compute' with
	the parameters "ROM_DATA=288'h0135da6e0553e79b012ff94bf2a000e8ffb408f1000a0545e45bfa88024b1ebd00000000". (HDL-193)

Statistics for case statements in always block at line 78 in file
	'../../rtl/rom_macros.sv'
===============================================
|           Line           |  full/ parallel  |
===============================================
|            79            |    auto/auto     |
===============================================

Inferred memory devices in process
	in routine MINI_W_ROM_6x48_ line 78 in file
		'../../rtl/rom_macros.sv'.
===============================================================================
|    Register Name    |   Type    | Width | Bus | MB | AR | AS | SR | SS | ST |
===============================================================================
|      dout_reg       | Flip-flop |  48   |  Y  | N  | N  | N  | N  | N  | N  |
===============================================================================
Presto compilation completed successfully.
Warning: Design 'MINI_W_ROM_6x48_' was renamed to 'MINI_W_ROM_6x48__1' to avoid
	a conflict with another design that has the same name but
different parameters. (LINK-17)
Information: Building the design 'MINI_b_ROM_1x16' instantiated from design 'layer2_compute' with
	the parameters "ROM_DATA=16'h1924". (HDL-193)

Statistics for case statements in always block at line 104 in file
	'../../rtl/rom_macros.sv'
===============================================
|           Line           |  full/ parallel  |
===============================================
|           105            |    auto/auto     |
===============================================

Inferred memory devices in process
	in routine MINI_b_ROM_1x16_1924 line 104 in file
		'../../rtl/rom_macros.sv'.
===============================================================================
|    Register Name    |   Type    | Width | Bus | MB | AR | AS | SR | SS | ST |
===============================================================================
|      dout_reg       | Flip-flop |  16   |  Y  | N  | N  | N  | N  | N  | N  |
===============================================================================
Presto compilation completed successfully.
Information: Building the design 'MINI_W_ROM_6x48' instantiated from design 'layer2_compute' with
	the parameters "ROM_DATA=288'hfeaae06ff136f3eef758ff0300000c41000004b3053c042701aa19ae03d0fda100000000". (HDL-193)

Statistics for case statements in always block at line 78 in file
	'../../rtl/rom_macros.sv'
===============================================
|           Line           |  full/ parallel  |
===============================================
|            79            |    auto/auto     |
===============================================

Inferred memory devices in process
	in routine MINI_W_ROM_6x48_ line 78 in file
		'../../rtl/rom_macros.sv'.
===============================================================================
|    Register Name    |   Type    | Width | Bus | MB | AR | AS | SR | SS | ST |
===============================================================================
|      dout_reg       | Flip-flop |  48   |  Y  | N  | N  | N  | N  | N  | N  |
===============================================================================
Presto compilation completed successfully.
Warning: Design 'MINI_W_ROM_6x48_' was renamed to 'MINI_W_ROM_6x48__2' to avoid
	a conflict with another design that has the same name but
different parameters. (LINK-17)
Information: Building the design 'MINI_W_ROM_6x48' instantiated from design 'layer2_compute' with
	the parameters "ROM_DATA=288'hffe100000263e2a3f5f5132f0000fe0506580121015e13ee060efd13f9b21af800000000". (HDL-193)

Statistics for case statements in always block at line 78 in file
	'../../rtl/rom_macros.sv'
===============================================
|           Line           |  full/ parallel  |
===============================================
|            79            |    auto/auto     |
===============================================

Inferred memory devices in process
	in routine MINI_W_ROM_6x48_ line 78 in file
		'../../rtl/rom_macros.sv'.
===============================================================================
|    Register Name    |   Type    | Width | Bus | MB | AR | AS | SR | SS | ST |
===============================================================================
|      dout_reg       | Flip-flop |  48   |  Y  | N  | N  | N  | N  | N  | N  |
===============================================================================
Presto compilation completed successfully.
Warning: Design 'MINI_W_ROM_6x48_' was renamed to 'MINI_W_ROM_6x48__3' to avoid
	a conflict with another design that has the same name but
different parameters. (LINK-17)
Information: Building the design 'MINI_b_ROM_1x16' instantiated from design 'layer2_compute' with
	the parameters "ROM_DATA=16'he606". (HDL-193)

Statistics for case statements in always block at line 104 in file
	'../../rtl/rom_macros.sv'
===============================================
|           Line           |  full/ parallel  |
===============================================
|           105            |    auto/auto     |
===============================================

Inferred memory devices in process
	in routine MINI_b_ROM_1x16_e606 line 104 in file
		'../../rtl/rom_macros.sv'.
===============================================================================
|    Register Name    |   Type    | Width | Bus | MB | AR | AS | SR | SS | ST |
===============================================================================
|      dout_reg       | Flip-flop |  16   |  Y  | N  | N  | N  | N  | N  | N  |
===============================================================================
Presto compilation completed successfully.
Information: Building the design 'MINI_W_ROM_6x48' instantiated from design 'layer2_compute' with
	the parameters "ROM_DATA=288'hfcb905841337067107abfe0900dcef02f4c9f8a2feadff4efd4ef82bf70d0bb300000000". (HDL-193)

Statistics for case statements in always block at line 78 in file
	'../../rtl/rom_macros.sv'
===============================================
|           Line           |  full/ parallel  |
===============================================
|            79            |    auto/auto     |
===============================================

Inferred memory devices in process
	in routine MINI_W_ROM_6x48_ line 78 in file
		'../../rtl/rom_macros.sv'.
===============================================================================
|    Register Name    |   Type    | Width | Bus | MB | AR | AS | SR | SS | ST |
===============================================================================
|      dout_reg       | Flip-flop |  48   |  Y  | N  | N  | N  | N  | N  | N  |
===============================================================================
Presto compilation completed successfully.
Warning: Design 'MINI_W_ROM_6x48_' was renamed to 'MINI_W_ROM_6x48__4' to avoid
	a conflict with another design that has the same name but
different parameters. (LINK-17)
Information: Building the design 'MINI_W_ROM_6x48' instantiated from design 'layer2_compute' with
	the parameters "ROM_DATA=288'h018ee6550dc1fc000af4fa2bf602f17801c4ebe701abf7dff685fafb062911e100000000". (HDL-193)

Statistics for case statements in always block at line 78 in file
	'../../rtl/rom_macros.sv'
===============================================
|           Line           |  full/ parallel  |
===============================================
|            79            |    auto/auto     |
===============================================

Inferred memory devices in process
	in routine MINI_W_ROM_6x48_ line 78 in file
		'../../rtl/rom_macros.sv'.
===============================================================================
|    Register Name    |   Type    | Width | Bus | MB | AR | AS | SR | SS | ST |
===============================================================================
|      dout_reg       | Flip-flop |  48   |  Y  | N  | N  | N  | N  | N  | N  |
===============================================================================
Presto compilation completed successfully.
Warning: Design 'MINI_W_ROM_6x48_' was renamed to 'MINI_W_ROM_6x48__5' to avoid
	a conflict with another design that has the same name but
different parameters. (LINK-17)
Information: Building the design 'MINI_b_ROM_1x16' instantiated from design 'layer2_compute' with
	the parameters "ROM_DATA=16'h0d7c". (HDL-193)

Statistics for case statements in always block at line 104 in file
	'../../rtl/rom_macros.sv'
===============================================
|           Line           |  full/ parallel  |
===============================================
|           105            |    auto/auto     |
===============================================

Inferred memory devices in process
	in routine MINI_b_ROM_1x16_0d7c line 104 in file
		'../../rtl/rom_macros.sv'.
===============================================================================
|    Register Name    |   Type    | Width | Bus | MB | AR | AS | SR | SS | ST |
===============================================================================
|      dout_reg       | Flip-flop |  16   |  Y  | N  | N  | N  | N  | N  | N  |
===============================================================================
Presto compilation completed successfully.
Information: Building the design 'MINI_W_ROM_6x48' instantiated from design 'layer2_compute' with
	the parameters "ROM_DATA=288'h058bf5e00b000055013401b1fcadf96309caffecfa1dfe1000dcf191069bf7e400000000". (HDL-193)

Statistics for case statements in always block at line 78 in file
	'../../rtl/rom_macros.sv'
===============================================
|           Line           |  full/ parallel  |
===============================================
|            79            |    auto/auto     |
===============================================

Inferred memory devices in process
	in routine MINI_W_ROM_6x48_ line 78 in file
		'../../rtl/rom_macros.sv'.
===============================================================================
|    Register Name    |   Type    | Width | Bus | MB | AR | AS | SR | SS | ST |
===============================================================================
|      dout_reg       | Flip-flop |  48   |  Y  | N  | N  | N  | N  | N  | N  |
===============================================================================
Presto compilation completed successfully.
Warning: Design 'MINI_W_ROM_6x48_' was renamed to 'MINI_W_ROM_6x48__6' to avoid
	a conflict with another design that has the same name but
different parameters. (LINK-17)
Information: Building the design 'MINI_W_ROM_6x48' instantiated from design 'layer2_compute' with
	the parameters "ROM_DATA=288'hfcdbffbe0e3807a4f90c03c2f790ffd7fc5e008f001a0ce90b2ffbfe007f059300000000". (HDL-193)

Statistics for case statements in always block at line 78 in file
	'../../rtl/rom_macros.sv'
===============================================
|           Line           |  full/ parallel  |
===============================================
|            79            |    auto/auto     |
===============================================

Inferred memory devices in process
	in routine MINI_W_ROM_6x48_ line 78 in file
		'../../rtl/rom_macros.sv'.
===============================================================================
|    Register Name    |   Type    | Width | Bus | MB | AR | AS | SR | SS | ST |
===============================================================================
|      dout_reg       | Flip-flop |  48   |  Y  | N  | N  | N  | N  | N  | N  |
===============================================================================
Presto compilation completed successfully.
Warning: Design 'MINI_W_ROM_6x48_' was renamed to 'MINI_W_ROM_6x48__7' to avoid
	a conflict with another design that has the same name but
different parameters. (LINK-17)
Information: Building the design 'MINI_b_ROM_1x16' instantiated from design 'layer2_compute' with
	the parameters "ROM_DATA=16'h07dc". (HDL-193)

Statistics for case statements in always block at line 104 in file
	'../../rtl/rom_macros.sv'
===============================================
|           Line           |  full/ parallel  |
===============================================
|           105            |    auto/auto     |
===============================================

Inferred memory devices in process
	in routine MINI_b_ROM_1x16_07dc line 104 in file
		'../../rtl/rom_macros.sv'.
===============================================================================
|    Register Name    |   Type    | Width | Bus | MB | AR | AS | SR | SS | ST |
===============================================================================
|      dout_reg       | Flip-flop |  16   |  Y  | N  | N  | N  | N  | N  | N  |
===============================================================================
Presto compilation completed successfully.
Information: Building the design 'MINI_W_ROM_6x48' instantiated from design 'layer2_compute' with
	the parameters "ROM_DATA=288'he6a804f3f761f157fc2d0000ffcff684ddbe000013ac13300040e4ab150f000000000000". (HDL-193)

Statistics for case statements in always block at line 78 in file
	'../../rtl/rom_macros.sv'
===============================================
|           Line           |  full/ parallel  |
===============================================
|            79            |    auto/auto     |
===============================================

Inferred memory devices in process
	in routine MINI_W_ROM_6x48_ line 78 in file
		'../../rtl/rom_macros.sv'.
===============================================================================
|    Register Name    |   Type    | Width | Bus | MB | AR | AS | SR | SS | ST |
===============================================================================
|      dout_reg       | Flip-flop |  48   |  Y  | N  | N  | N  | N  | N  | N  |
===============================================================================
Presto compilation completed successfully.
Warning: Design 'MINI_W_ROM_6x48_' was renamed to 'MINI_W_ROM_6x48__8' to avoid
	a conflict with another design that has the same name but
different parameters. (LINK-17)
Information: Building the design 'MINI_W_ROM_6x48' instantiated from design 'layer2_compute' with
	the parameters "ROM_DATA=288'hff8b03dde8e600000000047c0ff1104104601425060707e500000000f9eae95900000000". (HDL-193)

Statistics for case statements in always block at line 78 in file
	'../../rtl/rom_macros.sv'
===============================================
|           Line           |  full/ parallel  |
===============================================
|            79            |    auto/auto     |
===============================================

Inferred memory devices in process
	in routine MINI_W_ROM_6x48_ line 78 in file
		'../../rtl/rom_macros.sv'.
===============================================================================
|    Register Name    |   Type    | Width | Bus | MB | AR | AS | SR | SS | ST |
===============================================================================
|      dout_reg       | Flip-flop |  48   |  Y  | N  | N  | N  | N  | N  | N  |
===============================================================================
Presto compilation completed successfully.
Warning: Design 'MINI_W_ROM_6x48_' was renamed to 'MINI_W_ROM_6x48__9' to avoid
	a conflict with another design that has the same name but
different parameters. (LINK-17)
Information: Building the design 'MINI_b_ROM_1x16' instantiated from design 'layer2_compute' with
	the parameters "ROM_DATA=16'hedf1". (HDL-193)

Statistics for case statements in always block at line 104 in file
	'../../rtl/rom_macros.sv'
===============================================
|           Line           |  full/ parallel  |
===============================================
|           105            |    auto/auto     |
===============================================

Inferred memory devices in process
	in routine MINI_b_ROM_1x16_edf1 line 104 in file
		'../../rtl/rom_macros.sv'.
===============================================================================
|    Register Name    |   Type    | Width | Bus | MB | AR | AS | SR | SS | ST |
===============================================================================
|      dout_reg       | Flip-flop |  16   |  Y  | N  | N  | N  | N  | N  | N  |
===============================================================================
Presto compilation completed successfully.
Information: Building the design 'MINI_W_ROM_6x48' instantiated from design 'layer2_compute' with
	the parameters "ROM_DATA=288'h0000e530f7c9e142f19100000000fc9d000007900000038708bc26a701d3f0c400000000". (HDL-193)

Statistics for case statements in always block at line 78 in file
	'../../rtl/rom_macros.sv'
===============================================
|           Line           |  full/ parallel  |
===============================================
|            79            |    auto/auto     |
===============================================

Inferred memory devices in process
	in routine MINI_W_ROM_6x48_ line 78 in file
		'../../rtl/rom_macros.sv'.
===============================================================================
|    Register Name    |   Type    | Width | Bus | MB | AR | AS | SR | SS | ST |
===============================================================================
|      dout_reg       | Flip-flop |  48   |  Y  | N  | N  | N  | N  | N  | N  |
===============================================================================
Presto compilation completed successfully.
Warning: Design 'MINI_W_ROM_6x48_' was renamed to 'MINI_W_ROM_6x48__10' to avoid
	a conflict with another design that has the same name but
different parameters. (LINK-17)
Information: Building the design 'MINI_W_ROM_6x48' instantiated from design 'layer2_compute' with
	the parameters "ROM_DATA=288'h10600000ddaf0000df8008b50000f9ce0f3a066e058f13470000001ff3601e8500000000". (HDL-193)

Statistics for case statements in always block at line 78 in file
	'../../rtl/rom_macros.sv'
===============================================
|           Line           |  full/ parallel  |
===============================================
|            79            |    auto/auto     |
===============================================

Inferred memory devices in process
	in routine MINI_W_ROM_6x48_ line 78 in file
		'../../rtl/rom_macros.sv'.
===============================================================================
|    Register Name    |   Type    | Width | Bus | MB | AR | AS | SR | SS | ST |
===============================================================================
|      dout_reg       | Flip-flop |  48   |  Y  | N  | N  | N  | N  | N  | N  |
===============================================================================
Presto compilation completed successfully.
Warning: Design 'MINI_W_ROM_6x48_' was renamed to 'MINI_W_ROM_6x48__11' to avoid
	a conflict with another design that has the same name but
different parameters. (LINK-17)
Information: Building the design 'MINI_b_ROM_1x16' instantiated from design 'layer2_compute' with
	the parameters "ROM_DATA=16'he89b". (HDL-193)

Statistics for case statements in always block at line 104 in file
	'../../rtl/rom_macros.sv'
===============================================
|           Line           |  full/ parallel  |
===============================================
|           105            |    auto/auto     |
===============================================

Inferred memory devices in process
	in routine MINI_b_ROM_1x16_e89b line 104 in file
		'../../rtl/rom_macros.sv'.
===============================================================================
|    Register Name    |   Type    | Width | Bus | MB | AR | AS | SR | SS | ST |
===============================================================================
|      dout_reg       | Flip-flop |  16   |  Y  | N  | N  | N  | N  | N  | N  |
===============================================================================
Presto compilation completed successfully.
Information: Building the design 'MINI_W_ROM_6x48' instantiated from design 'layer2_compute' with
	the parameters "ROM_DATA=288'h0595f878013a0652017a05b7fd04141607ff00a7150ffdab108c103bf566fed000000000". (HDL-193)

Statistics for case statements in always block at line 78 in file
	'../../rtl/rom_macros.sv'
===============================================
|           Line           |  full/ parallel  |
===============================================
|            79            |    auto/auto     |
===============================================

Inferred memory devices in process
	in routine MINI_W_ROM_6x48_ line 78 in file
		'../../rtl/rom_macros.sv'.
===============================================================================
|    Register Name    |   Type    | Width | Bus | MB | AR | AS | SR | SS | ST |
===============================================================================
|      dout_reg       | Flip-flop |  48   |  Y  | N  | N  | N  | N  | N  | N  |
===============================================================================
Presto compilation completed successfully.
Warning: Design 'MINI_W_ROM_6x48_' was renamed to 'MINI_W_ROM_6x48__12' to avoid
	a conflict with another design that has the same name but
different parameters. (LINK-17)
Information: Building the design 'MINI_W_ROM_6x48' instantiated from design 'layer2_compute' with
	the parameters "ROM_DATA=288'h0e1f0b10f5f4ffab10740b2b00a8f76401b0034d038b04e7f592fde308ed018800000000". (HDL-193)

Statistics for case statements in always block at line 78 in file
	'../../rtl/rom_macros.sv'
===============================================
|           Line           |  full/ parallel  |
===============================================
|            79            |    auto/auto     |
===============================================

Inferred memory devices in process
	in routine MINI_W_ROM_6x48_ line 78 in file
		'../../rtl/rom_macros.sv'.
===============================================================================
|    Register Name    |   Type    | Width | Bus | MB | AR | AS | SR | SS | ST |
===============================================================================
|      dout_reg       | Flip-flop |  48   |  Y  | N  | N  | N  | N  | N  | N  |
===============================================================================
Presto compilation completed successfully.
Warning: Design 'MINI_W_ROM_6x48_' was renamed to 'MINI_W_ROM_6x48__13' to avoid
	a conflict with another design that has the same name but
different parameters. (LINK-17)
Information: Building the design 'MINI_b_ROM_1x16' instantiated from design 'layer2_compute' with
	the parameters "ROM_DATA=16'hff45". (HDL-193)

Statistics for case statements in always block at line 104 in file
	'../../rtl/rom_macros.sv'
===============================================
|           Line           |  full/ parallel  |
===============================================
|           105            |    auto/auto     |
===============================================

Inferred memory devices in process
	in routine MINI_b_ROM_1x16_ff45 line 104 in file
		'../../rtl/rom_macros.sv'.
===============================================================================
|    Register Name    |   Type    | Width | Bus | MB | AR | AS | SR | SS | ST |
===============================================================================
|      dout_reg       | Flip-flop |  16   |  Y  | N  | N  | N  | N  | N  | N  |
===============================================================================
Presto compilation completed successfully.
Information: Building the design 'MINI_W_ROM_6x48' instantiated from design 'layer2_compute' with
	the parameters "ROM_DATA=288'h01a400c90bf1090905fce8b0f4850d02067cf3f7f13fe363fc4cfaa8f4c2e5fa00000000". (HDL-193)

Statistics for case statements in always block at line 78 in file
	'../../rtl/rom_macros.sv'
===============================================
|           Line           |  full/ parallel  |
===============================================
|            79            |    auto/auto     |
===============================================

Inferred memory devices in process
	in routine MINI_W_ROM_6x48_ line 78 in file
		'../../rtl/rom_macros.sv'.
===============================================================================
|    Register Name    |   Type    | Width | Bus | MB | AR | AS | SR | SS | ST |
===============================================================================
|      dout_reg       | Flip-flop |  48   |  Y  | N  | N  | N  | N  | N  | N  |
===============================================================================
Presto compilation completed successfully.
Warning: Design 'MINI_W_ROM_6x48_' was renamed to 'MINI_W_ROM_6x48__14' to avoid
	a conflict with another design that has the same name but
different parameters. (LINK-17)
Information: Building the design 'MINI_W_ROM_6x48' instantiated from design 'layer2_compute' with
	the parameters "ROM_DATA=288'hfbb7f45704efea70f982eebfe21d00c302a9fb91fc24084be8c6f5a2faf8169900000000". (HDL-193)

Statistics for case statements in always block at line 78 in file
	'../../rtl/rom_macros.sv'
===============================================
|           Line           |  full/ parallel  |
===============================================
|            79            |    auto/auto     |
===============================================

Inferred memory devices in process
	in routine MINI_W_ROM_6x48_ line 78 in file
		'../../rtl/rom_macros.sv'.
===============================================================================
|    Register Name    |   Type    | Width | Bus | MB | AR | AS | SR | SS | ST |
===============================================================================
|      dout_reg       | Flip-flop |  48   |  Y  | N  | N  | N  | N  | N  | N  |
===============================================================================
Presto compilation completed successfully.
Warning: Design 'MINI_W_ROM_6x48_' was renamed to 'MINI_W_ROM_6x48__15' to avoid
	a conflict with another design that has the same name but
different parameters. (LINK-17)
Information: Building the design 'MINI_b_ROM_1x16' instantiated from design 'layer2_compute' with
	the parameters "ROM_DATA=16'h0499". (HDL-193)

Statistics for case statements in always block at line 104 in file
	'../../rtl/rom_macros.sv'
===============================================
|           Line           |  full/ parallel  |
===============================================
|           105            |    auto/auto     |
===============================================

Inferred memory devices in process
	in routine MINI_b_ROM_1x16_0499 line 104 in file
		'../../rtl/rom_macros.sv'.
===============================================================================
|    Register Name    |   Type    | Width | Bus | MB | AR | AS | SR | SS | ST |
===============================================================================
|      dout_reg       | Flip-flop |  16   |  Y  | N  | N  | N  | N  | N  | N  |
===============================================================================
Presto compilation completed successfully.
Information: Building the design 'MINI_W_ROM_6x48' instantiated from design 'layer2_compute' with
	the parameters "ROM_DATA=288'hb579fde106150177fda40000fffa0ece13cbfd07ee61f1e9ffb00b76ef9bf0a700000000". (HDL-193)

Statistics for case statements in always block at line 78 in file
	'../../rtl/rom_macros.sv'
===============================================
|           Line           |  full/ parallel  |
===============================================
|            79            |    auto/auto     |
===============================================

Inferred memory devices in process
	in routine MINI_W_ROM_6x48_ line 78 in file
		'../../rtl/rom_macros.sv'.
===============================================================================
|    Register Name    |   Type    | Width | Bus | MB | AR | AS | SR | SS | ST |
===============================================================================
|      dout_reg       | Flip-flop |  48   |  Y  | N  | N  | N  | N  | N  | N  |
===============================================================================
Presto compilation completed successfully.
Warning: Design 'MINI_W_ROM_6x48_' was renamed to 'MINI_W_ROM_6x48__16' to avoid
	a conflict with another design that has the same name but
different parameters. (LINK-17)
Information: Building the design 'MINI_W_ROM_6x48' instantiated from design 'layer2_compute' with
	the parameters "ROM_DATA=288'hf56bf2660581cbd1fb5ef85c09aefe710393f34ef47cfbf9c4b3f329fb8200b500000000". (HDL-193)

Statistics for case statements in always block at line 78 in file
	'../../rtl/rom_macros.sv'
===============================================
|           Line           |  full/ parallel  |
===============================================
|            79            |    auto/auto     |
===============================================

Inferred memory devices in process
	in routine MINI_W_ROM_6x48_ line 78 in file
		'../../rtl/rom_macros.sv'.
===============================================================================
|    Register Name    |   Type    | Width | Bus | MB | AR | AS | SR | SS | ST |
===============================================================================
|      dout_reg       | Flip-flop |  48   |  Y  | N  | N  | N  | N  | N  | N  |
===============================================================================
Presto compilation completed successfully.
Warning: Design 'MINI_W_ROM_6x48_' was renamed to 'MINI_W_ROM_6x48__17' to avoid
	a conflict with another design that has the same name but
different parameters. (LINK-17)
Information: Building the design 'MINI_b_ROM_1x16' instantiated from design 'layer2_compute' with
	the parameters "ROM_DATA=16'h0a80". (HDL-193)

Statistics for case statements in always block at line 104 in file
	'../../rtl/rom_macros.sv'
===============================================
|           Line           |  full/ parallel  |
===============================================
|           105            |    auto/auto     |
===============================================

Inferred memory devices in process
	in routine MINI_b_ROM_1x16_0a80 line 104 in file
		'../../rtl/rom_macros.sv'.
===============================================================================
|    Register Name    |   Type    | Width | Bus | MB | AR | AS | SR | SS | ST |
===============================================================================
|      dout_reg       | Flip-flop |  16   |  Y  | N  | N  | N  | N  | N  | N  |
===============================================================================
Presto compilation completed successfully.
Information: Building the design 'MINI_W_ROM_6x48' instantiated from design 'layer2_compute' with
	the parameters "ROM_DATA=288'he7130d65ff8903bb013ded78fd10f6c3f60e022aff7e04f30144f5d10a0205d500000000". (HDL-193)

Statistics for case statements in always block at line 78 in file
	'../../rtl/rom_macros.sv'
===============================================
|           Line           |  full/ parallel  |
===============================================
|            79            |    auto/auto     |
===============================================

Inferred memory devices in process
	in routine MINI_W_ROM_6x48_ line 78 in file
		'../../rtl/rom_macros.sv'.
===============================================================================
|    Register Name    |   Type    | Width | Bus | MB | AR | AS | SR | SS | ST |
===============================================================================
|      dout_reg       | Flip-flop |  48   |  Y  | N  | N  | N  | N  | N  | N  |
===============================================================================
Presto compilation completed successfully.
Warning: Design 'MINI_W_ROM_6x48_' was renamed to 'MINI_W_ROM_6x48__18' to avoid
	a conflict with another design that has the same name but
different parameters. (LINK-17)
Information: Building the design 'MINI_W_ROM_6x48' instantiated from design 'layer2_compute' with
	the parameters "ROM_DATA=288'h08e0ed82f72a08d007f9fecaf9e9ff5903f3fdcffd59f5aa0a4ef086ffbb0d1000000000". (HDL-193)

Statistics for case statements in always block at line 78 in file
	'../../rtl/rom_macros.sv'
===============================================
|           Line           |  full/ parallel  |
===============================================
|            79            |    auto/auto     |
===============================================

Inferred memory devices in process
	in routine MINI_W_ROM_6x48_ line 78 in file
		'../../rtl/rom_macros.sv'.
===============================================================================
|    Register Name    |   Type    | Width | Bus | MB | AR | AS | SR | SS | ST |
===============================================================================
|      dout_reg       | Flip-flop |  48   |  Y  | N  | N  | N  | N  | N  | N  |
===============================================================================
Presto compilation completed successfully.
Warning: Design 'MINI_W_ROM_6x48_' was renamed to 'MINI_W_ROM_6x48__19' to avoid
	a conflict with another design that has the same name but
different parameters. (LINK-17)
Information: Building the design 'MINI_b_ROM_1x16' instantiated from design 'layer2_compute' with
	the parameters "ROM_DATA=16'h18ca". (HDL-193)

Statistics for case statements in always block at line 104 in file
	'../../rtl/rom_macros.sv'
===============================================
|           Line           |  full/ parallel  |
===============================================
|           105            |    auto/auto     |
===============================================

Inferred memory devices in process
	in routine MINI_b_ROM_1x16_18ca line 104 in file
		'../../rtl/rom_macros.sv'.
===============================================================================
|    Register Name    |   Type    | Width | Bus | MB | AR | AS | SR | SS | ST |
===============================================================================
|      dout_reg       | Flip-flop |  16   |  Y  | N  | N  | N  | N  | N  | N  |
===============================================================================
Presto compilation completed successfully.
Information: Building the design 'MINI_W_ROM_6x48' instantiated from design 'layer2_compute' with
	the parameters "ROM_DATA=288'h014200b203e009dcff20b3b7fe34fce3feaafd0a00c30125004af78ff61cfbfa00000000". (HDL-193)

Statistics for case statements in always block at line 78 in file
	'../../rtl/rom_macros.sv'
===============================================
|           Line           |  full/ parallel  |
===============================================
|            79            |    auto/auto     |
===============================================

Inferred memory devices in process
	in routine MINI_W_ROM_6x48_ line 78 in file
		'../../rtl/rom_macros.sv'.
===============================================================================
|    Register Name    |   Type    | Width | Bus | MB | AR | AS | SR | SS | ST |
===============================================================================
|      dout_reg       | Flip-flop |  48   |  Y  | N  | N  | N  | N  | N  | N  |
===============================================================================
Presto compilation completed successfully.
Warning: Design 'MINI_W_ROM_6x48_' was renamed to 'MINI_W_ROM_6x48__20' to avoid
	a conflict with another design that has the same name but
different parameters. (LINK-17)
Information: Building the design 'MINI_W_ROM_6x48' instantiated from design 'layer2_compute' with
	the parameters "ROM_DATA=288'h067e032dffa204aa044afd1b035df88e03e9e639fdd8ee3c08cde812fec807f000000000". (HDL-193)

Statistics for case statements in always block at line 78 in file
	'../../rtl/rom_macros.sv'
===============================================
|           Line           |  full/ parallel  |
===============================================
|            79            |    auto/auto     |
===============================================

Inferred memory devices in process
	in routine MINI_W_ROM_6x48_ line 78 in file
		'../../rtl/rom_macros.sv'.
===============================================================================
|    Register Name    |   Type    | Width | Bus | MB | AR | AS | SR | SS | ST |
===============================================================================
|      dout_reg       | Flip-flop |  48   |  Y  | N  | N  | N  | N  | N  | N  |
===============================================================================
Presto compilation completed successfully.
Warning: Design 'MINI_W_ROM_6x48_' was renamed to 'MINI_W_ROM_6x48__21' to avoid
	a conflict with another design that has the same name but
different parameters. (LINK-17)
Information: Building the design 'MINI_b_ROM_1x16' instantiated from design 'layer2_compute' with
	the parameters "ROM_DATA=16'hfde3". (HDL-193)

Statistics for case statements in always block at line 104 in file
	'../../rtl/rom_macros.sv'
===============================================
|           Line           |  full/ parallel  |
===============================================
|           105            |    auto/auto     |
===============================================

Inferred memory devices in process
	in routine MINI_b_ROM_1x16_fde3 line 104 in file
		'../../rtl/rom_macros.sv'.
===============================================================================
|    Register Name    |   Type    | Width | Bus | MB | AR | AS | SR | SS | ST |
===============================================================================
|      dout_reg       | Flip-flop |  16   |  Y  | N  | N  | N  | N  | N  | N  |
===============================================================================
Presto compilation completed successfully.
Information: Building the design 'MINI_W_ROM_6x48' instantiated from design 'layer2_compute' with
	the parameters "ROM_DATA=288'h108b08b9f4e308cdfd0bfd0ffde501d102ea00d906980bcffd5bf7960596ff4500000000". (HDL-193)

Statistics for case statements in always block at line 78 in file
	'../../rtl/rom_macros.sv'
===============================================
|           Line           |  full/ parallel  |
===============================================
|            79            |    auto/auto     |
===============================================

Inferred memory devices in process
	in routine MINI_W_ROM_6x48_ line 78 in file
		'../../rtl/rom_macros.sv'.
===============================================================================
|    Register Name    |   Type    | Width | Bus | MB | AR | AS | SR | SS | ST |
===============================================================================
|      dout_reg       | Flip-flop |  48   |  Y  | N  | N  | N  | N  | N  | N  |
===============================================================================
Presto compilation completed successfully.
Warning: Design 'MINI_W_ROM_6x48_' was renamed to 'MINI_W_ROM_6x48__22' to avoid
	a conflict with another design that has the same name but
different parameters. (LINK-17)
Information: Building the design 'MINI_W_ROM_6x48' instantiated from design 'layer2_compute' with
	the parameters "ROM_DATA=288'h04e1f7ebf8210b96faa00758dddc06d0012710dbffee02c612e60f78056ffb5d00000000". (HDL-193)

Statistics for case statements in always block at line 78 in file
	'../../rtl/rom_macros.sv'
===============================================
|           Line           |  full/ parallel  |
===============================================
|            79            |    auto/auto     |
===============================================

Inferred memory devices in process
	in routine MINI_W_ROM_6x48_ line 78 in file
		'../../rtl/rom_macros.sv'.
===============================================================================
|    Register Name    |   Type    | Width | Bus | MB | AR | AS | SR | SS | ST |
===============================================================================
|      dout_reg       | Flip-flop |  48   |  Y  | N  | N  | N  | N  | N  | N  |
===============================================================================
Presto compilation completed successfully.
Warning: Design 'MINI_W_ROM_6x48_' was renamed to 'MINI_W_ROM_6x48__23' to avoid
	a conflict with another design that has the same name but
different parameters. (LINK-17)
Information: Building the design 'MINI_b_ROM_1x16' instantiated from design 'layer2_compute' with
	the parameters "ROM_DATA=16'h036c". (HDL-193)

Statistics for case statements in always block at line 104 in file
	'../../rtl/rom_macros.sv'
===============================================
|           Line           |  full/ parallel  |
===============================================
|           105            |    auto/auto     |
===============================================

Inferred memory devices in process
	in routine MINI_b_ROM_1x16_036c line 104 in file
		'../../rtl/rom_macros.sv'.
===============================================================================
|    Register Name    |   Type    | Width | Bus | MB | AR | AS | SR | SS | ST |
===============================================================================
|      dout_reg       | Flip-flop |  16   |  Y  | N  | N  | N  | N  | N  | N  |
===============================================================================
Presto compilation completed successfully.
Information: Building the design 'MINI_W_ROM_6x48' instantiated from design 'layer2_compute' with
	the parameters "ROM_DATA=288'h025cf844fe1a03b70450f35dfc590e240e2bf170f8e600cff8aaf213fa40f31500000000". (HDL-193)

Statistics for case statements in always block at line 78 in file
	'../../rtl/rom_macros.sv'
===============================================
|           Line           |  full/ parallel  |
===============================================
|            79            |    auto/auto     |
===============================================

Inferred memory devices in process
	in routine MINI_W_ROM_6x48_ line 78 in file
		'../../rtl/rom_macros.sv'.
===============================================================================
|    Register Name    |   Type    | Width | Bus | MB | AR | AS | SR | SS | ST |
===============================================================================
|      dout_reg       | Flip-flop |  48   |  Y  | N  | N  | N  | N  | N  | N  |
===============================================================================
Presto compilation completed successfully.
Warning: Design 'MINI_W_ROM_6x48_' was renamed to 'MINI_W_ROM_6x48__24' to avoid
	a conflict with another design that has the same name but
different parameters. (LINK-17)
Information: Building the design 'MINI_W_ROM_6x48' instantiated from design 'layer2_compute' with
	the parameters "ROM_DATA=288'hf727de3409ebe1d8facbfff9f132feb0fbb207eff95bf914d343169c0497018700000000". (HDL-193)

Statistics for case statements in always block at line 78 in file
	'../../rtl/rom_macros.sv'
===============================================
|           Line           |  full/ parallel  |
===============================================
|            79            |    auto/auto     |
===============================================

Inferred memory devices in process
	in routine MINI_W_ROM_6x48_ line 78 in file
		'../../rtl/rom_macros.sv'.
===============================================================================
|    Register Name    |   Type    | Width | Bus | MB | AR | AS | SR | SS | ST |
===============================================================================
|      dout_reg       | Flip-flop |  48   |  Y  | N  | N  | N  | N  | N  | N  |
===============================================================================
Presto compilation completed successfully.
Warning: Design 'MINI_W_ROM_6x48_' was renamed to 'MINI_W_ROM_6x48__25' to avoid
	a conflict with another design that has the same name but
different parameters. (LINK-17)
Information: Building the design 'MINI_b_ROM_1x16' instantiated from design 'layer2_compute' with
	the parameters "ROM_DATA=16'h1585". (HDL-193)

Statistics for case statements in always block at line 104 in file
	'../../rtl/rom_macros.sv'
===============================================
|           Line           |  full/ parallel  |
===============================================
|           105            |    auto/auto     |
===============================================

Inferred memory devices in process
	in routine MINI_b_ROM_1x16_1585 line 104 in file
		'../../rtl/rom_macros.sv'.
===============================================================================
|    Register Name    |   Type    | Width | Bus | MB | AR | AS | SR | SS | ST |
===============================================================================
|      dout_reg       | Flip-flop |  16   |  Y  | N  | N  | N  | N  | N  | N  |
===============================================================================
Presto compilation completed successfully.
Information: Building the design 'MINI_W_ROM_6x48' instantiated from design 'layer2_compute' with
	the parameters "ROM_DATA=288'h0147ec26f8a607dc07a805ed033b0f1701ddff4d0000f9c3f3f2f3a50112064f00000000". (HDL-193)

Statistics for case statements in always block at line 78 in file
	'../../rtl/rom_macros.sv'
===============================================
|           Line           |  full/ parallel  |
===============================================
|            79            |    auto/auto     |
===============================================

Inferred memory devices in process
	in routine MINI_W_ROM_6x48_ line 78 in file
		'../../rtl/rom_macros.sv'.
===============================================================================
|    Register Name    |   Type    | Width | Bus | MB | AR | AS | SR | SS | ST |
===============================================================================
|      dout_reg       | Flip-flop |  48   |  Y  | N  | N  | N  | N  | N  | N  |
===============================================================================
Presto compilation completed successfully.
Warning: Design 'MINI_W_ROM_6x48_' was renamed to 'MINI_W_ROM_6x48__26' to avoid
	a conflict with another design that has the same name but
different parameters. (LINK-17)
Information: Building the design 'MINI_W_ROM_6x48' instantiated from design 'layer2_compute' with
	the parameters "ROM_DATA=288'h0693fed30de1fda2ff94ffca0370ffbe0001f0d20901f61503dc02a5044e003e00000000". (HDL-193)

Statistics for case statements in always block at line 78 in file
	'../../rtl/rom_macros.sv'
===============================================
|           Line           |  full/ parallel  |
===============================================
|            79            |    auto/auto     |
===============================================

Inferred memory devices in process
	in routine MINI_W_ROM_6x48_ line 78 in file
		'../../rtl/rom_macros.sv'.
===============================================================================
|    Register Name    |   Type    | Width | Bus | MB | AR | AS | SR | SS | ST |
===============================================================================
|      dout_reg       | Flip-flop |  48   |  Y  | N  | N  | N  | N  | N  | N  |
===============================================================================
Presto compilation completed successfully.
Warning: Design 'MINI_W_ROM_6x48_' was renamed to 'MINI_W_ROM_6x48__27' to avoid
	a conflict with another design that has the same name but
different parameters. (LINK-17)
Information: Building the design 'MINI_b_ROM_1x16' instantiated from design 'layer2_compute' with
	the parameters "ROM_DATA=16'hfc85". (HDL-193)

Statistics for case statements in always block at line 104 in file
	'../../rtl/rom_macros.sv'
===============================================
|           Line           |  full/ parallel  |
===============================================
|           105            |    auto/auto     |
===============================================

Inferred memory devices in process
	in routine MINI_b_ROM_1x16_fc85 line 104 in file
		'../../rtl/rom_macros.sv'.
===============================================================================
|    Register Name    |   Type    | Width | Bus | MB | AR | AS | SR | SS | ST |
===============================================================================
|      dout_reg       | Flip-flop |  16   |  Y  | N  | N  | N  | N  | N  | N  |
===============================================================================
Presto compilation completed successfully.
Information: Building the design 'MINI_W_ROM_6x48' instantiated from design 'layer2_compute' with
	the parameters "ROM_DATA=288'h000000000000000000000000000000000000000000000000000000000000000000000000". (HDL-193)

Statistics for case statements in always block at line 78 in file
	'../../rtl/rom_macros.sv'
===============================================
|           Line           |  full/ parallel  |
===============================================
|            79            |    auto/auto     |
===============================================

Inferred memory devices in process
	in routine MINI_W_ROM_6x48_ line 78 in file
		'../../rtl/rom_macros.sv'.
===============================================================================
|    Register Name    |   Type    | Width | Bus | MB | AR | AS | SR | SS | ST |
===============================================================================
|      dout_reg       | Flip-flop |  48   |  Y  | N  | N  | N  | N  | N  | N  |
===============================================================================
Presto compilation completed successfully.
Warning: Design 'MINI_W_ROM_6x48_' was renamed to 'MINI_W_ROM_6x48__28' to avoid
	a conflict with another design that has the same name but
different parameters. (LINK-17)
Information: Building the design 'MINI_b_ROM_1x16' instantiated from design 'layer2_compute' with
	the parameters "ROM_DATA=16'hff3b". (HDL-193)

Statistics for case statements in always block at line 104 in file
	'../../rtl/rom_macros.sv'
===============================================
|           Line           |  full/ parallel  |
===============================================
|           105            |    auto/auto     |
===============================================

Inferred memory devices in process
	in routine MINI_b_ROM_1x16_ff3b line 104 in file
		'../../rtl/rom_macros.sv'.
===============================================================================
|    Register Name    |   Type    | Width | Bus | MB | AR | AS | SR | SS | ST |
===============================================================================
|      dout_reg       | Flip-flop |  16   |  Y  | N  | N  | N  | N  | N  | N  |
===============================================================================
Presto compilation completed successfully.
Information: Building the design 'MINI_W_ROM_6x48' instantiated from design 'layer2_compute' with
	the parameters "ROM_DATA=288'hfbcaa6e7f69ef42700e70491f9e7f481014701370f750db3025307b8160b050400000000". (HDL-193)

Statistics for case statements in always block at line 78 in file
	'../../rtl/rom_macros.sv'
===============================================
|           Line           |  full/ parallel  |
===============================================
|            79            |    auto/auto     |
===============================================

Inferred memory devices in process
	in routine MINI_W_ROM_6x48_ line 78 in file
		'../../rtl/rom_macros.sv'.
===============================================================================
|    Register Name    |   Type    | Width | Bus | MB | AR | AS | SR | SS | ST |
===============================================================================
|      dout_reg       | Flip-flop |  48   |  Y  | N  | N  | N  | N  | N  | N  |
===============================================================================
Presto compilation completed successfully.
Warning: Design 'MINI_W_ROM_6x48_' was renamed to 'MINI_W_ROM_6x48__29' to avoid
	a conflict with another design that has the same name but
different parameters. (LINK-17)
Information: Building the design 'MINI_W_ROM_6x48' instantiated from design 'layer2_compute' with
	the parameters "ROM_DATA=288'h032001840b04f859f5d9094a0000fcdffce30688fe5103ccffa60ac3e16d19c600000000". (HDL-193)

Statistics for case statements in always block at line 78 in file
	'../../rtl/rom_macros.sv'
===============================================
|           Line           |  full/ parallel  |
===============================================
|            79            |    auto/auto     |
===============================================

Inferred memory devices in process
	in routine MINI_W_ROM_6x48_ line 78 in file
		'../../rtl/rom_macros.sv'.
===============================================================================
|    Register Name    |   Type    | Width | Bus | MB | AR | AS | SR | SS | ST |
===============================================================================
|      dout_reg       | Flip-flop |  48   |  Y  | N  | N  | N  | N  | N  | N  |
===============================================================================
Presto compilation completed successfully.
Warning: Design 'MINI_W_ROM_6x48_' was renamed to 'MINI_W_ROM_6x48__30' to avoid
	a conflict with another design that has the same name but
different parameters. (LINK-17)
Information: Building the design 'MINI_b_ROM_1x16' instantiated from design 'layer2_compute' with
	the parameters "ROM_DATA=16'hfbd3". (HDL-193)

Statistics for case statements in always block at line 104 in file
	'../../rtl/rom_macros.sv'
===============================================
|           Line           |  full/ parallel  |
===============================================
|           105            |    auto/auto     |
===============================================

Inferred memory devices in process
	in routine MINI_b_ROM_1x16_fbd3 line 104 in file
		'../../rtl/rom_macros.sv'.
===============================================================================
|    Register Name    |   Type    | Width | Bus | MB | AR | AS | SR | SS | ST |
===============================================================================
|      dout_reg       | Flip-flop |  16   |  Y  | N  | N  | N  | N  | N  | N  |
===============================================================================
Presto compilation completed successfully.
Information: Building the design 'MINI_W_ROM_6x48' instantiated from design 'layer2_compute' with
	the parameters "ROM_DATA=288'hff46f6c0038507940291f096ec5e1324069afd6fed3902df0d61f6ecf967faf200000000". (HDL-193)

Statistics for case statements in always block at line 78 in file
	'../../rtl/rom_macros.sv'
===============================================
|           Line           |  full/ parallel  |
===============================================
|            79            |    auto/auto     |
===============================================

Inferred memory devices in process
	in routine MINI_W_ROM_6x48_ line 78 in file
		'../../rtl/rom_macros.sv'.
===============================================================================
|    Register Name    |   Type    | Width | Bus | MB | AR | AS | SR | SS | ST |
===============================================================================
|      dout_reg       | Flip-flop |  48   |  Y  | N  | N  | N  | N  | N  | N  |
===============================================================================
Presto compilation completed successfully.
Warning: Design 'MINI_W_ROM_6x48_' was renamed to 'MINI_W_ROM_6x48__31' to avoid
	a conflict with another design that has the same name but
different parameters. (LINK-17)
Information: Building the design 'MINI_W_ROM_6x48' instantiated from design 'layer2_compute' with
	the parameters "ROM_DATA=288'h00ebe882095101b3fec71d16bc780289fa37fbf703db04b5045bf2cae6a00c6d00000000". (HDL-193)

Statistics for case statements in always block at line 78 in file
	'../../rtl/rom_macros.sv'
===============================================
|           Line           |  full/ parallel  |
===============================================
|            79            |    auto/auto     |
===============================================

Inferred memory devices in process
	in routine MINI_W_ROM_6x48_ line 78 in file
		'../../rtl/rom_macros.sv'.
===============================================================================
|    Register Name    |   Type    | Width | Bus | MB | AR | AS | SR | SS | ST |
===============================================================================
|      dout_reg       | Flip-flop |  48   |  Y  | N  | N  | N  | N  | N  | N  |
===============================================================================
Presto compilation completed successfully.
Warning: Design 'MINI_W_ROM_6x48_' was renamed to 'MINI_W_ROM_6x48__32' to avoid
	a conflict with another design that has the same name but
different parameters. (LINK-17)
Information: Building the design 'MINI_b_ROM_1x16' instantiated from design 'layer2_compute' with
	the parameters "ROM_DATA=16'h0d38". (HDL-193)

Statistics for case statements in always block at line 104 in file
	'../../rtl/rom_macros.sv'
===============================================
|           Line           |  full/ parallel  |
===============================================
|           105            |    auto/auto     |
===============================================

Inferred memory devices in process
	in routine MINI_b_ROM_1x16_0d38 line 104 in file
		'../../rtl/rom_macros.sv'.
===============================================================================
|    Register Name    |   Type    | Width | Bus | MB | AR | AS | SR | SS | ST |
===============================================================================
|      dout_reg       | Flip-flop |  16   |  Y  | N  | N  | N  | N  | N  | N  |
===============================================================================
Presto compilation completed successfully.
Information: Building the design 'MINI_W_ROM_6x48' instantiated from design 'layer2_compute' with
	the parameters "ROM_DATA=288'hfbe3f9f21468176dff2f06b60153025405cff229eca2e487f94ee74df87bf38b00000000". (HDL-193)

Statistics for case statements in always block at line 78 in file
	'../../rtl/rom_macros.sv'
===============================================
|           Line           |  full/ parallel  |
===============================================
|            79            |    auto/auto     |
===============================================

Inferred memory devices in process
	in routine MINI_W_ROM_6x48_ line 78 in file
		'../../rtl/rom_macros.sv'.
===============================================================================
|    Register Name    |   Type    | Width | Bus | MB | AR | AS | SR | SS | ST |
===============================================================================
|      dout_reg       | Flip-flop |  48   |  Y  | N  | N  | N  | N  | N  | N  |
===============================================================================
Presto compilation completed successfully.
Warning: Design 'MINI_W_ROM_6x48_' was renamed to 'MINI_W_ROM_6x48__33' to avoid
	a conflict with another design that has the same name but
different parameters. (LINK-17)
Information: Building the design 'MINI_W_ROM_6x48' instantiated from design 'layer2_compute' with
	the parameters "ROM_DATA=288'hf28c12190e87ec09f6edfdcc0497011bfe63f9a4f7d30a9fe65dfe5afd45fcdb00000000". (HDL-193)

Statistics for case statements in always block at line 78 in file
	'../../rtl/rom_macros.sv'
===============================================
|           Line           |  full/ parallel  |
===============================================
|            79            |    auto/auto     |
===============================================

Inferred memory devices in process
	in routine MINI_W_ROM_6x48_ line 78 in file
		'../../rtl/rom_macros.sv'.
===============================================================================
|    Register Name    |   Type    | Width | Bus | MB | AR | AS | SR | SS | ST |
===============================================================================
|      dout_reg       | Flip-flop |  48   |  Y  | N  | N  | N  | N  | N  | N  |
===============================================================================
Presto compilation completed successfully.
Warning: Design 'MINI_W_ROM_6x48_' was renamed to 'MINI_W_ROM_6x48__34' to avoid
	a conflict with another design that has the same name but
different parameters. (LINK-17)
Information: Building the design 'MINI_b_ROM_1x16' instantiated from design 'layer2_compute' with
	the parameters "ROM_DATA=16'h143a". (HDL-193)

Statistics for case statements in always block at line 104 in file
	'../../rtl/rom_macros.sv'
===============================================
|           Line           |  full/ parallel  |
===============================================
|           105            |    auto/auto     |
===============================================

Inferred memory devices in process
	in routine MINI_b_ROM_1x16_143a line 104 in file
		'../../rtl/rom_macros.sv'.
===============================================================================
|    Register Name    |   Type    | Width | Bus | MB | AR | AS | SR | SS | ST |
===============================================================================
|      dout_reg       | Flip-flop |  16   |  Y  | N  | N  | N  | N  | N  | N  |
===============================================================================
Presto compilation completed successfully.
Information: Building the design 'MINI_W_ROM_6x48' instantiated from design 'layer2_compute' with
	the parameters "ROM_DATA=288'h0268fb0bff21fb4403a9062b03f010a60d40fbcd00a5fe1ef7c50749020506cb00000000". (HDL-193)

Statistics for case statements in always block at line 78 in file
	'../../rtl/rom_macros.sv'
===============================================
|           Line           |  full/ parallel  |
===============================================
|            79            |    auto/auto     |
===============================================

Inferred memory devices in process
	in routine MINI_W_ROM_6x48_ line 78 in file
		'../../rtl/rom_macros.sv'.
===============================================================================
|    Register Name    |   Type    | Width | Bus | MB | AR | AS | SR | SS | ST |
===============================================================================
|      dout_reg       | Flip-flop |  48   |  Y  | N  | N  | N  | N  | N  | N  |
===============================================================================
Presto compilation completed successfully.
Warning: Design 'MINI_W_ROM_6x48_' was renamed to 'MINI_W_ROM_6x48__35' to avoid
	a conflict with another design that has the same name but
different parameters. (LINK-17)
Information: Building the design 'MINI_W_ROM_6x48' instantiated from design 'layer2_compute' with
	the parameters "ROM_DATA=288'h009205bff96e01eff75cfcf50114fdd6fe9b0b58ff1d0cd2fb5ef4abfa31ff3e00000000". (HDL-193)

Statistics for case statements in always block at line 78 in file
	'../../rtl/rom_macros.sv'
===============================================
|           Line           |  full/ parallel  |
===============================================
|            79            |    auto/auto     |
===============================================

Inferred memory devices in process
	in routine MINI_W_ROM_6x48_ line 78 in file
		'../../rtl/rom_macros.sv'.
===============================================================================
|    Register Name    |   Type    | Width | Bus | MB | AR | AS | SR | SS | ST |
===============================================================================
|      dout_reg       | Flip-flop |  48   |  Y  | N  | N  | N  | N  | N  | N  |
===============================================================================
Presto compilation completed successfully.
Warning: Design 'MINI_W_ROM_6x48_' was renamed to 'MINI_W_ROM_6x48__36' to avoid
	a conflict with another design that has the same name but
different parameters. (LINK-17)
Information: Building the design 'MINI_b_ROM_1x16' instantiated from design 'layer2_compute' with
	the parameters "ROM_DATA=16'h01b6". (HDL-193)

Statistics for case statements in always block at line 104 in file
	'../../rtl/rom_macros.sv'
===============================================
|           Line           |  full/ parallel  |
===============================================
|           105            |    auto/auto     |
===============================================

Inferred memory devices in process
	in routine MINI_b_ROM_1x16_01b6 line 104 in file
		'../../rtl/rom_macros.sv'.
===============================================================================
|    Register Name    |   Type    | Width | Bus | MB | AR | AS | SR | SS | ST |
===============================================================================
|      dout_reg       | Flip-flop |  16   |  Y  | N  | N  | N  | N  | N  | N  |
===============================================================================
Presto compilation completed successfully.
Information: Building the design 'MINI_W_ROM_6x48' instantiated from design 'layer2_compute' with
	the parameters "ROM_DATA=288'hf95d04a4fc32019405c702dd05e01e830929f7eb03a2ee22f80a0b890333f03400000000". (HDL-193)

Statistics for case statements in always block at line 78 in file
	'../../rtl/rom_macros.sv'
===============================================
|           Line           |  full/ parallel  |
===============================================
|            79            |    auto/auto     |
===============================================

Inferred memory devices in process
	in routine MINI_W_ROM_6x48_ line 78 in file
		'../../rtl/rom_macros.sv'.
===============================================================================
|    Register Name    |   Type    | Width | Bus | MB | AR | AS | SR | SS | ST |
===============================================================================
|      dout_reg       | Flip-flop |  48   |  Y  | N  | N  | N  | N  | N  | N  |
===============================================================================
Presto compilation completed successfully.
Warning: Design 'MINI_W_ROM_6x48_' was renamed to 'MINI_W_ROM_6x48__37' to avoid
	a conflict with another design that has the same name but
different parameters. (LINK-17)
Information: Building the design 'MINI_W_ROM_6x48' instantiated from design 'layer2_compute' with
	the parameters "ROM_DATA=288'hf6f213a4fe9a02eefc38f74718880670fb9cf8def83afddff7b6fb4b07df00d100000000". (HDL-193)

Statistics for case statements in always block at line 78 in file
	'../../rtl/rom_macros.sv'
===============================================
|           Line           |  full/ parallel  |
===============================================
|            79            |    auto/auto     |
===============================================

Inferred memory devices in process
	in routine MINI_W_ROM_6x48_ line 78 in file
		'../../rtl/rom_macros.sv'.
===============================================================================
|    Register Name    |   Type    | Width | Bus | MB | AR | AS | SR | SS | ST |
===============================================================================
|      dout_reg       | Flip-flop |  48   |  Y  | N  | N  | N  | N  | N  | N  |
===============================================================================
Presto compilation completed successfully.
Warning: Design 'MINI_W_ROM_6x48_' was renamed to 'MINI_W_ROM_6x48__38' to avoid
	a conflict with another design that has the same name but
different parameters. (LINK-17)
Information: Building the design 'MINI_b_ROM_1x16' instantiated from design 'layer2_compute' with
	the parameters "ROM_DATA=16'hff42". (HDL-193)

Statistics for case statements in always block at line 104 in file
	'../../rtl/rom_macros.sv'
===============================================
|           Line           |  full/ parallel  |
===============================================
|           105            |    auto/auto     |
===============================================

Inferred memory devices in process
	in routine MINI_b_ROM_1x16_ff42 line 104 in file
		'../../rtl/rom_macros.sv'.
===============================================================================
|    Register Name    |   Type    | Width | Bus | MB | AR | AS | SR | SS | ST |
===============================================================================
|      dout_reg       | Flip-flop |  16   |  Y  | N  | N  | N  | N  | N  | N  |
===============================================================================
Presto compilation completed successfully.
Information: Building the design 'MINI_W_ROM_6x48' instantiated from design 'layer2_compute' with
	the parameters "ROM_DATA=288'hf8faf3970eef111e07d0edb3f7eb017506390058f50ef2a2fd73f2eeeb96c94c00000000". (HDL-193)

Statistics for case statements in always block at line 78 in file
	'../../rtl/rom_macros.sv'
===============================================
|           Line           |  full/ parallel  |
===============================================
|            79            |    auto/auto     |
===============================================

Inferred memory devices in process
	in routine MINI_W_ROM_6x48_ line 78 in file
		'../../rtl/rom_macros.sv'.
===============================================================================
|    Register Name    |   Type    | Width | Bus | MB | AR | AS | SR | SS | ST |
===============================================================================
|      dout_reg       | Flip-flop |  48   |  Y  | N  | N  | N  | N  | N  | N  |
===============================================================================
Presto compilation completed successfully.
Warning: Design 'MINI_W_ROM_6x48_' was renamed to 'MINI_W_ROM_6x48__39' to avoid
	a conflict with another design that has the same name but
different parameters. (LINK-17)
Information: Building the design 'MINI_W_ROM_6x48' instantiated from design 'layer2_compute' with
	the parameters "ROM_DATA=288'h0181f0cb0c1f0a33fc76fd1df686f7d304c0115ef884ee5bdf990b81fc18070b00000000". (HDL-193)

Statistics for case statements in always block at line 78 in file
	'../../rtl/rom_macros.sv'
===============================================
|           Line           |  full/ parallel  |
===============================================
|            79            |    auto/auto     |
===============================================

Inferred memory devices in process
	in routine MINI_W_ROM_6x48_ line 78 in file
		'../../rtl/rom_macros.sv'.
===============================================================================
|    Register Name    |   Type    | Width | Bus | MB | AR | AS | SR | SS | ST |
===============================================================================
|      dout_reg       | Flip-flop |  48   |  Y  | N  | N  | N  | N  | N  | N  |
===============================================================================
Presto compilation completed successfully.
Warning: Design 'MINI_W_ROM_6x48_' was renamed to 'MINI_W_ROM_6x48__40' to avoid
	a conflict with another design that has the same name but
different parameters. (LINK-17)
Information: Building the design 'MINI_b_ROM_1x16' instantiated from design 'layer2_compute' with
	the parameters "ROM_DATA=16'h0de7". (HDL-193)

Statistics for case statements in always block at line 104 in file
	'../../rtl/rom_macros.sv'
===============================================
|           Line           |  full/ parallel  |
===============================================
|           105            |    auto/auto     |
===============================================

Inferred memory devices in process
	in routine MINI_b_ROM_1x16_0de7 line 104 in file
		'../../rtl/rom_macros.sv'.
===============================================================================
|    Register Name    |   Type    | Width | Bus | MB | AR | AS | SR | SS | ST |
===============================================================================
|      dout_reg       | Flip-flop |  16   |  Y  | N  | N  | N  | N  | N  | N  |
===============================================================================
Presto compilation completed successfully.
Information: Building the design 'MINI_W_ROM_6x48' instantiated from design 'layer2_compute' with
	the parameters "ROM_DATA=288'h0000fffffbcee8c6f46b00000000fa53083ffd5afe7afd140b170e980a33005400000000". (HDL-193)

Statistics for case statements in always block at line 78 in file
	'../../rtl/rom_macros.sv'
===============================================
|           Line           |  full/ parallel  |
===============================================
|            79            |    auto/auto     |
===============================================

Inferred memory devices in process
	in routine MINI_W_ROM_6x48_ line 78 in file
		'../../rtl/rom_macros.sv'.
===============================================================================
|    Register Name    |   Type    | Width | Bus | MB | AR | AS | SR | SS | ST |
===============================================================================
|      dout_reg       | Flip-flop |  48   |  Y  | N  | N  | N  | N  | N  | N  |
===============================================================================
Presto compilation completed successfully.
Warning: Design 'MINI_W_ROM_6x48_' was renamed to 'MINI_W_ROM_6x48__41' to avoid
	a conflict with another design that has the same name but
different parameters. (LINK-17)
Information: Building the design 'MINI_W_ROM_6x48' instantiated from design 'layer2_compute' with
	the parameters "ROM_DATA=288'h216ceec2d17d0000e32b0155eaa707c208bb15f702a124a80000e382fb1dfe0100000000". (HDL-193)

Statistics for case statements in always block at line 78 in file
	'../../rtl/rom_macros.sv'
===============================================
|           Line           |  full/ parallel  |
===============================================
|            79            |    auto/auto     |
===============================================

Inferred memory devices in process
	in routine MINI_W_ROM_6x48_ line 78 in file
		'../../rtl/rom_macros.sv'.
===============================================================================
|    Register Name    |   Type    | Width | Bus | MB | AR | AS | SR | SS | ST |
===============================================================================
|      dout_reg       | Flip-flop |  48   |  Y  | N  | N  | N  | N  | N  | N  |
===============================================================================
Presto compilation completed successfully.
Warning: Design 'MINI_W_ROM_6x48_' was renamed to 'MINI_W_ROM_6x48__42' to avoid
	a conflict with another design that has the same name but
different parameters. (LINK-17)
Information: Building the design 'MINI_b_ROM_1x16' instantiated from design 'layer2_compute' with
	the parameters "ROM_DATA=16'hf288". (HDL-193)

Statistics for case statements in always block at line 104 in file
	'../../rtl/rom_macros.sv'
===============================================
|           Line           |  full/ parallel  |
===============================================
|           105            |    auto/auto     |
===============================================

Inferred memory devices in process
	in routine MINI_b_ROM_1x16_f288 line 104 in file
		'../../rtl/rom_macros.sv'.
===============================================================================
|    Register Name    |   Type    | Width | Bus | MB | AR | AS | SR | SS | ST |
===============================================================================
|      dout_reg       | Flip-flop |  16   |  Y  | N  | N  | N  | N  | N  | N  |
===============================================================================
Presto compilation completed successfully.
Information: Building the design 'MINI_W_ROM_6x48' instantiated from design 'layer2_compute' with
	the parameters "ROM_DATA=288'hfe05fe070be50981ffdc0bd60a94f6e1048200510d680f92052eee91fea3ce2200000000". (HDL-193)

Statistics for case statements in always block at line 78 in file
	'../../rtl/rom_macros.sv'
===============================================
|           Line           |  full/ parallel  |
===============================================
|            79            |    auto/auto     |
===============================================

Inferred memory devices in process
	in routine MINI_W_ROM_6x48_ line 78 in file
		'../../rtl/rom_macros.sv'.
===============================================================================
|    Register Name    |   Type    | Width | Bus | MB | AR | AS | SR | SS | ST |
===============================================================================
|      dout_reg       | Flip-flop |  48   |  Y  | N  | N  | N  | N  | N  | N  |
===============================================================================
Presto compilation completed successfully.
Warning: Design 'MINI_W_ROM_6x48_' was renamed to 'MINI_W_ROM_6x48__43' to avoid
	a conflict with another design that has the same name but
different parameters. (LINK-17)
Information: Building the design 'MINI_W_ROM_6x48' instantiated from design 'layer2_compute' with
	the parameters "ROM_DATA=288'hed44fcae05ba0d24f2b0f854fd4cf93cf7aa0110fe9f169704a8fb1efc491f3600000000". (HDL-193)

Statistics for case statements in always block at line 78 in file
	'../../rtl/rom_macros.sv'
===============================================
|           Line           |  full/ parallel  |
===============================================
|            79            |    auto/auto     |
===============================================

Inferred memory devices in process
	in routine MINI_W_ROM_6x48_ line 78 in file
		'../../rtl/rom_macros.sv'.
===============================================================================
|    Register Name    |   Type    | Width | Bus | MB | AR | AS | SR | SS | ST |
===============================================================================
|      dout_reg       | Flip-flop |  48   |  Y  | N  | N  | N  | N  | N  | N  |
===============================================================================
Presto compilation completed successfully.
Warning: Design 'MINI_W_ROM_6x48_' was renamed to 'MINI_W_ROM_6x48__44' to avoid
	a conflict with another design that has the same name but
different parameters. (LINK-17)
Information: Building the design 'MINI_b_ROM_1x16' instantiated from design 'layer2_compute' with
	the parameters "ROM_DATA=16'h08e6". (HDL-193)

Statistics for case statements in always block at line 104 in file
	'../../rtl/rom_macros.sv'
===============================================
|           Line           |  full/ parallel  |
===============================================
|           105            |    auto/auto     |
===============================================

Inferred memory devices in process
	in routine MINI_b_ROM_1x16_08e6 line 104 in file
		'../../rtl/rom_macros.sv'.
===============================================================================
|    Register Name    |   Type    | Width | Bus | MB | AR | AS | SR | SS | ST |
===============================================================================
|      dout_reg       | Flip-flop |  16   |  Y  | N  | N  | N  | N  | N  | N  |
===============================================================================
Presto compilation completed successfully.
Information: Building the design 'MINI_W_ROM_6x48' instantiated from design 'layer2_compute' with
	the parameters "ROM_DATA=288'hf871f5ce1b4c0a3d0b05ed51f577054b0c07020deff0d6b9fb23d354e62b005c00000000". (HDL-193)

Statistics for case statements in always block at line 78 in file
	'../../rtl/rom_macros.sv'
===============================================
|           Line           |  full/ parallel  |
===============================================
|            79            |    auto/auto     |
===============================================

Inferred memory devices in process
	in routine MINI_W_ROM_6x48_ line 78 in file
		'../../rtl/rom_macros.sv'.
===============================================================================
|    Register Name    |   Type    | Width | Bus | MB | AR | AS | SR | SS | ST |
===============================================================================
|      dout_reg       | Flip-flop |  48   |  Y  | N  | N  | N  | N  | N  | N  |
===============================================================================
Presto compilation completed successfully.
Warning: Design 'MINI_W_ROM_6x48_' was renamed to 'MINI_W_ROM_6x48__45' to avoid
	a conflict with another design that has the same name but
different parameters. (LINK-17)
Information: Building the design 'MINI_W_ROM_6x48' instantiated from design 'layer2_compute' with
	the parameters "ROM_DATA=288'hdba8f94301810eeb01fff41fd0d2fc6904d5033afdb80479e127f617f15f129900000000". (HDL-193)

Statistics for case statements in always block at line 78 in file
	'../../rtl/rom_macros.sv'
===============================================
|           Line           |  full/ parallel  |
===============================================
|            79            |    auto/auto     |
===============================================

Inferred memory devices in process
	in routine MINI_W_ROM_6x48_ line 78 in file
		'../../rtl/rom_macros.sv'.
===============================================================================
|    Register Name    |   Type    | Width | Bus | MB | AR | AS | SR | SS | ST |
===============================================================================
|      dout_reg       | Flip-flop |  48   |  Y  | N  | N  | N  | N  | N  | N  |
===============================================================================
Presto compilation completed successfully.
Warning: Design 'MINI_W_ROM_6x48_' was renamed to 'MINI_W_ROM_6x48__46' to avoid
	a conflict with another design that has the same name but
different parameters. (LINK-17)
Information: Building the design 'MINI_b_ROM_1x16' instantiated from design 'layer2_compute' with
	the parameters "ROM_DATA=16'h105b". (HDL-193)

Statistics for case statements in always block at line 104 in file
	'../../rtl/rom_macros.sv'
===============================================
|           Line           |  full/ parallel  |
===============================================
|           105            |    auto/auto     |
===============================================

Inferred memory devices in process
	in routine MINI_b_ROM_1x16_105b line 104 in file
		'../../rtl/rom_macros.sv'.
===============================================================================
|    Register Name    |   Type    | Width | Bus | MB | AR | AS | SR | SS | ST |
===============================================================================
|      dout_reg       | Flip-flop |  16   |  Y  | N  | N  | N  | N  | N  | N  |
===============================================================================
Presto compilation completed successfully.
Information: Building the design 'MINI_W_ROM_6x48' instantiated from design 'layer2_compute' with
	the parameters "ROM_DATA=288'hfd6916c10743074704230066047205c112ddf769f0c8f752037efed3ef74f2a600000000". (HDL-193)

Statistics for case statements in always block at line 78 in file
	'../../rtl/rom_macros.sv'
===============================================
|           Line           |  full/ parallel  |
===============================================
|            79            |    auto/auto     |
===============================================

Inferred memory devices in process
	in routine MINI_W_ROM_6x48_ line 78 in file
		'../../rtl/rom_macros.sv'.
===============================================================================
|    Register Name    |   Type    | Width | Bus | MB | AR | AS | SR | SS | ST |
===============================================================================
|      dout_reg       | Flip-flop |  48   |  Y  | N  | N  | N  | N  | N  | N  |
===============================================================================
Presto compilation completed successfully.
Warning: Design 'MINI_W_ROM_6x48_' was renamed to 'MINI_W_ROM_6x48__47' to avoid
	a conflict with another design that has the same name but
different parameters. (LINK-17)
Information: Building the design 'MINI_W_ROM_6x48' instantiated from design 'layer2_compute' with
	the parameters "ROM_DATA=288'hfbde11c5019900d6f386f7a6fcf3fdf6065ffc3407441007f84af47401e703a300000000". (HDL-193)

Statistics for case statements in always block at line 78 in file
	'../../rtl/rom_macros.sv'
===============================================
|           Line           |  full/ parallel  |
===============================================
|            79            |    auto/auto     |
===============================================

Inferred memory devices in process
	in routine MINI_W_ROM_6x48_ line 78 in file
		'../../rtl/rom_macros.sv'.
===============================================================================
|    Register Name    |   Type    | Width | Bus | MB | AR | AS | SR | SS | ST |
===============================================================================
|      dout_reg       | Flip-flop |  48   |  Y  | N  | N  | N  | N  | N  | N  |
===============================================================================
Presto compilation completed successfully.
Warning: Design 'MINI_W_ROM_6x48_' was renamed to 'MINI_W_ROM_6x48__48' to avoid
	a conflict with another design that has the same name but
different parameters. (LINK-17)
Information: Building the design 'MINI_b_ROM_1x16' instantiated from design 'layer2_compute' with
	the parameters "ROM_DATA=16'hf841". (HDL-193)

Statistics for case statements in always block at line 104 in file
	'../../rtl/rom_macros.sv'
===============================================
|           Line           |  full/ parallel  |
===============================================
|           105            |    auto/auto     |
===============================================

Inferred memory devices in process
	in routine MINI_b_ROM_1x16_f841 line 104 in file
		'../../rtl/rom_macros.sv'.
===============================================================================
|    Register Name    |   Type    | Width | Bus | MB | AR | AS | SR | SS | ST |
===============================================================================
|      dout_reg       | Flip-flop |  16   |  Y  | N  | N  | N  | N  | N  | N  |
===============================================================================
Presto compilation completed successfully.
Information: Building the design 'MINI_W_ROM_6x48' instantiated from design 'layer2_compute' with
	the parameters "ROM_DATA=288'hfdafef9503ccfeb206beffbfe8b31028f9fdfe00fb86ea73f53ae9e7dd78f19d00000000". (HDL-193)

Statistics for case statements in always block at line 78 in file
	'../../rtl/rom_macros.sv'
===============================================
|           Line           |  full/ parallel  |
===============================================
|            79            |    auto/auto     |
===============================================

Inferred memory devices in process
	in routine MINI_W_ROM_6x48_ line 78 in file
		'../../rtl/rom_macros.sv'.
===============================================================================
|    Register Name    |   Type    | Width | Bus | MB | AR | AS | SR | SS | ST |
===============================================================================
|      dout_reg       | Flip-flop |  48   |  Y  | N  | N  | N  | N  | N  | N  |
===============================================================================
Presto compilation completed successfully.
Warning: Design 'MINI_W_ROM_6x48_' was renamed to 'MINI_W_ROM_6x48__49' to avoid
	a conflict with another design that has the same name but
different parameters. (LINK-17)
Information: Building the design 'MINI_W_ROM_6x48' instantiated from design 'layer2_compute' with
	the parameters "ROM_DATA=288'h196f01f70910032619dbf984d024fe59079cf815fde8f5fdfce5fa16fb75fe9000000000". (HDL-193)

Statistics for case statements in always block at line 78 in file
	'../../rtl/rom_macros.sv'
===============================================
|           Line           |  full/ parallel  |
===============================================
|            79            |    auto/auto     |
===============================================

Inferred memory devices in process
	in routine MINI_W_ROM_6x48_ line 78 in file
		'../../rtl/rom_macros.sv'.
===============================================================================
|    Register Name    |   Type    | Width | Bus | MB | AR | AS | SR | SS | ST |
===============================================================================
|      dout_reg       | Flip-flop |  48   |  Y  | N  | N  | N  | N  | N  | N  |
===============================================================================
Presto compilation completed successfully.
Warning: Design 'MINI_W_ROM_6x48_' was renamed to 'MINI_W_ROM_6x48__50' to avoid
	a conflict with another design that has the same name but
different parameters. (LINK-17)
Information: Building the design 'MINI_b_ROM_1x16' instantiated from design 'layer2_compute' with
	the parameters "ROM_DATA=16'h071e". (HDL-193)

Statistics for case statements in always block at line 104 in file
	'../../rtl/rom_macros.sv'
===============================================
|           Line           |  full/ parallel  |
===============================================
|           105            |    auto/auto     |
===============================================

Inferred memory devices in process
	in routine MINI_b_ROM_1x16_071e line 104 in file
		'../../rtl/rom_macros.sv'.
===============================================================================
|    Register Name    |   Type    | Width | Bus | MB | AR | AS | SR | SS | ST |
===============================================================================
|      dout_reg       | Flip-flop |  16   |  Y  | N  | N  | N  | N  | N  | N  |
===============================================================================
Presto compilation completed successfully.
Information: Building the design 'MINI_W_ROM_6x48' instantiated from design 'layer2_compute' with
	the parameters "ROM_DATA=288'hf13cfca10c841ff208d9f813e8faf3adfda9eae6edae17400a80f52501e0d99a00000000". (HDL-193)

Statistics for case statements in always block at line 78 in file
	'../../rtl/rom_macros.sv'
===============================================
|           Line           |  full/ parallel  |
===============================================
|            79            |    auto/auto     |
===============================================

Inferred memory devices in process
	in routine MINI_W_ROM_6x48_ line 78 in file
		'../../rtl/rom_macros.sv'.
===============================================================================
|    Register Name    |   Type    | Width | Bus | MB | AR | AS | SR | SS | ST |
===============================================================================
|      dout_reg       | Flip-flop |  48   |  Y  | N  | N  | N  | N  | N  | N  |
===============================================================================
Presto compilation completed successfully.
Warning: Design 'MINI_W_ROM_6x48_' was renamed to 'MINI_W_ROM_6x48__51' to avoid
	a conflict with another design that has the same name but
different parameters. (LINK-17)
Information: Building the design 'MINI_W_ROM_6x48' instantiated from design 'layer2_compute' with
	the parameters "ROM_DATA=288'he490f8ea1e34fecaeb4609a8fc2902e0fc840090fcf40039f34ff1fe037ff8fc00000000". (HDL-193)

Statistics for case statements in always block at line 78 in file
	'../../rtl/rom_macros.sv'
===============================================
|           Line           |  full/ parallel  |
===============================================
|            79            |    auto/auto     |
===============================================

Inferred memory devices in process
	in routine MINI_W_ROM_6x48_ line 78 in file
		'../../rtl/rom_macros.sv'.
===============================================================================
|    Register Name    |   Type    | Width | Bus | MB | AR | AS | SR | SS | ST |
===============================================================================
|      dout_reg       | Flip-flop |  48   |  Y  | N  | N  | N  | N  | N  | N  |
===============================================================================
Presto compilation completed successfully.
Warning: Design 'MINI_W_ROM_6x48_' was renamed to 'MINI_W_ROM_6x48__52' to avoid
	a conflict with another design that has the same name but
different parameters. (LINK-17)
Information: Building the design 'MINI_b_ROM_1x16' instantiated from design 'layer2_compute' with
	the parameters "ROM_DATA=16'h2606". (HDL-193)

Statistics for case statements in always block at line 104 in file
	'../../rtl/rom_macros.sv'
===============================================
|           Line           |  full/ parallel  |
===============================================
|           105            |    auto/auto     |
===============================================

Inferred memory devices in process
	in routine MINI_b_ROM_1x16_2606 line 104 in file
		'../../rtl/rom_macros.sv'.
===============================================================================
|    Register Name    |   Type    | Width | Bus | MB | AR | AS | SR | SS | ST |
===============================================================================
|      dout_reg       | Flip-flop |  16   |  Y  | N  | N  | N  | N  | N  | N  |
===============================================================================
Presto compilation completed successfully.
Information: Building the design 'MINI_W_ROM_6x48' instantiated from design 'layer2_compute' with
	the parameters "ROM_DATA=288'hf908f6b30122ff9bfee2fcd3f97803f506bbe73ce4b60f7e0225f0f90260e56600000000". (HDL-193)

Statistics for case statements in always block at line 78 in file
	'../../rtl/rom_macros.sv'
===============================================
|           Line           |  full/ parallel  |
===============================================
|            79            |    auto/auto     |
===============================================

Inferred memory devices in process
	in routine MINI_W_ROM_6x48_ line 78 in file
		'../../rtl/rom_macros.sv'.
===============================================================================
|    Register Name    |   Type    | Width | Bus | MB | AR | AS | SR | SS | ST |
===============================================================================
|      dout_reg       | Flip-flop |  48   |  Y  | N  | N  | N  | N  | N  | N  |
===============================================================================
Presto compilation completed successfully.
Warning: Design 'MINI_W_ROM_6x48_' was renamed to 'MINI_W_ROM_6x48__53' to avoid
	a conflict with another design that has the same name but
different parameters. (LINK-17)
Information: Building the design 'MINI_W_ROM_6x48' instantiated from design 'layer2_compute' with
	the parameters "ROM_DATA=288'hf4c2f0021ce0d6a0e61804aa00e809eafab2096cf62013ade97b06470230141100000000". (HDL-193)

Statistics for case statements in always block at line 78 in file
	'../../rtl/rom_macros.sv'
===============================================
|           Line           |  full/ parallel  |
===============================================
|            79            |    auto/auto     |
===============================================

Inferred memory devices in process
	in routine MINI_W_ROM_6x48_ line 78 in file
		'../../rtl/rom_macros.sv'.
===============================================================================
|    Register Name    |   Type    | Width | Bus | MB | AR | AS | SR | SS | ST |
===============================================================================
|      dout_reg       | Flip-flop |  48   |  Y  | N  | N  | N  | N  | N  | N  |
===============================================================================
Presto compilation completed successfully.
Warning: Design 'MINI_W_ROM_6x48_' was renamed to 'MINI_W_ROM_6x48__54' to avoid
	a conflict with another design that has the same name but
different parameters. (LINK-17)
Information: Building the design 'MINI_b_ROM_1x16' instantiated from design 'layer2_compute' with
	the parameters "ROM_DATA=16'h1c3a". (HDL-193)

Statistics for case statements in always block at line 104 in file
	'../../rtl/rom_macros.sv'
===============================================
|           Line           |  full/ parallel  |
===============================================
|           105            |    auto/auto     |
===============================================

Inferred memory devices in process
	in routine MINI_b_ROM_1x16_1c3a line 104 in file
		'../../rtl/rom_macros.sv'.
===============================================================================
|    Register Name    |   Type    | Width | Bus | MB | AR | AS | SR | SS | ST |
===============================================================================
|      dout_reg       | Flip-flop |  16   |  Y  | N  | N  | N  | N  | N  | N  |
===============================================================================
Presto compilation completed successfully.
Information: Building the design 'MINI_W_ROM_6x48' instantiated from design 'layer2_compute' with
	the parameters "ROM_DATA=288'h0ad415acf8c0ff78f37b13991bffb7c905ab0be614701354f41100000b25fadd00000000". (HDL-193)

Statistics for case statements in always block at line 78 in file
	'../../rtl/rom_macros.sv'
===============================================
|           Line           |  full/ parallel  |
===============================================
|            79            |    auto/auto     |
===============================================

Inferred memory devices in process
	in routine MINI_W_ROM_6x48_ line 78 in file
		'../../rtl/rom_macros.sv'.
===============================================================================
|    Register Name    |   Type    | Width | Bus | MB | AR | AS | SR | SS | ST |
===============================================================================
|      dout_reg       | Flip-flop |  48   |  Y  | N  | N  | N  | N  | N  | N  |
===============================================================================
Presto compilation completed successfully.
Warning: Design 'MINI_W_ROM_6x48_' was renamed to 'MINI_W_ROM_6x48__55' to avoid
	a conflict with another design that has the same name but
different parameters. (LINK-17)
Information: Building the design 'MINI_W_ROM_6x48' instantiated from design 'layer2_compute' with
	the parameters "ROM_DATA=288'h1eb80944f3111b3ede05ea30f0ce019f097beffa01d4ff591a8306a60425060e00000000". (HDL-193)

Statistics for case statements in always block at line 78 in file
	'../../rtl/rom_macros.sv'
===============================================
|           Line           |  full/ parallel  |
===============================================
|            79            |    auto/auto     |
===============================================

Inferred memory devices in process
	in routine MINI_W_ROM_6x48_ line 78 in file
		'../../rtl/rom_macros.sv'.
===============================================================================
|    Register Name    |   Type    | Width | Bus | MB | AR | AS | SR | SS | ST |
===============================================================================
|      dout_reg       | Flip-flop |  48   |  Y  | N  | N  | N  | N  | N  | N  |
===============================================================================
Presto compilation completed successfully.
Warning: Design 'MINI_W_ROM_6x48_' was renamed to 'MINI_W_ROM_6x48__56' to avoid
	a conflict with another design that has the same name but
different parameters. (LINK-17)
Information: Building the design 'MINI_b_ROM_1x16' instantiated from design 'layer2_compute' with
	the parameters "ROM_DATA=16'hf624". (HDL-193)

Statistics for case statements in always block at line 104 in file
	'../../rtl/rom_macros.sv'
===============================================
|           Line           |  full/ parallel  |
===============================================
|           105            |    auto/auto     |
===============================================

Inferred memory devices in process
	in routine MINI_b_ROM_1x16_f624 line 104 in file
		'../../rtl/rom_macros.sv'.
===============================================================================
|    Register Name    |   Type    | Width | Bus | MB | AR | AS | SR | SS | ST |
===============================================================================
|      dout_reg       | Flip-flop |  16   |  Y  | N  | N  | N  | N  | N  | N  |
===============================================================================
Presto compilation completed successfully.
Information: Building the design 'MINI_W_ROM_6x48' instantiated from design 'layer2_compute' with
	the parameters "ROM_DATA=288'hba5a1879f35af91a0ca70000f74fea5cd37e0000191e0b1e030600000c4c000000000000". (HDL-193)

Statistics for case statements in always block at line 78 in file
	'../../rtl/rom_macros.sv'
===============================================
|           Line           |  full/ parallel  |
===============================================
|            79            |    auto/auto     |
===============================================

Inferred memory devices in process
	in routine MINI_W_ROM_6x48_ line 78 in file
		'../../rtl/rom_macros.sv'.
===============================================================================
|    Register Name    |   Type    | Width | Bus | MB | AR | AS | SR | SS | ST |
===============================================================================
|      dout_reg       | Flip-flop |  48   |  Y  | N  | N  | N  | N  | N  | N  |
===============================================================================
Presto compilation completed successfully.
Warning: Design 'MINI_W_ROM_6x48_' was renamed to 'MINI_W_ROM_6x48__57' to avoid
	a conflict with another design that has the same name but
different parameters. (LINK-17)
Information: Building the design 'MINI_W_ROM_6x48' instantiated from design 'layer2_compute' with
	the parameters "ROM_DATA=288'h0000fbcaeb8900000000fe6226560a9a0174010a0a87ffcb00000000fd03f88900000000". (HDL-193)

Statistics for case statements in always block at line 78 in file
	'../../rtl/rom_macros.sv'
===============================================
|           Line           |  full/ parallel  |
===============================================
|            79            |    auto/auto     |
===============================================

Inferred memory devices in process
	in routine MINI_W_ROM_6x48_ line 78 in file
		'../../rtl/rom_macros.sv'.
===============================================================================
|    Register Name    |   Type    | Width | Bus | MB | AR | AS | SR | SS | ST |
===============================================================================
|      dout_reg       | Flip-flop |  48   |  Y  | N  | N  | N  | N  | N  | N  |
===============================================================================
Presto compilation completed successfully.
Warning: Design 'MINI_W_ROM_6x48_' was renamed to 'MINI_W_ROM_6x48__58' to avoid
	a conflict with another design that has the same name but
different parameters. (LINK-17)
Information: Building the design 'MINI_b_ROM_1x16' instantiated from design 'layer2_compute' with
	the parameters "ROM_DATA=16'he92d". (HDL-193)

Statistics for case statements in always block at line 104 in file
	'../../rtl/rom_macros.sv'
===============================================
|           Line           |  full/ parallel  |
===============================================
|           105            |    auto/auto     |
===============================================

Inferred memory devices in process
	in routine MINI_b_ROM_1x16_e92d line 104 in file
		'../../rtl/rom_macros.sv'.
===============================================================================
|    Register Name    |   Type    | Width | Bus | MB | AR | AS | SR | SS | ST |
===============================================================================
|      dout_reg       | Flip-flop |  16   |  Y  | N  | N  | N  | N  | N  | N  |
===============================================================================
Presto compilation completed successfully.
Information: Building the design 'MINI_W_ROM_6x48' instantiated from design 'layer2_compute' with
	the parameters "ROM_DATA=288'h15e01b11eb7c002b08fb000000ad0000e06500000cf805faf81f000010d6000000000000". (HDL-193)

Statistics for case statements in always block at line 78 in file
	'../../rtl/rom_macros.sv'
===============================================
|           Line           |  full/ parallel  |
===============================================
|            79            |    auto/auto     |
===============================================

Inferred memory devices in process
	in routine MINI_W_ROM_6x48_ line 78 in file
		'../../rtl/rom_macros.sv'.
===============================================================================
|    Register Name    |   Type    | Width | Bus | MB | AR | AS | SR | SS | ST |
===============================================================================
|      dout_reg       | Flip-flop |  48   |  Y  | N  | N  | N  | N  | N  | N  |
===============================================================================
Presto compilation completed successfully.
Warning: Design 'MINI_W_ROM_6x48_' was renamed to 'MINI_W_ROM_6x48__59' to avoid
	a conflict with another design that has the same name but
different parameters. (LINK-17)
Information: Building the design 'MINI_W_ROM_6x48' instantiated from design 'layer2_compute' with
	the parameters "ROM_DATA=288'h00000498c99200000000ff0a10001066fb6efa160cfdf7360000000004a4010f00000000". (HDL-193)

Statistics for case statements in always block at line 78 in file
	'../../rtl/rom_macros.sv'
===============================================
|           Line           |  full/ parallel  |
===============================================
|            79            |    auto/auto     |
===============================================

Inferred memory devices in process
	in routine MINI_W_ROM_6x48_ line 78 in file
		'../../rtl/rom_macros.sv'.
===============================================================================
|    Register Name    |   Type    | Width | Bus | MB | AR | AS | SR | SS | ST |
===============================================================================
|      dout_reg       | Flip-flop |  48   |  Y  | N  | N  | N  | N  | N  | N  |
===============================================================================
Presto compilation completed successfully.
Warning: Design 'MINI_W_ROM_6x48_' was renamed to 'MINI_W_ROM_6x48__60' to avoid
	a conflict with another design that has the same name but
different parameters. (LINK-17)
Information: Building the design 'MINI_b_ROM_1x16' instantiated from design 'layer2_compute' with
	the parameters "ROM_DATA=16'hdfd1". (HDL-193)

Statistics for case statements in always block at line 104 in file
	'../../rtl/rom_macros.sv'
===============================================
|           Line           |  full/ parallel  |
===============================================
|           105            |    auto/auto     |
===============================================

Inferred memory devices in process
	in routine MINI_b_ROM_1x16_dfd1 line 104 in file
		'../../rtl/rom_macros.sv'.
===============================================================================
|    Register Name    |   Type    | Width | Bus | MB | AR | AS | SR | SS | ST |
===============================================================================
|      dout_reg       | Flip-flop |  16   |  Y  | N  | N  | N  | N  | N  | N  |
===============================================================================
Presto compilation completed successfully.
Information: Building the design 'MINI_W_ROM_6x48' instantiated from design 'layer2_compute' with
	the parameters "ROM_DATA=288'h02a1f3b20da309600a76ee5900870043079fec41fb4fe8d7f9ff0b2def42f22a00000000". (HDL-193)

Statistics for case statements in always block at line 78 in file
	'../../rtl/rom_macros.sv'
===============================================
|           Line           |  full/ parallel  |
===============================================
|            79            |    auto/auto     |
===============================================

Inferred memory devices in process
	in routine MINI_W_ROM_6x48_ line 78 in file
		'../../rtl/rom_macros.sv'.
===============================================================================
|    Register Name    |   Type    | Width | Bus | MB | AR | AS | SR | SS | ST |
===============================================================================
|      dout_reg       | Flip-flop |  48   |  Y  | N  | N  | N  | N  | N  | N  |
===============================================================================
Presto compilation completed successfully.
Warning: Design 'MINI_W_ROM_6x48_' was renamed to 'MINI_W_ROM_6x48__61' to avoid
	a conflict with another design that has the same name but
different parameters. (LINK-17)
Information: Building the design 'MINI_W_ROM_6x48' instantiated from design 'layer2_compute' with
	the parameters "ROM_DATA=288'hfc38074b0980e088056afac5f83601b0ff97f6fdf6ece55ee08b0698fee601c500000000". (HDL-193)

Statistics for case statements in always block at line 78 in file
	'../../rtl/rom_macros.sv'
===============================================
|           Line           |  full/ parallel  |
===============================================
|            79            |    auto/auto     |
===============================================

Inferred memory devices in process
	in routine MINI_W_ROM_6x48_ line 78 in file
		'../../rtl/rom_macros.sv'.
===============================================================================
|    Register Name    |   Type    | Width | Bus | MB | AR | AS | SR | SS | ST |
===============================================================================
|      dout_reg       | Flip-flop |  48   |  Y  | N  | N  | N  | N  | N  | N  |
===============================================================================
Presto compilation completed successfully.
Warning: Design 'MINI_W_ROM_6x48_' was renamed to 'MINI_W_ROM_6x48__62' to avoid
	a conflict with another design that has the same name but
different parameters. (LINK-17)
Information: Building the design 'MINI_b_ROM_1x16' instantiated from design 'layer2_compute' with
	the parameters "ROM_DATA=16'h07e6". (HDL-193)

Statistics for case statements in always block at line 104 in file
	'../../rtl/rom_macros.sv'
===============================================
|           Line           |  full/ parallel  |
===============================================
|           105            |    auto/auto     |
===============================================

Inferred memory devices in process
	in routine MINI_b_ROM_1x16_07e6 line 104 in file
		'../../rtl/rom_macros.sv'.
===============================================================================
|    Register Name    |   Type    | Width | Bus | MB | AR | AS | SR | SS | ST |
===============================================================================
|      dout_reg       | Flip-flop |  16   |  Y  | N  | N  | N  | N  | N  | N  |
===============================================================================
Presto compilation completed successfully.
Information: Building the design 'MINI_W_ROM_6x48' instantiated from design 'layer3_compute' with
	the parameters "ROM_DATA=288'hd6f8d805228efae831a93b54105718bea892e96bb736f4e4d9ad0bbc0000f9aa00000000". (HDL-193)

Statistics for case statements in always block at line 78 in file
	'../../rtl/rom_macros.sv'
===============================================
|           Line           |  full/ parallel  |
===============================================
|            79            |    auto/auto     |
===============================================

Inferred memory devices in process
	in routine MINI_W_ROM_6x48_ line 78 in file
		'../../rtl/rom_macros.sv'.
===============================================================================
|    Register Name    |   Type    | Width | Bus | MB | AR | AS | SR | SS | ST |
===============================================================================
|      dout_reg       | Flip-flop |  48   |  Y  | N  | N  | N  | N  | N  | N  |
===============================================================================
Presto compilation completed successfully.
Warning: Design 'MINI_W_ROM_6x48_' was renamed to 'MINI_W_ROM_6x48__63' to avoid
	a conflict with another design that has the same name but
different parameters. (LINK-17)
Information: Building the design 'MINI_W_ROM_6x48' instantiated from design 'layer3_compute' with
	the parameters "ROM_DATA=288'hf83914530c23034dff72c3b3022f158dfa0e0aebf4be1e6b035bcb39c507d52f00000000". (HDL-193)

Statistics for case statements in always block at line 78 in file
	'../../rtl/rom_macros.sv'
===============================================
|           Line           |  full/ parallel  |
===============================================
|            79            |    auto/auto     |
===============================================

Inferred memory devices in process
	in routine MINI_W_ROM_6x48_ line 78 in file
		'../../rtl/rom_macros.sv'.
===============================================================================
|    Register Name    |   Type    | Width | Bus | MB | AR | AS | SR | SS | ST |
===============================================================================
|      dout_reg       | Flip-flop |  48   |  Y  | N  | N  | N  | N  | N  | N  |
===============================================================================
Presto compilation completed successfully.
Warning: Design 'MINI_W_ROM_6x48_' was renamed to 'MINI_W_ROM_6x48__64' to avoid
	a conflict with another design that has the same name but
different parameters. (LINK-17)
Information: Building the design 'MINI_b_ROM_1x16' instantiated from design 'layer3_compute' with
	the parameters "ROM_DATA=16'h010a". (HDL-193)

Statistics for case statements in always block at line 104 in file
	'../../rtl/rom_macros.sv'
===============================================
|           Line           |  full/ parallel  |
===============================================
|           105            |    auto/auto     |
===============================================

Inferred memory devices in process
	in routine MINI_b_ROM_1x16_010a line 104 in file
		'../../rtl/rom_macros.sv'.
===============================================================================
|    Register Name    |   Type    | Width | Bus | MB | AR | AS | SR | SS | ST |
===============================================================================
|      dout_reg       | Flip-flop |  16   |  Y  | N  | N  | N  | N  | N  | N  |
===============================================================================
Presto compilation completed successfully.
Information: Building the design 'MINI_W_ROM_6x48' instantiated from design 'layer3_compute' with
	the parameters "ROM_DATA=288'h073a18aff742f8010c382c00ef6d2e1efe5b0451fef3ef9ceedbf010000050c900000000". (HDL-193)

Statistics for case statements in always block at line 78 in file
	'../../rtl/rom_macros.sv'
===============================================
|           Line           |  full/ parallel  |
===============================================
|            79            |    auto/auto     |
===============================================

Inferred memory devices in process
	in routine MINI_W_ROM_6x48_ line 78 in file
		'../../rtl/rom_macros.sv'.
===============================================================================
|    Register Name    |   Type    | Width | Bus | MB | AR | AS | SR | SS | ST |
===============================================================================
|      dout_reg       | Flip-flop |  48   |  Y  | N  | N  | N  | N  | N  | N  |
===============================================================================
Presto compilation completed successfully.
Warning: Design 'MINI_W_ROM_6x48_' was renamed to 'MINI_W_ROM_6x48__65' to avoid
	a conflict with another design that has the same name but
different parameters. (LINK-17)
Information: Building the design 'MINI_W_ROM_6x48' instantiated from design 'layer3_compute' with
	the parameters "ROM_DATA=288'h2a8df26f074010eb450800431fd9ad95103e2e13d8fdf9adc96afac5fe79fbc300000000". (HDL-193)

Statistics for case statements in always block at line 78 in file
	'../../rtl/rom_macros.sv'
===============================================
|           Line           |  full/ parallel  |
===============================================
|            79            |    auto/auto     |
===============================================

Inferred memory devices in process
	in routine MINI_W_ROM_6x48_ line 78 in file
		'../../rtl/rom_macros.sv'.
===============================================================================
|    Register Name    |   Type    | Width | Bus | MB | AR | AS | SR | SS | ST |
===============================================================================
|      dout_reg       | Flip-flop |  48   |  Y  | N  | N  | N  | N  | N  | N  |
===============================================================================
Presto compilation completed successfully.
Warning: Design 'MINI_W_ROM_6x48_' was renamed to 'MINI_W_ROM_6x48__66' to avoid
	a conflict with another design that has the same name but
different parameters. (LINK-17)
Information: Building the design 'MINI_b_ROM_1x16' instantiated from design 'layer3_compute' with
	the parameters "ROM_DATA=16'hfd0b". (HDL-193)

Statistics for case statements in always block at line 104 in file
	'../../rtl/rom_macros.sv'
===============================================
|           Line           |  full/ parallel  |
===============================================
|           105            |    auto/auto     |
===============================================

Inferred memory devices in process
	in routine MINI_b_ROM_1x16_fd0b line 104 in file
		'../../rtl/rom_macros.sv'.
===============================================================================
|    Register Name    |   Type    | Width | Bus | MB | AR | AS | SR | SS | ST |
===============================================================================
|      dout_reg       | Flip-flop |  16   |  Y  | N  | N  | N  | N  | N  | N  |
===============================================================================
Presto compilation completed successfully.
1
current_design  
Current design is 'neural_eq_top'.
{neural_eq_top}
check_design
 
****************************************
check_design summary:
Version:     O-2018.06-SP1
Date:        Fri Jun 26 19:08:03 2026
****************************************

                   Name                                            Total
--------------------------------------------------------------------------------
Inputs/Outputs                                                      3
    Unconnected ports (LINT-28)                                     3

Cells                                                             272
    Cells do not drive (LINT-1)                                   206
    Connected to power or ground (LINT-32)                         66
--------------------------------------------------------------------------------

Warning: In design 'input_window_ctrl', cell 'C1173' does not drive any nets. (LINT-1)
Warning: In design 'input_window_ctrl', cell 'C1181' does not drive any nets. (LINT-1)
Warning: In design 'input_window_ctrl', cell 'C1188' does not drive any nets. (LINT-1)
Warning: In design 'input_window_ctrl', cell 'C1191' does not drive any nets. (LINT-1)
Warning: In design 'input_window_ctrl', cell 'C1194' does not drive any nets. (LINT-1)
Warning: In design 'layer1_compute', cell 'C11711' does not drive any nets. (LINT-1)
Warning: In design 'layer1_compute', cell 'B_167' does not drive any nets. (LINT-1)
Warning: In design 'layer1_compute', cell 'C11751' does not drive any nets. (LINT-1)
Warning: In design 'layer1_compute', cell 'C11755' does not drive any nets. (LINT-1)
Warning: In design 'layer1_compute', cell 'B_168' does not drive any nets. (LINT-1)
Warning: In design 'layer1_compute', cell 'C11780' does not drive any nets. (LINT-1)
Warning: In design 'layer1_compute', cell 'C11784' does not drive any nets. (LINT-1)
Warning: In design 'layer1_compute', cell 'B_169' does not drive any nets. (LINT-1)
Warning: In design 'layer1_compute', cell 'C11809' does not drive any nets. (LINT-1)
Warning: In design 'layer1_compute', cell 'C11813' does not drive any nets. (LINT-1)
Warning: In design 'layer1_compute', cell 'B_170' does not drive any nets. (LINT-1)
Warning: In design 'layer1_compute', cell 'C11838' does not drive any nets. (LINT-1)
Warning: In design 'layer1_compute', cell 'C11842' does not drive any nets. (LINT-1)
Warning: In design 'layer1_compute', cell 'B_171' does not drive any nets. (LINT-1)
Warning: In design 'layer1_compute', cell 'C11867' does not drive any nets. (LINT-1)
Warning: In design 'layer1_compute', cell 'C11871' does not drive any nets. (LINT-1)
Warning: In design 'layer1_compute', cell 'B_172' does not drive any nets. (LINT-1)
Warning: In design 'layer1_compute', cell 'C11896' does not drive any nets. (LINT-1)
Warning: In design 'layer1_compute', cell 'C11900' does not drive any nets. (LINT-1)
Warning: In design 'layer1_compute', cell 'B_173' does not drive any nets. (LINT-1)
Warning: In design 'layer1_compute', cell 'C11925' does not drive any nets. (LINT-1)
Warning: In design 'layer1_compute', cell 'C11929' does not drive any nets. (LINT-1)
Warning: In design 'layer1_compute', cell 'B_174' does not drive any nets. (LINT-1)
Warning: In design 'layer1_compute', cell 'C11954' does not drive any nets. (LINT-1)
Warning: In design 'layer1_compute', cell 'C11958' does not drive any nets. (LINT-1)
Warning: In design 'layer1_compute', cell 'B_175' does not drive any nets. (LINT-1)
Warning: In design 'layer1_compute', cell 'C11983' does not drive any nets. (LINT-1)
Warning: In design 'layer1_compute', cell 'C11987' does not drive any nets. (LINT-1)
Warning: In design 'layer1_compute', cell 'B_176' does not drive any nets. (LINT-1)
Warning: In design 'layer1_compute', cell 'C12012' does not drive any nets. (LINT-1)
Warning: In design 'layer1_compute', cell 'C12016' does not drive any nets. (LINT-1)
Warning: In design 'layer1_compute', cell 'B_177' does not drive any nets. (LINT-1)
Warning: In design 'layer1_compute', cell 'C12041' does not drive any nets. (LINT-1)
Warning: In design 'layer1_compute', cell 'C12044' does not drive any nets. (LINT-1)
Warning: In design 'layer1_compute', cell 'B_178' does not drive any nets. (LINT-1)
Warning: In design 'layer1_compute', cell 'C12068' does not drive any nets. (LINT-1)
Warning: In design 'layer1_compute', cell 'C12071' does not drive any nets. (LINT-1)
Warning: In design 'layer1_compute', cell 'B_179' does not drive any nets. (LINT-1)
Warning: In design 'layer1_compute', cell 'C12095' does not drive any nets. (LINT-1)
Warning: In design 'layer1_compute', cell 'C12098' does not drive any nets. (LINT-1)
Warning: In design 'layer1_compute', cell 'B_180' does not drive any nets. (LINT-1)
Warning: In design 'layer1_compute', cell 'C12122' does not drive any nets. (LINT-1)
Warning: In design 'layer1_compute', cell 'C12125' does not drive any nets. (LINT-1)
Warning: In design 'layer1_compute', cell 'B_181' does not drive any nets. (LINT-1)
Warning: In design 'layer1_compute', cell 'C12149' does not drive any nets. (LINT-1)
Warning: In design 'layer1_compute', cell 'C12152' does not drive any nets. (LINT-1)
Warning: In design 'layer1_compute', cell 'B_182' does not drive any nets. (LINT-1)
Warning: In design 'layer1_compute', cell 'C12176' does not drive any nets. (LINT-1)
Warning: In design 'layer1_compute', cell 'C12179' does not drive any nets. (LINT-1)
Warning: In design 'layer1_compute', cell 'B_183' does not drive any nets. (LINT-1)
Warning: In design 'layer1_compute', cell 'C12203' does not drive any nets. (LINT-1)
Warning: In design 'layer1_compute', cell 'C12206' does not drive any nets. (LINT-1)
Warning: In design 'layer1_compute', cell 'B_184' does not drive any nets. (LINT-1)
Warning: In design 'layer1_compute', cell 'C12230' does not drive any nets. (LINT-1)
Warning: In design 'layer1_compute', cell 'C12233' does not drive any nets. (LINT-1)
Warning: In design 'layer1_compute', cell 'B_185' does not drive any nets. (LINT-1)
Warning: In design 'layer1_compute', cell 'C12257' does not drive any nets. (LINT-1)
Warning: In design 'layer1_compute', cell 'C12260' does not drive any nets. (LINT-1)
Warning: In design 'layer1_compute', cell 'B_186' does not drive any nets. (LINT-1)
Warning: In design 'layer1_compute', cell 'C12284' does not drive any nets. (LINT-1)
Warning: In design 'layer1_compute', cell 'C12287' does not drive any nets. (LINT-1)
Warning: In design 'layer1_compute', cell 'B_187' does not drive any nets. (LINT-1)
Warning: In design 'layer1_compute', cell 'C12311' does not drive any nets. (LINT-1)
Warning: In design 'layer1_compute', cell 'C12314' does not drive any nets. (LINT-1)
Warning: In design 'layer1_compute', cell 'B_188' does not drive any nets. (LINT-1)
Warning: In design 'layer1_compute', cell 'C12338' does not drive any nets. (LINT-1)
Warning: In design 'layer1_compute', cell 'C12341' does not drive any nets. (LINT-1)
Warning: In design 'layer1_compute', cell 'B_189' does not drive any nets. (LINT-1)
Warning: In design 'layer1_compute', cell 'C12365' does not drive any nets. (LINT-1)
Warning: In design 'layer1_compute', cell 'C12368' does not drive any nets. (LINT-1)
Warning: In design 'layer1_compute', cell 'B_190' does not drive any nets. (LINT-1)
Warning: In design 'layer1_compute', cell 'C12392' does not drive any nets. (LINT-1)
Warning: In design 'layer1_compute', cell 'C12395' does not drive any nets. (LINT-1)
Warning: In design 'layer1_compute', cell 'B_191' does not drive any nets. (LINT-1)
Warning: In design 'layer1_compute', cell 'C12419' does not drive any nets. (LINT-1)
Warning: In design 'layer1_compute', cell 'C12422' does not drive any nets. (LINT-1)
Warning: In design 'layer1_compute', cell 'B_192' does not drive any nets. (LINT-1)
Warning: In design 'layer1_compute', cell 'C12446' does not drive any nets. (LINT-1)
Warning: In design 'layer1_compute', cell 'C12449' does not drive any nets. (LINT-1)
Warning: In design 'layer1_compute', cell 'B_193' does not drive any nets. (LINT-1)
Warning: In design 'layer1_compute', cell 'C12473' does not drive any nets. (LINT-1)
Warning: In design 'layer1_compute', cell 'C12476' does not drive any nets. (LINT-1)
Warning: In design 'layer1_compute', cell 'B_194' does not drive any nets. (LINT-1)
Warning: In design 'layer1_compute', cell 'C12500' does not drive any nets. (LINT-1)
Warning: In design 'layer1_compute', cell 'C12503' does not drive any nets. (LINT-1)
Warning: In design 'layer1_compute', cell 'B_195' does not drive any nets. (LINT-1)
Warning: In design 'layer1_compute', cell 'C12527' does not drive any nets. (LINT-1)
Warning: In design 'layer1_compute', cell 'C12530' does not drive any nets. (LINT-1)
Warning: In design 'layer1_compute', cell 'B_196' does not drive any nets. (LINT-1)
Warning: In design 'layer1_compute', cell 'C12554' does not drive any nets. (LINT-1)
Warning: In design 'layer1_compute', cell 'C12557' does not drive any nets. (LINT-1)
Warning: In design 'layer1_compute', cell 'B_197' does not drive any nets. (LINT-1)
Warning: In design 'layer1_compute', cell 'C12581' does not drive any nets. (LINT-1)
Warning: In design 'layer1_compute', cell 'C12584' does not drive any nets. (LINT-1)
Warning: In design 'layer1_compute', cell 'B_198' does not drive any nets. (LINT-1)
Warning: In design 'layer1_compute', cell 'C12608' does not drive any nets. (LINT-1)
Warning: In design 'layer1_compute', cell 'C12611' does not drive any nets. (LINT-1)
Warning: In design 'layer2_compute', cell 'B_139' does not drive any nets. (LINT-1)
Warning: In design 'layer2_compute', cell 'C15822' does not drive any nets. (LINT-1)
Warning: In design 'layer2_compute', cell 'C15828' does not drive any nets. (LINT-1)
Warning: In design 'layer2_compute', cell 'B_140' does not drive any nets. (LINT-1)
Warning: In design 'layer2_compute', cell 'C15861' does not drive any nets. (LINT-1)
Warning: In design 'layer2_compute', cell 'C15867' does not drive any nets. (LINT-1)
Warning: In design 'layer2_compute', cell 'B_141' does not drive any nets. (LINT-1)
Warning: In design 'layer2_compute', cell 'C15900' does not drive any nets. (LINT-1)
Warning: In design 'layer2_compute', cell 'C15906' does not drive any nets. (LINT-1)
Warning: In design 'layer2_compute', cell 'B_142' does not drive any nets. (LINT-1)
Warning: In design 'layer2_compute', cell 'C15939' does not drive any nets. (LINT-1)
Warning: In design 'layer2_compute', cell 'C15945' does not drive any nets. (LINT-1)
Warning: In design 'layer2_compute', cell 'B_143' does not drive any nets. (LINT-1)
Warning: In design 'layer2_compute', cell 'C15978' does not drive any nets. (LINT-1)
Warning: In design 'layer2_compute', cell 'C15984' does not drive any nets. (LINT-1)
Warning: In design 'layer2_compute', cell 'B_144' does not drive any nets. (LINT-1)
Warning: In design 'layer2_compute', cell 'C16017' does not drive any nets. (LINT-1)
Warning: In design 'layer2_compute', cell 'C16023' does not drive any nets. (LINT-1)
Warning: In design 'layer2_compute', cell 'B_145' does not drive any nets. (LINT-1)
Warning: In design 'layer2_compute', cell 'C16056' does not drive any nets. (LINT-1)
Warning: In design 'layer2_compute', cell 'C16062' does not drive any nets. (LINT-1)
Warning: In design 'layer2_compute', cell 'B_146' does not drive any nets. (LINT-1)
Warning: In design 'layer2_compute', cell 'C16095' does not drive any nets. (LINT-1)
Warning: In design 'layer2_compute', cell 'C16101' does not drive any nets. (LINT-1)
Warning: In design 'layer2_compute', cell 'B_147' does not drive any nets. (LINT-1)
Warning: In design 'layer2_compute', cell 'C16134' does not drive any nets. (LINT-1)
Warning: In design 'layer2_compute', cell 'C16140' does not drive any nets. (LINT-1)
Warning: In design 'layer2_compute', cell 'B_148' does not drive any nets. (LINT-1)
Warning: In design 'layer2_compute', cell 'C16173' does not drive any nets. (LINT-1)
Warning: In design 'layer2_compute', cell 'C16179' does not drive any nets. (LINT-1)
Warning: In design 'layer2_compute', cell 'B_149' does not drive any nets. (LINT-1)
Warning: In design 'layer2_compute', cell 'C16212' does not drive any nets. (LINT-1)
Warning: In design 'layer2_compute', cell 'C16217' does not drive any nets. (LINT-1)
Warning: In design 'layer2_compute', cell 'B_150' does not drive any nets. (LINT-1)
Warning: In design 'layer2_compute', cell 'C16249' does not drive any nets. (LINT-1)
Warning: In design 'layer2_compute', cell 'C16254' does not drive any nets. (LINT-1)
Warning: In design 'layer2_compute', cell 'B_151' does not drive any nets. (LINT-1)
Warning: In design 'layer2_compute', cell 'C16286' does not drive any nets. (LINT-1)
Warning: In design 'layer2_compute', cell 'C16291' does not drive any nets. (LINT-1)
Warning: In design 'layer2_compute', cell 'B_152' does not drive any nets. (LINT-1)
Warning: In design 'layer2_compute', cell 'C16323' does not drive any nets. (LINT-1)
Warning: In design 'layer2_compute', cell 'C16328' does not drive any nets. (LINT-1)
Warning: In design 'layer2_compute', cell 'B_153' does not drive any nets. (LINT-1)
Warning: In design 'layer2_compute', cell 'C16360' does not drive any nets. (LINT-1)
Warning: In design 'layer2_compute', cell 'C16365' does not drive any nets. (LINT-1)
Warning: In design 'layer2_compute', cell 'B_154' does not drive any nets. (LINT-1)
Warning: In design 'layer2_compute', cell 'C16397' does not drive any nets. (LINT-1)
Warning: In design 'layer2_compute', cell 'C16402' does not drive any nets. (LINT-1)
Warning: In design 'layer2_compute', cell 'B_155' does not drive any nets. (LINT-1)
Warning: In design 'layer2_compute', cell 'C16434' does not drive any nets. (LINT-1)
Warning: In design 'layer2_compute', cell 'C16439' does not drive any nets. (LINT-1)
Warning: In design 'layer2_compute', cell 'B_156' does not drive any nets. (LINT-1)
Warning: In design 'layer2_compute', cell 'C16471' does not drive any nets. (LINT-1)
Warning: In design 'layer2_compute', cell 'C16476' does not drive any nets. (LINT-1)
Warning: In design 'layer2_compute', cell 'B_157' does not drive any nets. (LINT-1)
Warning: In design 'layer2_compute', cell 'C16508' does not drive any nets. (LINT-1)
Warning: In design 'layer2_compute', cell 'C16513' does not drive any nets. (LINT-1)
Warning: In design 'layer2_compute', cell 'B_158' does not drive any nets. (LINT-1)
Warning: In design 'layer2_compute', cell 'C16545' does not drive any nets. (LINT-1)
Warning: In design 'layer2_compute', cell 'C16550' does not drive any nets. (LINT-1)
Warning: In design 'layer2_compute', cell 'B_159' does not drive any nets. (LINT-1)
Warning: In design 'layer2_compute', cell 'C16582' does not drive any nets. (LINT-1)
Warning: In design 'layer2_compute', cell 'C16587' does not drive any nets. (LINT-1)
Warning: In design 'layer2_compute', cell 'B_160' does not drive any nets. (LINT-1)
Warning: In design 'layer2_compute', cell 'C16619' does not drive any nets. (LINT-1)
Warning: In design 'layer2_compute', cell 'C16624' does not drive any nets. (LINT-1)
Warning: In design 'layer2_compute', cell 'B_161' does not drive any nets. (LINT-1)
Warning: In design 'layer2_compute', cell 'C16656' does not drive any nets. (LINT-1)
Warning: In design 'layer2_compute', cell 'C16661' does not drive any nets. (LINT-1)
Warning: In design 'layer2_compute', cell 'B_162' does not drive any nets. (LINT-1)
Warning: In design 'layer2_compute', cell 'C16693' does not drive any nets. (LINT-1)
Warning: In design 'layer2_compute', cell 'C16698' does not drive any nets. (LINT-1)
Warning: In design 'layer2_compute', cell 'B_163' does not drive any nets. (LINT-1)
Warning: In design 'layer2_compute', cell 'C16730' does not drive any nets. (LINT-1)
Warning: In design 'layer2_compute', cell 'C16736' does not drive any nets. (LINT-1)
Warning: In design 'layer2_compute', cell 'B_165' does not drive any nets. (LINT-1)
Warning: In design 'layer2_compute', cell 'C16768' does not drive any nets. (LINT-1)
Warning: In design 'layer2_compute', cell 'C16773' does not drive any nets. (LINT-1)
Warning: In design 'layer2_compute', cell 'B_166' does not drive any nets. (LINT-1)
Warning: In design 'layer2_compute', cell 'C16805' does not drive any nets. (LINT-1)
Warning: In design 'layer2_compute', cell 'C16810' does not drive any nets. (LINT-1)
Warning: In design 'layer2_compute', cell 'B_167' does not drive any nets. (LINT-1)
Warning: In design 'layer2_compute', cell 'C16842' does not drive any nets. (LINT-1)
Warning: In design 'layer2_compute', cell 'C16847' does not drive any nets. (LINT-1)
Warning: In design 'layer2_compute', cell 'B_168' does not drive any nets. (LINT-1)
Warning: In design 'layer2_compute', cell 'C16879' does not drive any nets. (LINT-1)
Warning: In design 'layer2_compute', cell 'C16884' does not drive any nets. (LINT-1)
Warning: In design 'layer2_compute', cell 'B_169' does not drive any nets. (LINT-1)
Warning: In design 'layer2_compute', cell 'C16916' does not drive any nets. (LINT-1)
Warning: In design 'layer2_compute', cell 'C16921' does not drive any nets. (LINT-1)
Warning: In design 'layer2_compute', cell 'B_170' does not drive any nets. (LINT-1)
Warning: In design 'layer2_compute', cell 'C16953' does not drive any nets. (LINT-1)
Warning: In design 'layer2_compute', cell 'C16958' does not drive any nets. (LINT-1)
Warning: In design 'layer2_compute', cell 'B_171' does not drive any nets. (LINT-1)
Warning: In design 'layer2_compute', cell 'C16990' does not drive any nets. (LINT-1)
Warning: In design 'layer2_compute', cell 'C16995' does not drive any nets. (LINT-1)
Warning: In design 'layer2_compute', cell 'C17004' does not drive any nets. (LINT-1)
Warning: In design 'layer3_compute', cell 'B_17' does not drive any nets. (LINT-1)
Warning: In design 'layer3_compute', cell 'C5139' does not drive any nets. (LINT-1)
Warning: In design 'layer3_compute', cell 'C5143' does not drive any nets. (LINT-1)
Warning: In design 'layer3_compute', cell 'B_18' does not drive any nets. (LINT-1)
Warning: In design 'layer3_compute', cell 'C5175' does not drive any nets. (LINT-1)
Warning: In design 'layer3_compute', cell 'C5178' does not drive any nets. (LINT-1)
Warning: In design 'layer3_compute', cell 'C5187' does not drive any nets. (LINT-1)
Warning: In design 'MINI_W_ROM_6x48__28', port 'addr[2]' is not connected to any nets. (LINT-28)
Warning: In design 'MINI_W_ROM_6x48__28', port 'addr[1]' is not connected to any nets. (LINT-28)
Warning: In design 'MINI_W_ROM_6x48__28', port 'addr[0]' is not connected to any nets. (LINT-28)
Warning: In design 'layer1_compute', a pin on submodule 'L1_MAC[0].u_l1_b_rom' is connected to logic 1 or logic 0. (LINT-32)
   Pin 'addr[0]' is connected to logic 0. 
Warning: In design 'layer1_compute', a pin on submodule 'L1_MAC[1].u_l1_b_rom' is connected to logic 1 or logic 0. (LINT-32)
   Pin 'addr[0]' is connected to logic 0. 
Warning: In design 'layer1_compute', a pin on submodule 'L1_MAC[2].u_l1_b_rom' is connected to logic 1 or logic 0. (LINT-32)
   Pin 'addr[0]' is connected to logic 0. 
Warning: In design 'layer1_compute', a pin on submodule 'L1_MAC[3].u_l1_b_rom' is connected to logic 1 or logic 0. (LINT-32)
   Pin 'addr[0]' is connected to logic 0. 
Warning: In design 'layer1_compute', a pin on submodule 'L1_MAC[4].u_l1_b_rom' is connected to logic 1 or logic 0. (LINT-32)
   Pin 'addr[0]' is connected to logic 0. 
Warning: In design 'layer1_compute', a pin on submodule 'L1_MAC[5].u_l1_b_rom' is connected to logic 1 or logic 0. (LINT-32)
   Pin 'addr[0]' is connected to logic 0. 
Warning: In design 'layer1_compute', a pin on submodule 'L1_MAC[6].u_l1_b_rom' is connected to logic 1 or logic 0. (LINT-32)
   Pin 'addr[0]' is connected to logic 0. 
Warning: In design 'layer1_compute', a pin on submodule 'L1_MAC[7].u_l1_b_rom' is connected to logic 1 or logic 0. (LINT-32)
   Pin 'addr[0]' is connected to logic 0. 
Warning: In design 'layer1_compute', a pin on submodule 'L1_MAC[8].u_l1_b_rom' is connected to logic 1 or logic 0. (LINT-32)
   Pin 'addr[0]' is connected to logic 0. 
Warning: In design 'layer1_compute', a pin on submodule 'L1_MAC[9].u_l1_b_rom' is connected to logic 1 or logic 0. (LINT-32)
   Pin 'addr[0]' is connected to logic 0. 
Warning: In design 'layer1_compute', a pin on submodule 'L1_MAC[10].u_l1_b_rom' is connected to logic 1 or logic 0. (LINT-32)
   Pin 'addr[0]' is connected to logic 0. 
Warning: In design 'layer1_compute', a pin on submodule 'L1_MAC[11].u_l1_b_rom' is connected to logic 1 or logic 0. (LINT-32)
   Pin 'addr[0]' is connected to logic 0. 
Warning: In design 'layer1_compute', a pin on submodule 'L1_MAC[12].u_l1_b_rom' is connected to logic 1 or logic 0. (LINT-32)
   Pin 'addr[0]' is connected to logic 0. 
Warning: In design 'layer1_compute', a pin on submodule 'L1_MAC[13].u_l1_b_rom' is connected to logic 1 or logic 0. (LINT-32)
   Pin 'addr[0]' is connected to logic 0. 
Warning: In design 'layer1_compute', a pin on submodule 'L1_MAC[14].u_l1_b_rom' is connected to logic 1 or logic 0. (LINT-32)
   Pin 'addr[0]' is connected to logic 0. 
Warning: In design 'layer1_compute', a pin on submodule 'L1_MAC[15].u_l1_b_rom' is connected to logic 1 or logic 0. (LINT-32)
   Pin 'addr[0]' is connected to logic 0. 
Warning: In design 'layer1_compute', a pin on submodule 'L1_MAC[16].u_l1_b_rom' is connected to logic 1 or logic 0. (LINT-32)
   Pin 'addr[0]' is connected to logic 0. 
Warning: In design 'layer1_compute', a pin on submodule 'L1_MAC[17].u_l1_b_rom' is connected to logic 1 or logic 0. (LINT-32)
   Pin 'addr[0]' is connected to logic 0. 
Warning: In design 'layer1_compute', a pin on submodule 'L1_MAC[18].u_l1_b_rom' is connected to logic 1 or logic 0. (LINT-32)
   Pin 'addr[0]' is connected to logic 0. 
Warning: In design 'layer1_compute', a pin on submodule 'L1_MAC[19].u_l1_b_rom' is connected to logic 1 or logic 0. (LINT-32)
   Pin 'addr[0]' is connected to logic 0. 
Warning: In design 'layer1_compute', a pin on submodule 'L1_MAC[20].u_l1_b_rom' is connected to logic 1 or logic 0. (LINT-32)
   Pin 'addr[0]' is connected to logic 0. 
Warning: In design 'layer1_compute', a pin on submodule 'L1_MAC[21].u_l1_b_rom' is connected to logic 1 or logic 0. (LINT-32)
   Pin 'addr[0]' is connected to logic 0. 
Warning: In design 'layer1_compute', a pin on submodule 'L1_MAC[22].u_l1_b_rom' is connected to logic 1 or logic 0. (LINT-32)
   Pin 'addr[0]' is connected to logic 0. 
Warning: In design 'layer1_compute', a pin on submodule 'L1_MAC[23].u_l1_b_rom' is connected to logic 1 or logic 0. (LINT-32)
   Pin 'addr[0]' is connected to logic 0. 
Warning: In design 'layer1_compute', a pin on submodule 'L1_MAC[24].u_l1_b_rom' is connected to logic 1 or logic 0. (LINT-32)
   Pin 'addr[0]' is connected to logic 0. 
Warning: In design 'layer1_compute', a pin on submodule 'L1_MAC[25].u_l1_b_rom' is connected to logic 1 or logic 0. (LINT-32)
   Pin 'addr[0]' is connected to logic 0. 
Warning: In design 'layer1_compute', a pin on submodule 'L1_MAC[26].u_l1_b_rom' is connected to logic 1 or logic 0. (LINT-32)
   Pin 'addr[0]' is connected to logic 0. 
Warning: In design 'layer1_compute', a pin on submodule 'L1_MAC[27].u_l1_b_rom' is connected to logic 1 or logic 0. (LINT-32)
   Pin 'addr[0]' is connected to logic 0. 
Warning: In design 'layer1_compute', a pin on submodule 'L1_MAC[28].u_l1_b_rom' is connected to logic 1 or logic 0. (LINT-32)
   Pin 'addr[0]' is connected to logic 0. 
Warning: In design 'layer1_compute', a pin on submodule 'L1_MAC[29].u_l1_b_rom' is connected to logic 1 or logic 0. (LINT-32)
   Pin 'addr[0]' is connected to logic 0. 
Warning: In design 'layer1_compute', a pin on submodule 'L1_MAC[30].u_l1_b_rom' is connected to logic 1 or logic 0. (LINT-32)
   Pin 'addr[0]' is connected to logic 0. 
Warning: In design 'layer1_compute', a pin on submodule 'L1_MAC[31].u_l1_b_rom' is connected to logic 1 or logic 0. (LINT-32)
   Pin 'addr[0]' is connected to logic 0. 
Warning: In design 'layer2_compute', a pin on submodule 'L2_MAC[0].u_l2_b_rom' is connected to logic 1 or logic 0. (LINT-32)
   Pin 'addr[0]' is connected to logic 0. 
Warning: In design 'layer2_compute', a pin on submodule 'L2_MAC[1].u_l2_b_rom' is connected to logic 1 or logic 0. (LINT-32)
   Pin 'addr[0]' is connected to logic 0. 
Warning: In design 'layer2_compute', a pin on submodule 'L2_MAC[2].u_l2_b_rom' is connected to logic 1 or logic 0. (LINT-32)
   Pin 'addr[0]' is connected to logic 0. 
Warning: In design 'layer2_compute', a pin on submodule 'L2_MAC[3].u_l2_b_rom' is connected to logic 1 or logic 0. (LINT-32)
   Pin 'addr[0]' is connected to logic 0. 
Warning: In design 'layer2_compute', a pin on submodule 'L2_MAC[4].u_l2_b_rom' is connected to logic 1 or logic 0. (LINT-32)
   Pin 'addr[0]' is connected to logic 0. 
Warning: In design 'layer2_compute', a pin on submodule 'L2_MAC[5].u_l2_b_rom' is connected to logic 1 or logic 0. (LINT-32)
   Pin 'addr[0]' is connected to logic 0. 
Warning: In design 'layer2_compute', a pin on submodule 'L2_MAC[6].u_l2_b_rom' is connected to logic 1 or logic 0. (LINT-32)
   Pin 'addr[0]' is connected to logic 0. 
Warning: In design 'layer2_compute', a pin on submodule 'L2_MAC[7].u_l2_b_rom' is connected to logic 1 or logic 0. (LINT-32)
   Pin 'addr[0]' is connected to logic 0. 
Warning: In design 'layer2_compute', a pin on submodule 'L2_MAC[8].u_l2_b_rom' is connected to logic 1 or logic 0. (LINT-32)
   Pin 'addr[0]' is connected to logic 0. 
Warning: In design 'layer2_compute', a pin on submodule 'L2_MAC[9].u_l2_b_rom' is connected to logic 1 or logic 0. (LINT-32)
   Pin 'addr[0]' is connected to logic 0. 
Warning: In design 'layer2_compute', a pin on submodule 'L2_MAC[10].u_l2_b_rom' is connected to logic 1 or logic 0. (LINT-32)
   Pin 'addr[0]' is connected to logic 0. 
Warning: In design 'layer2_compute', a pin on submodule 'L2_MAC[11].u_l2_b_rom' is connected to logic 1 or logic 0. (LINT-32)
   Pin 'addr[0]' is connected to logic 0. 
Warning: In design 'layer2_compute', a pin on submodule 'L2_MAC[12].u_l2_b_rom' is connected to logic 1 or logic 0. (LINT-32)
   Pin 'addr[0]' is connected to logic 0. 
Warning: In design 'layer2_compute', a pin on submodule 'L2_MAC[13].u_l2_b_rom' is connected to logic 1 or logic 0. (LINT-32)
   Pin 'addr[0]' is connected to logic 0. 
Warning: In design 'layer2_compute', a pin on submodule 'L2_MAC[14].u_l2_b_rom' is connected to logic 1 or logic 0. (LINT-32)
   Pin 'addr[0]' is connected to logic 0. 
Warning: In design 'layer2_compute', a pin on submodule 'L2_MAC[15].u_l2_b_rom' is connected to logic 1 or logic 0. (LINT-32)
   Pin 'addr[0]' is connected to logic 0. 
Warning: In design 'layer2_compute', a pin on submodule 'L2_MAC[16].u_l2_b_rom' is connected to logic 1 or logic 0. (LINT-32)
   Pin 'addr[0]' is connected to logic 0. 
Warning: In design 'layer2_compute', a pin on submodule 'L2_MAC[17].u_l2_b_rom' is connected to logic 1 or logic 0. (LINT-32)
   Pin 'addr[0]' is connected to logic 0. 
Warning: In design 'layer2_compute', a pin on submodule 'L2_MAC[18].u_l2_b_rom' is connected to logic 1 or logic 0. (LINT-32)
   Pin 'addr[0]' is connected to logic 0. 
Warning: In design 'layer2_compute', a pin on submodule 'L2_MAC[19].u_l2_b_rom' is connected to logic 1 or logic 0. (LINT-32)
   Pin 'addr[0]' is connected to logic 0. 
Warning: In design 'layer2_compute', a pin on submodule 'L2_MAC[20].u_l2_b_rom' is connected to logic 1 or logic 0. (LINT-32)
   Pin 'addr[0]' is connected to logic 0. 
Warning: In design 'layer2_compute', a pin on submodule 'L2_MAC[21].u_l2_b_rom' is connected to logic 1 or logic 0. (LINT-32)
   Pin 'addr[0]' is connected to logic 0. 
Warning: In design 'layer2_compute', a pin on submodule 'L2_MAC[22].u_l2_b_rom' is connected to logic 1 or logic 0. (LINT-32)
   Pin 'addr[0]' is connected to logic 0. 
Warning: In design 'layer2_compute', a pin on submodule 'L2_MAC[23].u_l2_b_rom' is connected to logic 1 or logic 0. (LINT-32)
   Pin 'addr[0]' is connected to logic 0. 
Warning: In design 'layer2_compute', a pin on submodule 'L2_MAC[24].u_l2_b_rom' is connected to logic 1 or logic 0. (LINT-32)
   Pin 'addr[0]' is connected to logic 0. 
Warning: In design 'layer2_compute', a pin on submodule 'L2_MAC[25].u_l2_b_rom' is connected to logic 1 or logic 0. (LINT-32)
   Pin 'addr[0]' is connected to logic 0. 
Warning: In design 'layer2_compute', a pin on submodule 'L2_MAC[26].u_l2_b_rom' is connected to logic 1 or logic 0. (LINT-32)
   Pin 'addr[0]' is connected to logic 0. 
Warning: In design 'layer2_compute', a pin on submodule 'L2_MAC[27].u_l2_b_rom' is connected to logic 1 or logic 0. (LINT-32)
   Pin 'addr[0]' is connected to logic 0. 
Warning: In design 'layer2_compute', a pin on submodule 'L2_MAC[28].u_l2_b_rom' is connected to logic 1 or logic 0. (LINT-32)
   Pin 'addr[0]' is connected to logic 0. 
Warning: In design 'layer2_compute', a pin on submodule 'L2_MAC[29].u_l2_b_rom' is connected to logic 1 or logic 0. (LINT-32)
   Pin 'addr[0]' is connected to logic 0. 
Warning: In design 'layer2_compute', a pin on submodule 'L2_MAC[30].u_l2_b_rom' is connected to logic 1 or logic 0. (LINT-32)
   Pin 'addr[0]' is connected to logic 0. 
Warning: In design 'layer2_compute', a pin on submodule 'L2_MAC[31].u_l2_b_rom' is connected to logic 1 or logic 0. (LINT-32)
   Pin 'addr[0]' is connected to logic 0. 
Warning: In design 'layer3_compute', a pin on submodule 'L3_MAC[0].u_l3_b_rom' is connected to logic 1 or logic 0. (LINT-32)
   Pin 'addr[0]' is connected to logic 0. 
Warning: In design 'layer3_compute', a pin on submodule 'L3_MAC[1].u_l3_b_rom' is connected to logic 1 or logic 0. (LINT-32)
   Pin 'addr[0]' is connected to logic 0. 
1
# # Read all RTL files
# analyze -format sverilog -lib work ../rtl/input_window_ctrl.sv
# analyze -format sverilog -lib work ../rtl/layer1_compute.sv
# analyze -format sverilog -lib work ../rtl/layer2_compute.sv
# analyze -format sverilog -lib work ../rtl/layer3_compute.sv
# analyze -format sverilog -lib work ../rtl/neural_eq_top.sv
# elaborate $design -lib work
# current_design $design
# check_design
# ################################## #
# =========== Constraints ========== #
# ################################## #
source ../cons/cons.tcl  
Current design is 'neural_eq_top'.
Current design is 'neural_eq_top'.
Warning: Design rule attributes from the driving cell will be
	set on the port. (UID-401)
Warning: Design rule attributes from the driving cell will be
	set on the port. (UID-401)
Warning: Design rule attributes from the driving cell will be
	set on the port. (UID-401)
Warning: Design rule attributes from the driving cell will be
	set on the port. (UID-401)
Warning: Design rule attributes from the driving cell will be
	set on the port. (UID-401)
Warning: Design rule attributes from the driving cell will be
	set on the port. (UID-401)
Warning: Design rule attributes from the driving cell will be
	set on the port. (UID-401)
Warning: Design rule attributes from the driving cell will be
	set on the port. (UID-401)
Warning: Design rule attributes from the driving cell will be
	set on the port. (UID-401)
Warning: Design rule attributes from the driving cell will be
	set on the port. (UID-401)
Warning: Design rule attributes from the driving cell will be
	set on the port. (UID-401)
Warning: Design rule attributes from the driving cell will be
	set on the port. (UID-401)
Warning: Design rule attributes from the driving cell will be
	set on the port. (UID-401)
Warning: Design rule attributes from the driving cell will be
	set on the port. (UID-401)
Warning: Design rule attributes from the driving cell will be
	set on the port. (UID-401)
Warning: Design rule attributes from the driving cell will be
	set on the port. (UID-401)
Warning: Design rule attributes from the driving cell will be
	set on the port. (UID-401)
Warning: Design rule attributes from the driving cell will be
	set on the port. (UID-401)
Warning: Design rule attributes from the driving cell will be
	set on the port. (UID-401)
Warning: Design rule attributes from the driving cell will be
	set on the port. (UID-401)
Warning: Design rule attributes from the driving cell will be
	set on the port. (UID-401)
Warning: Design rule attributes from the driving cell will be
	set on the port. (UID-401)
Warning: Design rule attributes from the driving cell will be
	set on the port. (UID-401)
Warning: Design rule attributes from the driving cell will be
	set on the port. (UID-401)
Warning: Design rule attributes from the driving cell will be
	set on the port. (UID-401)
Warning: Design rule attributes from the driving cell will be
	set on the port. (UID-401)
Warning: Design rule attributes from the driving cell will be
	set on the port. (UID-401)
Warning: Design rule attributes from the driving cell will be
	set on the port. (UID-401)
Warning: Design rule attributes from the driving cell will be
	set on the port. (UID-401)
Warning: Design rule attributes from the driving cell will be
	set on the port. (UID-401)
Warning: Design rule attributes from the driving cell will be
	set on the port. (UID-401)
Warning: Design rule attributes from the driving cell will be
	set on the port. (UID-401)
Warning: Design rule attributes from the driving cell will be
	set on the port. (UID-401)
Warning: Design rule attributes from the driving cell will be
	set on the port. (UID-401)
Warning: Design rule attributes from the driving cell will be
	set on the port. (UID-401)
Warning: Design rule attributes from the driving cell will be
	set on the port. (UID-401)
Warning: Design rule attributes from the driving cell will be
	set on the port. (UID-401)
# ################################## #
# ========== Optimization ========== #
# ################################## #
set_fix_multiple_port_nets -all -buffer_constants 
1
link

  Linking design 'neural_eq_top'
  Using the following designs and libraries:
  --------------------------------------------------------------------------
  * (171 designs)             /home/ICer/Desktop/ASIC/syn/run/neural_eq_top.db, etc
  NangateOpenCellLibrary_ss0p95vn40c (library)
                              /home/standard_cell_libraries/NangateOpenCellLibrary_PDKv1_3_v2010_12/lib/Front_End/Liberty/NLDM/NangateOpenCellLibrary_ss0p95vn40c.db

1
compile -map_effort high
Information: Evaluating DesignWare library utilization. (UISN-27)

============================================================================
| DesignWare Building Block Library  |         Version         | Available |
============================================================================
| Basic DW Building Blocks           | O-2018.06-DWBB_201806.1 |     *     |
| Licensed DW Building Blocks        |                         |           |
============================================================================


Information: There are 275 potential problems in your design. Please run 'check_design' for more information. (LINT-99)



  Beginning Pass 1 Mapping
  ------------------------
  Processing 'MINI_b_ROM_1x16_fd0b'
Information: The register 'dout_reg[9]' is a constant and will be removed. (OPT-1206)
Information: The register 'dout_reg[7]' is a constant and will be removed. (OPT-1206)
Information: The register 'dout_reg[6]' is a constant and will be removed. (OPT-1206)
Information: The register 'dout_reg[5]' is a constant and will be removed. (OPT-1206)
Information: The register 'dout_reg[4]' is a constant and will be removed. (OPT-1206)
Information: The register 'dout_reg[2]' is a constant and will be removed. (OPT-1206)
  Processing 'MINI_W_ROM_6x48__66'
  Processing 'MINI_W_ROM_6x48__65'
Information: The register 'dout_reg[24]' is a constant and will be removed. (OPT-1206)
Information: The register 'dout_reg[5]' is a constant and will be removed. (OPT-1206)
  Processing 'MINI_b_ROM_1x16_010a'
Information: The register 'dout_reg[15]' is a constant and will be removed. (OPT-1206)
Information: The register 'dout_reg[14]' is a constant and will be removed. (OPT-1206)
Information: The register 'dout_reg[13]' is a constant and will be removed. (OPT-1206)
Information: The register 'dout_reg[12]' is a constant and will be removed. (OPT-1206)
Information: The register 'dout_reg[11]' is a constant and will be removed. (OPT-1206)
Information: The register 'dout_reg[10]' is a constant and will be removed. (OPT-1206)
Information: The register 'dout_reg[9]' is a constant and will be removed. (OPT-1206)
Information: The register 'dout_reg[7]' is a constant and will be removed. (OPT-1206)
Information: The register 'dout_reg[6]' is a constant and will be removed. (OPT-1206)
Information: The register 'dout_reg[5]' is a constant and will be removed. (OPT-1206)
Information: The register 'dout_reg[4]' is a constant and will be removed. (OPT-1206)
Information: The register 'dout_reg[2]' is a constant and will be removed. (OPT-1206)
Information: The register 'dout_reg[0]' is a constant and will be removed. (OPT-1206)
  Processing 'MINI_W_ROM_6x48__64'
  Processing 'MINI_W_ROM_6x48__63'
Information: The register 'dout_reg[22]' is a constant and will be removed. (OPT-1206)
Information: The register 'dout_reg[0]' is a constant and will be removed. (OPT-1206)
  Processing 'layer3_compute'
  Processing 'MINI_b_ROM_1x16_07e6'
Information: The register 'dout_reg[15]' is a constant and will be removed. (OPT-1206)
Information: The register 'dout_reg[14]' is a constant and will be removed. (OPT-1206)
Information: The register 'dout_reg[13]' is a constant and will be removed. (OPT-1206)
Information: The register 'dout_reg[12]' is a constant and will be removed. (OPT-1206)
Information: The register 'dout_reg[11]' is a constant and will be removed. (OPT-1206)
Information: The register 'dout_reg[4]' is a constant and will be removed. (OPT-1206)
Information: The register 'dout_reg[3]' is a constant and will be removed. (OPT-1206)
Information: The register 'dout_reg[0]' is a constant and will be removed. (OPT-1206)
  Processing 'MINI_W_ROM_6x48__62'
Information: The register 'dout_reg[27]' is a constant and will be removed. (OPT-1206)
  Processing 'MINI_W_ROM_6x48__61'
Information: The register 'dout_reg[26]' is a constant and will be removed. (OPT-1206)
Information: The register 'dout_reg[12]' is a constant and will be removed. (OPT-1206)
  Processing 'MINI_b_ROM_1x16_dfd1'
Information: The register 'dout_reg[13]' is a constant and will be removed. (OPT-1206)
Information: The register 'dout_reg[5]' is a constant and will be removed. (OPT-1206)
Information: The register 'dout_reg[3]' is a constant and will be removed. (OPT-1206)
Information: The register 'dout_reg[2]' is a constant and will be removed. (OPT-1206)
Information: The register 'dout_reg[1]' is a constant and will be removed. (OPT-1206)
  Processing 'MINI_W_ROM_6x48__60'
Information: The register 'dout_reg[42]' is a constant and will be removed. (OPT-1206)
Information: The register 'dout_reg[39]' is a constant and will be removed. (OPT-1206)
Information: The register 'dout_reg[38]' is a constant and will be removed. (OPT-1206)
Information: The register 'dout_reg[37]' is a constant and will be removed. (OPT-1206)
Information: The register 'dout_reg[31]' is a constant and will be removed. (OPT-1206)
Information: The register 'dout_reg[30]' is a constant and will be removed. (OPT-1206)
Information: The register 'dout_reg[29]' is a constant and will be removed. (OPT-1206)
Information: The register 'dout_reg[25]' is a constant and will be removed. (OPT-1206)
Information: The register 'dout_reg[24]' is a constant and will be removed. (OPT-1206)
Information: The register 'dout_reg[0]' is a constant and will be removed. (OPT-1206)
  Processing 'MINI_W_ROM_6x48__59'
Information: The register 'dout_reg[41]' is a constant and will be removed. (OPT-1206)
Information: The register 'dout_reg[31]' is a constant and will be removed. (OPT-1206)
Information: The register 'dout_reg[30]' is a constant and will be removed. (OPT-1206)
Information: The register 'dout_reg[29]' is a constant and will be removed. (OPT-1206)
Information: The register 'dout_reg[18]' is a constant and will be removed. (OPT-1206)
  Processing 'MINI_b_ROM_1x16_e92d'
Information: The register 'dout_reg[12]' is a constant and will be removed. (OPT-1206)
Information: The register 'dout_reg[10]' is a constant and will be removed. (OPT-1206)
Information: The register 'dout_reg[9]' is a constant and will be removed. (OPT-1206)
Information: The register 'dout_reg[7]' is a constant and will be removed. (OPT-1206)
Information: The register 'dout_reg[6]' is a constant and will be removed. (OPT-1206)
Information: The register 'dout_reg[4]' is a constant and will be removed. (OPT-1206)
Information: The register 'dout_reg[1]' is a constant and will be removed. (OPT-1206)
  Processing 'MINI_W_ROM_6x48__58'
Information: The register 'dout_reg[37]' is a constant and will be removed. (OPT-1206)
Information: The register 'dout_reg[26]' is a constant and will be removed. (OPT-1206)
Information: The register 'dout_reg[21]' is a constant and will be removed. (OPT-1206)
  Processing 'MINI_W_ROM_6x48__57'
Information: The register 'dout_reg[39]' is a constant and will be removed. (OPT-1206)
Information: The register 'dout_reg[37]' is a constant and will be removed. (OPT-1206)
Information: The register 'dout_reg[7]' is a constant and will be removed. (OPT-1206)
Information: The register 'dout_reg[0]' is a constant and will be removed. (OPT-1206)
  Processing 'MINI_b_ROM_1x16_f624'
Information: The register 'dout_reg[11]' is a constant and will be removed. (OPT-1206)
Information: The register 'dout_reg[8]' is a constant and will be removed. (OPT-1206)
Information: The register 'dout_reg[7]' is a constant and will be removed. (OPT-1206)
Information: The register 'dout_reg[6]' is a constant and will be removed. (OPT-1206)
Information: The register 'dout_reg[4]' is a constant and will be removed. (OPT-1206)
Information: The register 'dout_reg[3]' is a constant and will be removed. (OPT-1206)
Information: The register 'dout_reg[1]' is a constant and will be removed. (OPT-1206)
Information: The register 'dout_reg[0]' is a constant and will be removed. (OPT-1206)
  Processing 'MINI_W_ROM_6x48__56'
Information: The register 'dout_reg[29]' is a constant and will be removed. (OPT-1206)
Information: The register 'dout_reg[7]' is a constant and will be removed. (OPT-1206)
  Processing 'MINI_W_ROM_6x48__55'
Information: The register 'dout_reg[27]' is a constant and will be removed. (OPT-1206)
  Processing 'MINI_b_ROM_1x16_1c3a'
Information: The register 'dout_reg[15]' is a constant and will be removed. (OPT-1206)
Information: The register 'dout_reg[14]' is a constant and will be removed. (OPT-1206)
Information: The register 'dout_reg[13]' is a constant and will be removed. (OPT-1206)
Information: The register 'dout_reg[9]' is a constant and will be removed. (OPT-1206)
Information: The register 'dout_reg[8]' is a constant and will be removed. (OPT-1206)
Information: The register 'dout_reg[7]' is a constant and will be removed. (OPT-1206)
Information: The register 'dout_reg[6]' is a constant and will be removed. (OPT-1206)
Information: The register 'dout_reg[2]' is a constant and will be removed. (OPT-1206)
Information: The register 'dout_reg[0]' is a constant and will be removed. (OPT-1206)
  Processing 'MINI_W_ROM_6x48__54'
  Processing 'MINI_W_ROM_6x48__53'
  Processing 'MINI_b_ROM_1x16_2606'
Information: The register 'dout_reg[15]' is a constant and will be removed. (OPT-1206)
Information: The register 'dout_reg[14]' is a constant and will be removed. (OPT-1206)
Information: The register 'dout_reg[12]' is a constant and will be removed. (OPT-1206)
Information: The register 'dout_reg[11]' is a constant and will be removed. (OPT-1206)
Information: The register 'dout_reg[8]' is a constant and will be removed. (OPT-1206)
Information: The register 'dout_reg[7]' is a constant and will be removed. (OPT-1206)
Information: The register 'dout_reg[6]' is a constant and will be removed. (OPT-1206)
Information: The register 'dout_reg[5]' is a constant and will be removed. (OPT-1206)
Information: The register 'dout_reg[4]' is a constant and will be removed. (OPT-1206)
Information: The register 'dout_reg[3]' is a constant and will be removed. (OPT-1206)
Information: The register 'dout_reg[0]' is a constant and will be removed. (OPT-1206)
  Processing 'MINI_W_ROM_6x48__52'
Information: The register 'dout_reg[16]' is a constant and will be removed. (OPT-1206)
  Processing 'MINI_W_ROM_6x48__51'
Information: The register 'dout_reg[32]' is a constant and will be removed. (OPT-1206)
  Processing 'MINI_b_ROM_1x16_071e'
Information: The register 'dout_reg[15]' is a constant and will be removed. (OPT-1206)
Information: The register 'dout_reg[14]' is a constant and will be removed. (OPT-1206)
Information: The register 'dout_reg[13]' is a constant and will be removed. (OPT-1206)
Information: The register 'dout_reg[12]' is a constant and will be removed. (OPT-1206)
Information: The register 'dout_reg[11]' is a constant and will be removed. (OPT-1206)
Information: The register 'dout_reg[7]' is a constant and will be removed. (OPT-1206)
Information: The register 'dout_reg[6]' is a constant and will be removed. (OPT-1206)
Information: The register 'dout_reg[5]' is a constant and will be removed. (OPT-1206)
Information: The register 'dout_reg[0]' is a constant and will be removed. (OPT-1206)
  Processing 'MINI_W_ROM_6x48__50'
Information: The register 'dout_reg[1]' is a constant and will be removed. (OPT-1206)
  Processing 'MINI_W_ROM_6x48__49'
Information: The register 'dout_reg[38]' is a constant and will be removed. (OPT-1206)
  Processing 'MINI_b_ROM_1x16_f841'
Information: The register 'dout_reg[10]' is a constant and will be removed. (OPT-1206)
Information: The register 'dout_reg[9]' is a constant and will be removed. (OPT-1206)
Information: The register 'dout_reg[8]' is a constant and will be removed. (OPT-1206)
Information: The register 'dout_reg[7]' is a constant and will be removed. (OPT-1206)
Information: The register 'dout_reg[5]' is a constant and will be removed. (OPT-1206)
Information: The register 'dout_reg[4]' is a constant and will be removed. (OPT-1206)
Information: The register 'dout_reg[3]' is a constant and will be removed. (OPT-1206)
Information: The register 'dout_reg[2]' is a constant and will be removed. (OPT-1206)
Information: The register 'dout_reg[1]' is a constant and will be removed. (OPT-1206)
  Processing 'MINI_W_ROM_6x48__48'
Information: The register 'dout_reg[19]' is a constant and will be removed. (OPT-1206)
Information: The register 'dout_reg[11]' is a constant and will be removed. (OPT-1206)
  Processing 'MINI_W_ROM_6x48__47'
Information: The register 'dout_reg[18]' is a constant and will be removed. (OPT-1206)
  Processing 'MINI_b_ROM_1x16_105b'
Information: The register 'dout_reg[15]' is a constant and will be removed. (OPT-1206)
Information: The register 'dout_reg[14]' is a constant and will be removed. (OPT-1206)
Information: The register 'dout_reg[13]' is a constant and will be removed. (OPT-1206)
Information: The register 'dout_reg[11]' is a constant and will be removed. (OPT-1206)
Information: The register 'dout_reg[10]' is a constant and will be removed. (OPT-1206)
Information: The register 'dout_reg[9]' is a constant and will be removed. (OPT-1206)
Information: The register 'dout_reg[8]' is a constant and will be removed. (OPT-1206)
Information: The register 'dout_reg[7]' is a constant and will be removed. (OPT-1206)
Information: The register 'dout_reg[5]' is a constant and will be removed. (OPT-1206)
Information: The register 'dout_reg[2]' is a constant and will be removed. (OPT-1206)
  Processing 'MINI_W_ROM_6x48__46'
Information: The register 'dout_reg[11]' is a constant and will be removed. (OPT-1206)
Information: The register 'dout_reg[9]' is a constant and will be removed. (OPT-1206)
  Processing 'MINI_W_ROM_6x48__45'
Information: The register 'dout_reg[39]' is a constant and will be removed. (OPT-1206)
  Processing 'MINI_b_ROM_1x16_08e6'
Information: The register 'dout_reg[15]' is a constant and will be removed. (OPT-1206)
Information: The register 'dout_reg[14]' is a constant and will be removed. (OPT-1206)
Information: The register 'dout_reg[13]' is a constant and will be removed. (OPT-1206)
Information: The register 'dout_reg[12]' is a constant and will be removed. (OPT-1206)
Information: The register 'dout_reg[10]' is a constant and will be removed. (OPT-1206)
Information: The register 'dout_reg[9]' is a constant and will be removed. (OPT-1206)
Information: The register 'dout_reg[8]' is a constant and will be removed. (OPT-1206)
Information: The register 'dout_reg[4]' is a constant and will be removed. (OPT-1206)
Information: The register 'dout_reg[3]' is a constant and will be removed. (OPT-1206)
Information: The register 'dout_reg[0]' is a constant and will be removed. (OPT-1206)
  Processing 'MINI_W_ROM_6x48__44'
Information: The register 'dout_reg[32]' is a constant and will be removed. (OPT-1206)
Information: The register 'dout_reg[22]' is a constant and will be removed. (OPT-1206)
  Processing 'MINI_W_ROM_6x48__43'
Information: The register 'dout_reg[3]' is a constant and will be removed. (OPT-1206)
  Processing 'MINI_b_ROM_1x16_f288'
Information: The register 'dout_reg[11]' is a constant and will be removed. (OPT-1206)
Information: The register 'dout_reg[10]' is a constant and will be removed. (OPT-1206)
Information: The register 'dout_reg[8]' is a constant and will be removed. (OPT-1206)
Information: The register 'dout_reg[6]' is a constant and will be removed. (OPT-1206)
Information: The register 'dout_reg[5]' is a constant and will be removed. (OPT-1206)
Information: The register 'dout_reg[4]' is a constant and will be removed. (OPT-1206)
Information: The register 'dout_reg[2]' is a constant and will be removed. (OPT-1206)
Information: The register 'dout_reg[1]' is a constant and will be removed. (OPT-1206)
Information: The register 'dout_reg[0]' is a constant and will be removed. (OPT-1206)
  Processing 'MINI_W_ROM_6x48__42'
Information: The register 'dout_reg[28]' is a constant and will be removed. (OPT-1206)
Information: The register 'dout_reg[20]' is a constant and will be removed. (OPT-1206)
Information: The register 'dout_reg[18]' is a constant and will be removed. (OPT-1206)
  Processing 'MINI_W_ROM_6x48__41'
Information: The register 'dout_reg[37]' is a constant and will be removed. (OPT-1206)
  Processing 'MINI_b_ROM_1x16_0de7'
Information: The register 'dout_reg[15]' is a constant and will be removed. (OPT-1206)
Information: The register 'dout_reg[14]' is a constant and will be removed. (OPT-1206)
Information: The register 'dout_reg[13]' is a constant and will be removed. (OPT-1206)
Information: The register 'dout_reg[12]' is a constant and will be removed. (OPT-1206)
Information: The register 'dout_reg[9]' is a constant and will be removed. (OPT-1206)
Information: The register 'dout_reg[4]' is a constant and will be removed. (OPT-1206)
Information: The register 'dout_reg[3]' is a constant and will be removed. (OPT-1206)
  Processing 'MINI_W_ROM_6x48__40'
Information: The register 'dout_reg[5]' is a constant and will be removed. (OPT-1206)
  Processing 'MINI_W_ROM_6x48__39'
Information: The register 'dout_reg[27]' is a constant and will be removed. (OPT-1206)
  Processing 'MINI_b_ROM_1x16_ff42'
Information: The register 'dout_reg[7]' is a constant and will be removed. (OPT-1206)
Information: The register 'dout_reg[5]' is a constant and will be removed. (OPT-1206)
Information: The register 'dout_reg[4]' is a constant and will be removed. (OPT-1206)
Information: The register 'dout_reg[3]' is a constant and will be removed. (OPT-1206)
Information: The register 'dout_reg[2]' is a constant and will be removed. (OPT-1206)
Information: The register 'dout_reg[0]' is a constant and will be removed. (OPT-1206)
  Processing 'MINI_W_ROM_6x48__38'
Information: The register 'dout_reg[5]' is a constant and will be removed. (OPT-1206)
  Processing 'MINI_W_ROM_6x48__37'
Information: The register 'dout_reg[31]' is a constant and will be removed. (OPT-1206)
Information: The register 'dout_reg[30]' is a constant and will be removed. (OPT-1206)
Information: The register 'dout_reg[29]' is a constant and will be removed. (OPT-1206)
Information: The register 'dout_reg[20]' is a constant and will be removed. (OPT-1206)
  Processing 'MINI_b_ROM_1x16_01b6'
Information: The register 'dout_reg[15]' is a constant and will be removed. (OPT-1206)
Information: The register 'dout_reg[14]' is a constant and will be removed. (OPT-1206)
Information: The register 'dout_reg[13]' is a constant and will be removed. (OPT-1206)
Information: The register 'dout_reg[12]' is a constant and will be removed. (OPT-1206)
Information: The register 'dout_reg[11]' is a constant and will be removed. (OPT-1206)
Information: The register 'dout_reg[10]' is a constant and will be removed. (OPT-1206)
Information: The register 'dout_reg[9]' is a constant and will be removed. (OPT-1206)
Information: The register 'dout_reg[6]' is a constant and will be removed. (OPT-1206)
Information: The register 'dout_reg[3]' is a constant and will be removed. (OPT-1206)
Information: The register 'dout_reg[0]' is a constant and will be removed. (OPT-1206)
  Processing 'MINI_W_ROM_6x48__36'
  Processing 'MINI_W_ROM_6x48__35'
Information: The register 'dout_reg[20]' is a constant and will be removed. (OPT-1206)
Information: The register 'dout_reg[7]' is a constant and will be removed. (OPT-1206)
  Processing 'MINI_b_ROM_1x16_143a'
Information: The register 'dout_reg[15]' is a constant and will be removed. (OPT-1206)
Information: The register 'dout_reg[14]' is a constant and will be removed. (OPT-1206)
Information: The register 'dout_reg[13]' is a constant and will be removed. (OPT-1206)
Information: The register 'dout_reg[11]' is a constant and will be removed. (OPT-1206)
Information: The register 'dout_reg[9]' is a constant and will be removed. (OPT-1206)
Information: The register 'dout_reg[8]' is a constant and will be removed. (OPT-1206)
Information: The register 'dout_reg[7]' is a constant and will be removed. (OPT-1206)
Information: The register 'dout_reg[6]' is a constant and will be removed. (OPT-1206)
Information: The register 'dout_reg[2]' is a constant and will be removed. (OPT-1206)
Information: The register 'dout_reg[0]' is a constant and will be removed. (OPT-1206)
  Processing 'MINI_W_ROM_6x48__34'
  Processing 'MINI_W_ROM_6x48__33'
  Processing 'MINI_b_ROM_1x16_0d38'
Information: The register 'dout_reg[15]' is a constant and will be removed. (OPT-1206)
Information: The register 'dout_reg[14]' is a constant and will be removed. (OPT-1206)
Information: The register 'dout_reg[13]' is a constant and will be removed. (OPT-1206)
Information: The register 'dout_reg[12]' is a constant and will be removed. (OPT-1206)
Information: The register 'dout_reg[9]' is a constant and will be removed. (OPT-1206)
Information: The register 'dout_reg[7]' is a constant and will be removed. (OPT-1206)
Information: The register 'dout_reg[6]' is a constant and will be removed. (OPT-1206)
Information: The register 'dout_reg[2]' is a constant and will be removed. (OPT-1206)
Information: The register 'dout_reg[1]' is a constant and will be removed. (OPT-1206)
Information: The register 'dout_reg[0]' is a constant and will be removed. (OPT-1206)
  Processing 'MINI_W_ROM_6x48__32'
Information: The register 'dout_reg[21]' is a constant and will be removed. (OPT-1206)
Information: The register 'dout_reg[3]' is a constant and will be removed. (OPT-1206)
  Processing 'MINI_W_ROM_6x48__31'
Information: The register 'dout_reg[17]' is a constant and will be removed. (OPT-1206)
  Processing 'MINI_b_ROM_1x16_fbd3'
Information: The register 'dout_reg[10]' is a constant and will be removed. (OPT-1206)
Information: The register 'dout_reg[5]' is a constant and will be removed. (OPT-1206)
Information: The register 'dout_reg[3]' is a constant and will be removed. (OPT-1206)
Information: The register 'dout_reg[2]' is a constant and will be removed. (OPT-1206)
  Processing 'MINI_W_ROM_6x48__30'
Information: The register 'dout_reg[21]' is a constant and will be removed. (OPT-1206)
Information: The register 'dout_reg[4]' is a constant and will be removed. (OPT-1206)
  Processing 'MINI_W_ROM_6x48__29'
  Processing 'MINI_b_ROM_1x16_ff3b'
Information: The register 'dout_reg[7]' is a constant and will be removed. (OPT-1206)
Information: The register 'dout_reg[6]' is a constant and will be removed. (OPT-1206)
Information: The register 'dout_reg[2]' is a constant and will be removed. (OPT-1206)
  Processing 'MINI_W_ROM_6x48__28_0'
Information: The register 'dout_reg[47]' is a constant and will be removed. (OPT-1206)
Information: The register 'dout_reg[46]' is a constant and will be removed. (OPT-1206)
Information: The register 'dout_reg[45]' is a constant and will be removed. (OPT-1206)
Information: The register 'dout_reg[44]' is a constant and will be removed. (OPT-1206)
Information: The register 'dout_reg[43]' is a constant and will be removed. (OPT-1206)
Information: The register 'dout_reg[42]' is a constant and will be removed. (OPT-1206)
Information: The register 'dout_reg[41]' is a constant and will be removed. (OPT-1206)
Information: The register 'dout_reg[40]' is a constant and will be removed. (OPT-1206)
Information: The register 'dout_reg[39]' is a constant and will be removed. (OPT-1206)
Information: The register 'dout_reg[38]' is a constant and will be removed. (OPT-1206)
Information: The register 'dout_reg[37]' is a constant and will be removed. (OPT-1206)
Information: The register 'dout_reg[36]' is a constant and will be removed. (OPT-1206)
Information: The register 'dout_reg[35]' is a constant and will be removed. (OPT-1206)
Information: The register 'dout_reg[34]' is a constant and will be removed. (OPT-1206)
Information: The register 'dout_reg[33]' is a constant and will be removed. (OPT-1206)
Information: The register 'dout_reg[32]' is a constant and will be removed. (OPT-1206)
Information: The register 'dout_reg[31]' is a constant and will be removed. (OPT-1206)
Information: The register 'dout_reg[30]' is a constant and will be removed. (OPT-1206)
Information: The register 'dout_reg[29]' is a constant and will be removed. (OPT-1206)
Information: The register 'dout_reg[28]' is a constant and will be removed. (OPT-1206)
Information: The register 'dout_reg[27]' is a constant and will be removed. (OPT-1206)
Information: The register 'dout_reg[26]' is a constant and will be removed. (OPT-1206)
Information: The register 'dout_reg[25]' is a constant and will be removed. (OPT-1206)
Information: The register 'dout_reg[24]' is a constant and will be removed. (OPT-1206)
Information: The register 'dout_reg[23]' is a constant and will be removed. (OPT-1206)
Information: The register 'dout_reg[22]' is a constant and will be removed. (OPT-1206)
Information: The register 'dout_reg[21]' is a constant and will be removed. (OPT-1206)
Information: The register 'dout_reg[20]' is a constant and will be removed. (OPT-1206)
Information: The register 'dout_reg[19]' is a constant and will be removed. (OPT-1206)
Information: The register 'dout_reg[18]' is a constant and will be removed. (OPT-1206)
Information: The register 'dout_reg[17]' is a constant and will be removed. (OPT-1206)
Information: The register 'dout_reg[16]' is a constant and will be removed. (OPT-1206)
Information: The register 'dout_reg[15]' is a constant and will be removed. (OPT-1206)
Information: The register 'dout_reg[14]' is a constant and will be removed. (OPT-1206)
Information: The register 'dout_reg[13]' is a constant and will be removed. (OPT-1206)
Information: The register 'dout_reg[12]' is a constant and will be removed. (OPT-1206)
Information: The register 'dout_reg[11]' is a constant and will be removed. (OPT-1206)
Information: The register 'dout_reg[10]' is a constant and will be removed. (OPT-1206)
Information: The register 'dout_reg[9]' is a constant and will be removed. (OPT-1206)
Information: The register 'dout_reg[8]' is a constant and will be removed. (OPT-1206)
Information: The register 'dout_reg[7]' is a constant and will be removed. (OPT-1206)
Information: The register 'dout_reg[6]' is a constant and will be removed. (OPT-1206)
Information: The register 'dout_reg[5]' is a constant and will be removed. (OPT-1206)
Information: The register 'dout_reg[4]' is a constant and will be removed. (OPT-1206)
Information: The register 'dout_reg[3]' is a constant and will be removed. (OPT-1206)
Information: The register 'dout_reg[2]' is a constant and will be removed. (OPT-1206)
Information: The register 'dout_reg[1]' is a constant and will be removed. (OPT-1206)
Information: The register 'dout_reg[0]' is a constant and will be removed. (OPT-1206)
  Processing 'MINI_b_ROM_1x16_fc85'
Information: The register 'dout_reg[9]' is a constant and will be removed. (OPT-1206)
Information: The register 'dout_reg[8]' is a constant and will be removed. (OPT-1206)
Information: The register 'dout_reg[6]' is a constant and will be removed. (OPT-1206)
Information: The register 'dout_reg[5]' is a constant and will be removed. (OPT-1206)
Information: The register 'dout_reg[4]' is a constant and will be removed. (OPT-1206)
Information: The register 'dout_reg[3]' is a constant and will be removed. (OPT-1206)
Information: The register 'dout_reg[1]' is a constant and will be removed. (OPT-1206)
  Processing 'MINI_W_ROM_6x48__27'
  Processing 'MINI_W_ROM_6x48__26'
Information: The register 'dout_reg[22]' is a constant and will be removed. (OPT-1206)
Information: The register 'dout_reg[9]' is a constant and will be removed. (OPT-1206)
  Processing 'MINI_b_ROM_1x16_1585'
Information: The register 'dout_reg[15]' is a constant and will be removed. (OPT-1206)
Information: The register 'dout_reg[14]' is a constant and will be removed. (OPT-1206)
Information: The register 'dout_reg[13]' is a constant and will be removed. (OPT-1206)
Information: The register 'dout_reg[11]' is a constant and will be removed. (OPT-1206)
Information: The register 'dout_reg[9]' is a constant and will be removed. (OPT-1206)
Information: The register 'dout_reg[6]' is a constant and will be removed. (OPT-1206)
Information: The register 'dout_reg[5]' is a constant and will be removed. (OPT-1206)
Information: The register 'dout_reg[4]' is a constant and will be removed. (OPT-1206)
Information: The register 'dout_reg[3]' is a constant and will be removed. (OPT-1206)
Information: The register 'dout_reg[1]' is a constant and will be removed. (OPT-1206)
  Processing 'MINI_W_ROM_6x48__25'
Information: The register 'dout_reg[43]' is a constant and will be removed. (OPT-1206)
  Processing 'MINI_W_ROM_6x48__24'
Information: The register 'dout_reg[24]' is a constant and will be removed. (OPT-1206)
Information: The register 'dout_reg[19]' is a constant and will be removed. (OPT-1206)
  Processing 'MINI_b_ROM_1x16_036c'
Information: The register 'dout_reg[15]' is a constant and will be removed. (OPT-1206)
Information: The register 'dout_reg[14]' is a constant and will be removed. (OPT-1206)
Information: The register 'dout_reg[13]' is a constant and will be removed. (OPT-1206)
Information: The register 'dout_reg[12]' is a constant and will be removed. (OPT-1206)
Information: The register 'dout_reg[11]' is a constant and will be removed. (OPT-1206)
Information: The register 'dout_reg[10]' is a constant and will be removed. (OPT-1206)
Information: The register 'dout_reg[7]' is a constant and will be removed. (OPT-1206)
Information: The register 'dout_reg[4]' is a constant and will be removed. (OPT-1206)
Information: The register 'dout_reg[1]' is a constant and will be removed. (OPT-1206)
Information: The register 'dout_reg[0]' is a constant and will be removed. (OPT-1206)
  Processing 'MINI_W_ROM_6x48__23'
  Processing 'MINI_W_ROM_6x48__22'
  Processing 'MINI_b_ROM_1x16_fde3'
Information: The register 'dout_reg[9]' is a constant and will be removed. (OPT-1206)
Information: The register 'dout_reg[4]' is a constant and will be removed. (OPT-1206)
Information: The register 'dout_reg[3]' is a constant and will be removed. (OPT-1206)
Information: The register 'dout_reg[2]' is a constant and will be removed. (OPT-1206)
  Processing 'MINI_W_ROM_6x48__21'
Information: The register 'dout_reg[44]' is a constant and will be removed. (OPT-1206)
  Processing 'MINI_W_ROM_6x48__20'
Information: The register 'dout_reg[32]' is a constant and will be removed. (OPT-1206)
  Processing 'MINI_b_ROM_1x16_18ca'
Information: The register 'dout_reg[15]' is a constant and will be removed. (OPT-1206)
Information: The register 'dout_reg[14]' is a constant and will be removed. (OPT-1206)
Information: The register 'dout_reg[13]' is a constant and will be removed. (OPT-1206)
Information: The register 'dout_reg[10]' is a constant and will be removed. (OPT-1206)
Information: The register 'dout_reg[9]' is a constant and will be removed. (OPT-1206)
Information: The register 'dout_reg[8]' is a constant and will be removed. (OPT-1206)
Information: The register 'dout_reg[5]' is a constant and will be removed. (OPT-1206)
Information: The register 'dout_reg[4]' is a constant and will be removed. (OPT-1206)
Information: The register 'dout_reg[2]' is a constant and will be removed. (OPT-1206)
Information: The register 'dout_reg[0]' is a constant and will be removed. (OPT-1206)
  Processing 'MINI_W_ROM_6x48__19'
Information: The register 'dout_reg[2]' is a constant and will be removed. (OPT-1206)
  Processing 'MINI_W_ROM_6x48__18'
  Processing 'MINI_b_ROM_1x16_0a80'
Information: The register 'dout_reg[15]' is a constant and will be removed. (OPT-1206)
Information: The register 'dout_reg[14]' is a constant and will be removed. (OPT-1206)
Information: The register 'dout_reg[13]' is a constant and will be removed. (OPT-1206)
Information: The register 'dout_reg[12]' is a constant and will be removed. (OPT-1206)
Information: The register 'dout_reg[10]' is a constant and will be removed. (OPT-1206)
Information: The register 'dout_reg[8]' is a constant and will be removed. (OPT-1206)
Information: The register 'dout_reg[6]' is a constant and will be removed. (OPT-1206)
Information: The register 'dout_reg[5]' is a constant and will be removed. (OPT-1206)
Information: The register 'dout_reg[4]' is a constant and will be removed. (OPT-1206)
Information: The register 'dout_reg[3]' is a constant and will be removed. (OPT-1206)
Information: The register 'dout_reg[2]' is a constant and will be removed. (OPT-1206)
Information: The register 'dout_reg[1]' is a constant and will be removed. (OPT-1206)
Information: The register 'dout_reg[0]' is a constant and will be removed. (OPT-1206)
  Processing 'MINI_W_ROM_6x48__17'
Information: The register 'dout_reg[23]' is a constant and will be removed. (OPT-1206)
  Processing 'MINI_W_ROM_6x48__16'
  Processing 'MINI_b_ROM_1x16_0499'
Information: The register 'dout_reg[15]' is a constant and will be removed. (OPT-1206)
Information: The register 'dout_reg[14]' is a constant and will be removed. (OPT-1206)
Information: The register 'dout_reg[13]' is a constant and will be removed. (OPT-1206)
Information: The register 'dout_reg[12]' is a constant and will be removed. (OPT-1206)
Information: The register 'dout_reg[11]' is a constant and will be removed. (OPT-1206)
Information: The register 'dout_reg[9]' is a constant and will be removed. (OPT-1206)
Information: The register 'dout_reg[8]' is a constant and will be removed. (OPT-1206)
Information: The register 'dout_reg[6]' is a constant and will be removed. (OPT-1206)
Information: The register 'dout_reg[5]' is a constant and will be removed. (OPT-1206)
Information: The register 'dout_reg[2]' is a constant and will be removed. (OPT-1206)
Information: The register 'dout_reg[1]' is a constant and will be removed. (OPT-1206)
  Processing 'MINI_W_ROM_6x48__15'
Information: The register 'dout_reg[25]' is a constant and will be removed. (OPT-1206)
Information: The register 'dout_reg[19]' is a constant and will be removed. (OPT-1206)
Information: The register 'dout_reg[8]' is a constant and will be removed. (OPT-1206)
  Processing 'MINI_W_ROM_6x48__14'
  Processing 'MINI_b_ROM_1x16_ff45'
Information: The register 'dout_reg[7]' is a constant and will be removed. (OPT-1206)
Information: The register 'dout_reg[5]' is a constant and will be removed. (OPT-1206)
Information: The register 'dout_reg[4]' is a constant and will be removed. (OPT-1206)
Information: The register 'dout_reg[3]' is a constant and will be removed. (OPT-1206)
Information: The register 'dout_reg[1]' is a constant and will be removed. (OPT-1206)
  Processing 'MINI_W_ROM_6x48__13'
  Processing 'MINI_W_ROM_6x48__12'
Information: The register 'dout_reg[25]' is a constant and will be removed. (OPT-1206)
Information: The register 'dout_reg[23]' is a constant and will be removed. (OPT-1206)
  Processing 'MINI_b_ROM_1x16_e89b'
Information: The register 'dout_reg[12]' is a constant and will be removed. (OPT-1206)
Information: The register 'dout_reg[10]' is a constant and will be removed. (OPT-1206)
Information: The register 'dout_reg[9]' is a constant and will be removed. (OPT-1206)
Information: The register 'dout_reg[8]' is a constant and will be removed. (OPT-1206)
Information: The register 'dout_reg[6]' is a constant and will be removed. (OPT-1206)
Information: The register 'dout_reg[5]' is a constant and will be removed. (OPT-1206)
Information: The register 'dout_reg[2]' is a constant and will be removed. (OPT-1206)
  Processing 'MINI_W_ROM_6x48__11'
Information: The register 'dout_reg[47]' is a constant and will be removed. (OPT-1206)
Information: The register 'dout_reg[46]' is a constant and will be removed. (OPT-1206)
Information: The register 'dout_reg[45]' is a constant and will be removed. (OPT-1206)
Information: The register 'dout_reg[40]' is a constant and will be removed. (OPT-1206)
Information: The register 'dout_reg[36]' is a constant and will be removed. (OPT-1206)
Information: The register 'dout_reg[21]' is a constant and will be removed. (OPT-1206)
  Processing 'MINI_W_ROM_6x48__10'
Information: The register 'dout_reg[32]' is a constant and will be removed. (OPT-1206)
Information: The register 'dout_reg[22]' is a constant and will be removed. (OPT-1206)
Information: The register 'dout_reg[11]' is a constant and will be removed. (OPT-1206)
Information: The register 'dout_reg[5]' is a constant and will be removed. (OPT-1206)
  Processing 'MINI_b_ROM_1x16_edf1'
Information: The register 'dout_reg[12]' is a constant and will be removed. (OPT-1206)
Information: The register 'dout_reg[9]' is a constant and will be removed. (OPT-1206)
Information: The register 'dout_reg[3]' is a constant and will be removed. (OPT-1206)
Information: The register 'dout_reg[2]' is a constant and will be removed. (OPT-1206)
Information: The register 'dout_reg[1]' is a constant and will be removed. (OPT-1206)
  Processing 'MINI_W_ROM_6x48__9'
Information: The register 'dout_reg[31]' is a constant and will be removed. (OPT-1206)
Information: The register 'dout_reg[30]' is a constant and will be removed. (OPT-1206)
Information: The register 'dout_reg[29]' is a constant and will be removed. (OPT-1206)
Information: The register 'dout_reg[27]' is a constant and will be removed. (OPT-1206)
Information: The register 'dout_reg[21]' is a constant and will be removed. (OPT-1206)
  Processing 'MINI_W_ROM_6x48__8'
  Processing 'MINI_b_ROM_1x16_07dc'
Information: The register 'dout_reg[15]' is a constant and will be removed. (OPT-1206)
Information: The register 'dout_reg[14]' is a constant and will be removed. (OPT-1206)
Information: The register 'dout_reg[13]' is a constant and will be removed. (OPT-1206)
Information: The register 'dout_reg[12]' is a constant and will be removed. (OPT-1206)
Information: The register 'dout_reg[11]' is a constant and will be removed. (OPT-1206)
Information: The register 'dout_reg[5]' is a constant and will be removed. (OPT-1206)
Information: The register 'dout_reg[1]' is a constant and will be removed. (OPT-1206)
Information: The register 'dout_reg[0]' is a constant and will be removed. (OPT-1206)
  Processing 'MINI_W_ROM_6x48__7'
  Processing 'MINI_W_ROM_6x48__6'
Information: The register 'dout_reg[2]' is a constant and will be removed. (OPT-1206)
  Processing 'MINI_b_ROM_1x16_0d7c'
Information: The register 'dout_reg[15]' is a constant and will be removed. (OPT-1206)
Information: The register 'dout_reg[14]' is a constant and will be removed. (OPT-1206)
Information: The register 'dout_reg[13]' is a constant and will be removed. (OPT-1206)
Information: The register 'dout_reg[12]' is a constant and will be removed. (OPT-1206)
Information: The register 'dout_reg[9]' is a constant and will be removed. (OPT-1206)
Information: The register 'dout_reg[7]' is a constant and will be removed. (OPT-1206)
Information: The register 'dout_reg[1]' is a constant and will be removed. (OPT-1206)
Information: The register 'dout_reg[0]' is a constant and will be removed. (OPT-1206)
  Processing 'MINI_W_ROM_6x48__5'
Information: The register 'dout_reg[36]' is a constant and will be removed. (OPT-1206)
  Processing 'MINI_W_ROM_6x48__4'
Information: The register 'dout_reg[22]' is a constant and will be removed. (OPT-1206)
Information: The register 'dout_reg[20]' is a constant and will be removed. (OPT-1206)
  Processing 'MINI_b_ROM_1x16_e606'
Information: The register 'dout_reg[12]' is a constant and will be removed. (OPT-1206)
Information: The register 'dout_reg[11]' is a constant and will be removed. (OPT-1206)
Information: The register 'dout_reg[8]' is a constant and will be removed. (OPT-1206)
Information: The register 'dout_reg[7]' is a constant and will be removed. (OPT-1206)
Information: The register 'dout_reg[6]' is a constant and will be removed. (OPT-1206)
Information: The register 'dout_reg[5]' is a constant and will be removed. (OPT-1206)
Information: The register 'dout_reg[4]' is a constant and will be removed. (OPT-1206)
Information: The register 'dout_reg[3]' is a constant and will be removed. (OPT-1206)
Information: The register 'dout_reg[0]' is a constant and will be removed. (OPT-1206)
  Processing 'MINI_W_ROM_6x48__3'
  Processing 'MINI_W_ROM_6x48__2'
Information: The register 'dout_reg[3]' is a constant and will be removed. (OPT-1206)
  Processing 'MINI_b_ROM_1x16_1924'
Information: The register 'dout_reg[15]' is a constant and will be removed. (OPT-1206)
Information: The register 'dout_reg[14]' is a constant and will be removed. (OPT-1206)
Information: The register 'dout_reg[13]' is a constant and will be removed. (OPT-1206)
Information: The register 'dout_reg[10]' is a constant and will be removed. (OPT-1206)
Information: The register 'dout_reg[9]' is a constant and will be removed. (OPT-1206)
Information: The register 'dout_reg[7]' is a constant and will be removed. (OPT-1206)
Information: The register 'dout_reg[6]' is a constant and will be removed. (OPT-1206)
Information: The register 'dout_reg[4]' is a constant and will be removed. (OPT-1206)
Information: The register 'dout_reg[3]' is a constant and will be removed. (OPT-1206)
Information: The register 'dout_reg[1]' is a constant and will be removed. (OPT-1206)
Information: The register 'dout_reg[0]' is a constant and will be removed. (OPT-1206)
  Processing 'MINI_W_ROM_6x48__1'
Information: The register 'dout_reg[26]' is a constant and will be removed. (OPT-1206)
Information: The register 'dout_reg[20]' is a constant and will be removed. (OPT-1206)
  Processing 'MINI_W_ROM_6x48_'
Information: The register 'dout_reg[22]' is a constant and will be removed. (OPT-1206)
Information: The register 'dout_reg[13]' is a constant and will be removed. (OPT-1206)
Information: The register 'dout_reg[11]' is a constant and will be removed. (OPT-1206)
  Processing 'layer2_compute'
  Processing 'MINI_b_ROM_1x16_2209'
Information: The register 'dout_reg[15]' is a constant and will be removed. (OPT-1206)
Information: The register 'dout_reg[14]' is a constant and will be removed. (OPT-1206)
Information: The register 'dout_reg[12]' is a constant and will be removed. (OPT-1206)
Information: The register 'dout_reg[11]' is a constant and will be removed. (OPT-1206)
Information: The register 'dout_reg[10]' is a constant and will be removed. (OPT-1206)
Information: The register 'dout_reg[8]' is a constant and will be removed. (OPT-1206)
Information: The register 'dout_reg[7]' is a constant and will be removed. (OPT-1206)
Information: The register 'dout_reg[6]' is a constant and will be removed. (OPT-1206)
Information: The register 'dout_reg[5]' is a constant and will be removed. (OPT-1206)
Information: The register 'dout_reg[4]' is a constant and will be removed. (OPT-1206)
Information: The register 'dout_reg[2]' is a constant and will be removed. (OPT-1206)
Information: The register 'dout_reg[1]' is a constant and will be removed. (OPT-1206)
  Processing 'MINI_W_ROM_4x48__31'
Information: The register 'dout_reg[32]' is a constant and will be removed. (OPT-1206)
Information: The register 'dout_reg[15]' is a constant and will be removed. (OPT-1206)
Information: The register 'dout_reg[14]' is a constant and will be removed. (OPT-1206)
Information: The register 'dout_reg[11]' is a constant and will be removed. (OPT-1206)
Information: The register 'dout_reg[0]' is a constant and will be removed. (OPT-1206)
  Processing 'MINI_b_ROM_1x16_e00f'
Information: The register 'dout_reg[12]' is a constant and will be removed. (OPT-1206)
Information: The register 'dout_reg[11]' is a constant and will be removed. (OPT-1206)
Information: The register 'dout_reg[10]' is a constant and will be removed. (OPT-1206)
Information: The register 'dout_reg[9]' is a constant and will be removed. (OPT-1206)
Information: The register 'dout_reg[8]' is a constant and will be removed. (OPT-1206)
Information: The register 'dout_reg[7]' is a constant and will be removed. (OPT-1206)
Information: The register 'dout_reg[6]' is a constant and will be removed. (OPT-1206)
Information: The register 'dout_reg[5]' is a constant and will be removed. (OPT-1206)
Information: The register 'dout_reg[4]' is a constant and will be removed. (OPT-1206)
  Processing 'MINI_W_ROM_4x48__30'
Information: The register 'dout_reg[44]' is a constant and will be removed. (OPT-1206)
Information: The register 'dout_reg[43]' is a constant and will be removed. (OPT-1206)
Information: The register 'dout_reg[42]' is a constant and will be removed. (OPT-1206)
Information: The register 'dout_reg[17]' is a constant and will be removed. (OPT-1206)
Information: The register 'dout_reg[7]' is a constant and will be removed. (OPT-1206)
  Processing 'MINI_b_ROM_1x16_03aa'
Information: The register 'dout_reg[15]' is a constant and will be removed. (OPT-1206)
Information: The register 'dout_reg[14]' is a constant and will be removed. (OPT-1206)
Information: The register 'dout_reg[13]' is a constant and will be removed. (OPT-1206)
Information: The register 'dout_reg[12]' is a constant and will be removed. (OPT-1206)
Information: The register 'dout_reg[11]' is a constant and will be removed. (OPT-1206)
Information: The register 'dout_reg[10]' is a constant and will be removed. (OPT-1206)
Information: The register 'dout_reg[6]' is a constant and will be removed. (OPT-1206)
Information: The register 'dout_reg[4]' is a constant and will be removed. (OPT-1206)
Information: The register 'dout_reg[2]' is a constant and will be removed. (OPT-1206)
Information: The register 'dout_reg[0]' is a constant and will be removed. (OPT-1206)
  Processing 'MINI_W_ROM_4x48__29'
Information: The register 'dout_reg[6]' is a constant and will be removed. (OPT-1206)
  Processing 'MINI_b_ROM_1x16_dfd7'
Information: The register 'dout_reg[13]' is a constant and will be removed. (OPT-1206)
Information: The register 'dout_reg[5]' is a constant and will be removed. (OPT-1206)
Information: The register 'dout_reg[3]' is a constant and will be removed. (OPT-1206)
  Processing 'MINI_W_ROM_4x48__28'
Information: The register 'dout_reg[38]' is a constant and will be removed. (OPT-1206)
Information: The register 'dout_reg[34]' is a constant and will be removed. (OPT-1206)
Information: The register 'dout_reg[6]' is a constant and will be removed. (OPT-1206)
Information: The register 'dout_reg[4]' is a constant and will be removed. (OPT-1206)
  Processing 'MINI_b_ROM_1x16_12ad'
Information: The register 'dout_reg[15]' is a constant and will be removed. (OPT-1206)
Information: The register 'dout_reg[14]' is a constant and will be removed. (OPT-1206)
Information: The register 'dout_reg[13]' is a constant and will be removed. (OPT-1206)
Information: The register 'dout_reg[11]' is a constant and will be removed. (OPT-1206)
Information: The register 'dout_reg[10]' is a constant and will be removed. (OPT-1206)
Information: The register 'dout_reg[8]' is a constant and will be removed. (OPT-1206)
Information: The register 'dout_reg[6]' is a constant and will be removed. (OPT-1206)
Information: The register 'dout_reg[4]' is a constant and will be removed. (OPT-1206)
Information: The register 'dout_reg[1]' is a constant and will be removed. (OPT-1206)
  Processing 'MINI_W_ROM_4x48__27'
Information: The register 'dout_reg[40]' is a constant and will be removed. (OPT-1206)
Information: The register 'dout_reg[28]' is a constant and will be removed. (OPT-1206)
Information: The register 'dout_reg[9]' is a constant and will be removed. (OPT-1206)
Information: The register 'dout_reg[8]' is a constant and will be removed. (OPT-1206)
Information: The register 'dout_reg[6]' is a constant and will be removed. (OPT-1206)
  Processing 'MINI_b_ROM_1x16_e4ee'
Information: The register 'dout_reg[12]' is a constant and will be removed. (OPT-1206)
Information: The register 'dout_reg[11]' is a constant and will be removed. (OPT-1206)
Information: The register 'dout_reg[9]' is a constant and will be removed. (OPT-1206)
Information: The register 'dout_reg[8]' is a constant and will be removed. (OPT-1206)
Information: The register 'dout_reg[4]' is a constant and will be removed. (OPT-1206)
Information: The register 'dout_reg[0]' is a constant and will be removed. (OPT-1206)
  Processing 'MINI_W_ROM_4x48__26'
Information: The register 'dout_reg[35]' is a constant and will be removed. (OPT-1206)
Information: The register 'dout_reg[16]' is a constant and will be removed. (OPT-1206)
  Processing 'MINI_b_ROM_1x16_0384'
Information: The register 'dout_reg[15]' is a constant and will be removed. (OPT-1206)
Information: The register 'dout_reg[14]' is a constant and will be removed. (OPT-1206)
Information: The register 'dout_reg[13]' is a constant and will be removed. (OPT-1206)
Information: The register 'dout_reg[12]' is a constant and will be removed. (OPT-1206)
Information: The register 'dout_reg[11]' is a constant and will be removed. (OPT-1206)
Information: The register 'dout_reg[10]' is a constant and will be removed. (OPT-1206)
Information: The register 'dout_reg[6]' is a constant and will be removed. (OPT-1206)
Information: The register 'dout_reg[5]' is a constant and will be removed. (OPT-1206)
Information: The register 'dout_reg[4]' is a constant and will be removed. (OPT-1206)
Information: The register 'dout_reg[3]' is a constant and will be removed. (OPT-1206)
Information: The register 'dout_reg[1]' is a constant and will be removed. (OPT-1206)
Information: The register 'dout_reg[0]' is a constant and will be removed. (OPT-1206)
  Processing 'MINI_W_ROM_4x48__25'
Information: The register 'dout_reg[43]' is a constant and will be removed. (OPT-1206)
Information: The register 'dout_reg[29]' is a constant and will be removed. (OPT-1206)
Information: The register 'dout_reg[27]' is a constant and will be removed. (OPT-1206)
Information: The register 'dout_reg[17]' is a constant and will be removed. (OPT-1206)
Information: The register 'dout_reg[1]' is a constant and will be removed. (OPT-1206)
  Processing 'MINI_b_ROM_1x16_fef4'
Information: The register 'dout_reg[8]' is a constant and will be removed. (OPT-1206)
Information: The register 'dout_reg[3]' is a constant and will be removed. (OPT-1206)
Information: The register 'dout_reg[1]' is a constant and will be removed. (OPT-1206)
Information: The register 'dout_reg[0]' is a constant and will be removed. (OPT-1206)
  Processing 'MINI_W_ROM_4x48__24'
Information: The register 'dout_reg[25]' is a constant and will be removed. (OPT-1206)
Information: The register 'dout_reg[24]' is a constant and will be removed. (OPT-1206)
Information: The register 'dout_reg[19]' is a constant and will be removed. (OPT-1206)
Information: The register 'dout_reg[10]' is a constant and will be removed. (OPT-1206)
Information: The register 'dout_reg[0]' is a constant and will be removed. (OPT-1206)
  Processing 'MINI_b_ROM_1x16_ec4d'
Information: The register 'dout_reg[12]' is a constant and will be removed. (OPT-1206)
Information: The register 'dout_reg[9]' is a constant and will be removed. (OPT-1206)
Information: The register 'dout_reg[8]' is a constant and will be removed. (OPT-1206)
Information: The register 'dout_reg[7]' is a constant and will be removed. (OPT-1206)
Information: The register 'dout_reg[5]' is a constant and will be removed. (OPT-1206)
Information: The register 'dout_reg[4]' is a constant and will be removed. (OPT-1206)
Information: The register 'dout_reg[1]' is a constant and will be removed. (OPT-1206)
  Processing 'MINI_W_ROM_4x48__23'
Information: The register 'dout_reg[35]' is a constant and will be removed. (OPT-1206)
Information: The register 'dout_reg[26]' is a constant and will be removed. (OPT-1206)
Information: The register 'dout_reg[18]' is a constant and will be removed. (OPT-1206)
  Processing 'MINI_b_ROM_1x16_f007'
Information: The register 'dout_reg[11]' is a constant and will be removed. (OPT-1206)
Information: The register 'dout_reg[10]' is a constant and will be removed. (OPT-1206)
Information: The register 'dout_reg[9]' is a constant and will be removed. (OPT-1206)
Information: The register 'dout_reg[8]' is a constant and will be removed. (OPT-1206)
Information: The register 'dout_reg[7]' is a constant and will be removed. (OPT-1206)
Information: The register 'dout_reg[6]' is a constant and will be removed. (OPT-1206)
Information: The register 'dout_reg[5]' is a constant and will be removed. (OPT-1206)
Information: The register 'dout_reg[4]' is a constant and will be removed. (OPT-1206)
Information: The register 'dout_reg[3]' is a constant and will be removed. (OPT-1206)
  Processing 'MINI_W_ROM_4x48__22'
Information: The register 'dout_reg[40]' is a constant and will be removed. (OPT-1206)
Information: The register 'dout_reg[15]' is a constant and will be removed. (OPT-1206)
Information: The register 'dout_reg[13]' is a constant and will be removed. (OPT-1206)
Information: The register 'dout_reg[12]' is a constant and will be removed. (OPT-1206)
Information: The register 'dout_reg[11]' is a constant and will be removed. (OPT-1206)
Information: The register 'dout_reg[7]' is a constant and will be removed. (OPT-1206)
Information: The register 'dout_reg[0]' is a constant and will be removed. (OPT-1206)
  Processing 'MINI_b_ROM_1x16_e589'
Information: The register 'dout_reg[12]' is a constant and will be removed. (OPT-1206)
Information: The register 'dout_reg[11]' is a constant and will be removed. (OPT-1206)
Information: The register 'dout_reg[9]' is a constant and will be removed. (OPT-1206)
Information: The register 'dout_reg[6]' is a constant and will be removed. (OPT-1206)
Information: The register 'dout_reg[5]' is a constant and will be removed. (OPT-1206)
Information: The register 'dout_reg[4]' is a constant and will be removed. (OPT-1206)
Information: The register 'dout_reg[2]' is a constant and will be removed. (OPT-1206)
Information: The register 'dout_reg[1]' is a constant and will be removed. (OPT-1206)
  Processing 'MINI_W_ROM_4x48__21'
Information: The register 'dout_reg[43]' is a constant and will be removed. (OPT-1206)
Information: The register 'dout_reg[42]' is a constant and will be removed. (OPT-1206)
  Processing 'MINI_b_ROM_1x16_fd90'
Information: The register 'dout_reg[9]' is a constant and will be removed. (OPT-1206)
Information: The register 'dout_reg[6]' is a constant and will be removed. (OPT-1206)
Information: The register 'dout_reg[5]' is a constant and will be removed. (OPT-1206)
Information: The register 'dout_reg[3]' is a constant and will be removed. (OPT-1206)
Information: The register 'dout_reg[2]' is a constant and will be removed. (OPT-1206)
Information: The register 'dout_reg[1]' is a constant and will be removed. (OPT-1206)
Information: The register 'dout_reg[0]' is a constant and will be removed. (OPT-1206)
  Processing 'MINI_W_ROM_4x48__20'
Information: The register 'dout_reg[43]' is a constant and will be removed. (OPT-1206)
Information: The register 'dout_reg[40]' is a constant and will be removed. (OPT-1206)
Information: The register 'dout_reg[20]' is a constant and will be removed. (OPT-1206)
Information: The register 'dout_reg[16]' is a constant and will be removed. (OPT-1206)
Information: The register 'dout_reg[3]' is a constant and will be removed. (OPT-1206)
  Processing 'MINI_b_ROM_1x16_cb20'
Information: The register 'dout_reg[13]' is a constant and will be removed. (OPT-1206)
Information: The register 'dout_reg[12]' is a constant and will be removed. (OPT-1206)
Information: The register 'dout_reg[10]' is a constant and will be removed. (OPT-1206)
Information: The register 'dout_reg[7]' is a constant and will be removed. (OPT-1206)
Information: The register 'dout_reg[6]' is a constant and will be removed. (OPT-1206)
Information: The register 'dout_reg[4]' is a constant and will be removed. (OPT-1206)
Information: The register 'dout_reg[3]' is a constant and will be removed. (OPT-1206)
Information: The register 'dout_reg[2]' is a constant and will be removed. (OPT-1206)
Information: The register 'dout_reg[1]' is a constant and will be removed. (OPT-1206)
Information: The register 'dout_reg[0]' is a constant and will be removed. (OPT-1206)
  Processing 'MINI_W_ROM_4x48__19'
Information: The register 'dout_reg[35]' is a constant and will be removed. (OPT-1206)
Information: The register 'dout_reg[33]' is a constant and will be removed. (OPT-1206)
Information: The register 'dout_reg[19]' is a constant and will be removed. (OPT-1206)
Information: The register 'dout_reg[15]' is a constant and will be removed. (OPT-1206)
Information: The register 'dout_reg[14]' is a constant and will be removed. (OPT-1206)
Information: The register 'dout_reg[13]' is a constant and will be removed. (OPT-1206)
Information: The register 'dout_reg[12]' is a constant and will be removed. (OPT-1206)
Information: The register 'dout_reg[10]' is a constant and will be removed. (OPT-1206)
Information: The register 'dout_reg[2]' is a constant and will be removed. (OPT-1206)
Information: The register 'dout_reg[1]' is a constant and will be removed. (OPT-1206)
Information: The register 'dout_reg[0]' is a constant and will be removed. (OPT-1206)
  Processing 'MINI_b_ROM_1x16_2467'
Information: The register 'dout_reg[15]' is a constant and will be removed. (OPT-1206)
Information: The register 'dout_reg[14]' is a constant and will be removed. (OPT-1206)
Information: The register 'dout_reg[12]' is a constant and will be removed. (OPT-1206)
Information: The register 'dout_reg[11]' is a constant and will be removed. (OPT-1206)
Information: The register 'dout_reg[9]' is a constant and will be removed. (OPT-1206)
Information: The register 'dout_reg[8]' is a constant and will be removed. (OPT-1206)
Information: The register 'dout_reg[7]' is a constant and will be removed. (OPT-1206)
Information: The register 'dout_reg[4]' is a constant and will be removed. (OPT-1206)
Information: The register 'dout_reg[3]' is a constant and will be removed. (OPT-1206)
  Processing 'MINI_W_ROM_4x48__18'
Information: The register 'dout_reg[34]' is a constant and will be removed. (OPT-1206)
Information: The register 'dout_reg[21]' is a constant and will be removed. (OPT-1206)
Information: The register 'dout_reg[18]' is a constant and will be removed. (OPT-1206)
Information: The register 'dout_reg[15]' is a constant and will be removed. (OPT-1206)
Information: The register 'dout_reg[14]' is a constant and will be removed. (OPT-1206)
Information: The register 'dout_reg[12]' is a constant and will be removed. (OPT-1206)
Information: The register 'dout_reg[2]' is a constant and will be removed. (OPT-1206)
  Processing 'MINI_b_ROM_1x16_03bf'
Information: The register 'dout_reg[15]' is a constant and will be removed. (OPT-1206)
Information: The register 'dout_reg[14]' is a constant and will be removed. (OPT-1206)
Information: The register 'dout_reg[13]' is a constant and will be removed. (OPT-1206)
Information: The register 'dout_reg[12]' is a constant and will be removed. (OPT-1206)
Information: The register 'dout_reg[11]' is a constant and will be removed. (OPT-1206)
Information: The register 'dout_reg[10]' is a constant and will be removed. (OPT-1206)
Information: The register 'dout_reg[6]' is a constant and will be removed. (OPT-1206)
  Processing 'MINI_W_ROM_4x48__17'
Information: The register 'dout_reg[39]' is a constant and will be removed. (OPT-1206)
Information: The register 'dout_reg[38]' is a constant and will be removed. (OPT-1206)
Information: The register 'dout_reg[15]' is a constant and will be removed. (OPT-1206)
Information: The register 'dout_reg[13]' is a constant and will be removed. (OPT-1206)
Information: The register 'dout_reg[12]' is a constant and will be removed. (OPT-1206)
Information: The register 'dout_reg[11]' is a constant and will be removed. (OPT-1206)
  Processing 'MINI_b_ROM_1x16_06ea'
Information: The register 'dout_reg[15]' is a constant and will be removed. (OPT-1206)
Information: The register 'dout_reg[14]' is a constant and will be removed. (OPT-1206)
Information: The register 'dout_reg[13]' is a constant and will be removed. (OPT-1206)
Information: The register 'dout_reg[12]' is a constant and will be removed. (OPT-1206)
Information: The register 'dout_reg[11]' is a constant and will be removed. (OPT-1206)
Information: The register 'dout_reg[8]' is a constant and will be removed. (OPT-1206)
Information: The register 'dout_reg[4]' is a constant and will be removed. (OPT-1206)
Information: The register 'dout_reg[2]' is a constant and will be removed. (OPT-1206)
Information: The register 'dout_reg[0]' is a constant and will be removed. (OPT-1206)
  Processing 'MINI_W_ROM_4x48__16'
Information: The register 'dout_reg[38]' is a constant and will be removed. (OPT-1206)
Information: The register 'dout_reg[20]' is a constant and will be removed. (OPT-1206)
Information: The register 'dout_reg[3]' is a constant and will be removed. (OPT-1206)
Information: The register 'dout_reg[2]' is a constant and will be removed. (OPT-1206)
  Processing 'MINI_b_ROM_1x16_f8c1'
Information: The register 'dout_reg[10]' is a constant and will be removed. (OPT-1206)
Information: The register 'dout_reg[9]' is a constant and will be removed. (OPT-1206)
Information: The register 'dout_reg[8]' is a constant and will be removed. (OPT-1206)
Information: The register 'dout_reg[5]' is a constant and will be removed. (OPT-1206)
Information: The register 'dout_reg[4]' is a constant and will be removed. (OPT-1206)
Information: The register 'dout_reg[3]' is a constant and will be removed. (OPT-1206)
Information: The register 'dout_reg[2]' is a constant and will be removed. (OPT-1206)
Information: The register 'dout_reg[1]' is a constant and will be removed. (OPT-1206)
  Processing 'MINI_W_ROM_4x48__15'
Information: The register 'dout_reg[26]' is a constant and will be removed. (OPT-1206)
Information: The register 'dout_reg[24]' is a constant and will be removed. (OPT-1206)
Information: The register 'dout_reg[23]' is a constant and will be removed. (OPT-1206)
Information: The register 'dout_reg[22]' is a constant and will be removed. (OPT-1206)
Information: The register 'dout_reg[8]' is a constant and will be removed. (OPT-1206)
  Processing 'MINI_b_ROM_1x16_fc44'
Information: The register 'dout_reg[9]' is a constant and will be removed. (OPT-1206)
Information: The register 'dout_reg[8]' is a constant and will be removed. (OPT-1206)
Information: The register 'dout_reg[7]' is a constant and will be removed. (OPT-1206)
Information: The register 'dout_reg[5]' is a constant and will be removed. (OPT-1206)
Information: The register 'dout_reg[4]' is a constant and will be removed. (OPT-1206)
Information: The register 'dout_reg[3]' is a constant and will be removed. (OPT-1206)
Information: The register 'dout_reg[1]' is a constant and will be removed. (OPT-1206)
Information: The register 'dout_reg[0]' is a constant and will be removed. (OPT-1206)
  Processing 'MINI_W_ROM_4x48__14'
Information: The register 'dout_reg[36]' is a constant and will be removed. (OPT-1206)
Information: The register 'dout_reg[30]' is a constant and will be removed. (OPT-1206)
Information: The register 'dout_reg[20]' is a constant and will be removed. (OPT-1206)
Information: The register 'dout_reg[19]' is a constant and will be removed. (OPT-1206)
Information: The register 'dout_reg[16]' is a constant and will be removed. (OPT-1206)
Information: The register 'dout_reg[9]' is a constant and will be removed. (OPT-1206)
Information: The register 'dout_reg[8]' is a constant and will be removed. (OPT-1206)
Information: The register 'dout_reg[1]' is a constant and will be removed. (OPT-1206)
  Processing 'MINI_b_ROM_1x16_f567'
Information: The register 'dout_reg[11]' is a constant and will be removed. (OPT-1206)
Information: The register 'dout_reg[9]' is a constant and will be removed. (OPT-1206)
Information: The register 'dout_reg[7]' is a constant and will be removed. (OPT-1206)
Information: The register 'dout_reg[4]' is a constant and will be removed. (OPT-1206)
Information: The register 'dout_reg[3]' is a constant and will be removed. (OPT-1206)
  Processing 'MINI_W_ROM_4x48__13'
Information: The register 'dout_reg[34]' is a constant and will be removed. (OPT-1206)
Information: The register 'dout_reg[33]' is a constant and will be removed. (OPT-1206)
Information: The register 'dout_reg[26]' is a constant and will be removed. (OPT-1206)
Information: The register 'dout_reg[24]' is a constant and will be removed. (OPT-1206)
Information: The register 'dout_reg[19]' is a constant and will be removed. (OPT-1206)
Information: The register 'dout_reg[17]' is a constant and will be removed. (OPT-1206)
Information: The register 'dout_reg[16]' is a constant and will be removed. (OPT-1206)
Information: The register 'dout_reg[6]' is a constant and will be removed. (OPT-1206)
Information: The register 'dout_reg[5]' is a constant and will be removed. (OPT-1206)
Information: The register 'dout_reg[2]' is a constant and will be removed. (OPT-1206)
  Processing 'MINI_b_ROM_1x16_02d3'
Information: The register 'dout_reg[15]' is a constant and will be removed. (OPT-1206)
Information: The register 'dout_reg[14]' is a constant and will be removed. (OPT-1206)
Information: The register 'dout_reg[13]' is a constant and will be removed. (OPT-1206)
Information: The register 'dout_reg[12]' is a constant and will be removed. (OPT-1206)
Information: The register 'dout_reg[11]' is a constant and will be removed. (OPT-1206)
Information: The register 'dout_reg[10]' is a constant and will be removed. (OPT-1206)
Information: The register 'dout_reg[8]' is a constant and will be removed. (OPT-1206)
Information: The register 'dout_reg[5]' is a constant and will be removed. (OPT-1206)
Information: The register 'dout_reg[3]' is a constant and will be removed. (OPT-1206)
Information: The register 'dout_reg[2]' is a constant and will be removed. (OPT-1206)
  Processing 'MINI_W_ROM_4x48__12'
Information: The register 'dout_reg[41]' is a constant and will be removed. (OPT-1206)
Information: The register 'dout_reg[34]' is a constant and will be removed. (OPT-1206)
Information: The register 'dout_reg[26]' is a constant and will be removed. (OPT-1206)
Information: The register 'dout_reg[25]' is a constant and will be removed. (OPT-1206)
Information: The register 'dout_reg[16]' is a constant and will be removed. (OPT-1206)
  Processing 'MINI_b_ROM_1x16_0739'
Information: The register 'dout_reg[15]' is a constant and will be removed. (OPT-1206)
Information: The register 'dout_reg[14]' is a constant and will be removed. (OPT-1206)
Information: The register 'dout_reg[13]' is a constant and will be removed. (OPT-1206)
Information: The register 'dout_reg[12]' is a constant and will be removed. (OPT-1206)
Information: The register 'dout_reg[11]' is a constant and will be removed. (OPT-1206)
Information: The register 'dout_reg[7]' is a constant and will be removed. (OPT-1206)
Information: The register 'dout_reg[6]' is a constant and will be removed. (OPT-1206)
Information: The register 'dout_reg[2]' is a constant and will be removed. (OPT-1206)
Information: The register 'dout_reg[1]' is a constant and will be removed. (OPT-1206)
  Processing 'MINI_W_ROM_4x48__11'
Information: The register 'dout_reg[34]' is a constant and will be removed. (OPT-1206)
Information: The register 'dout_reg[30]' is a constant and will be removed. (OPT-1206)
Information: The register 'dout_reg[25]' is a constant and will be removed. (OPT-1206)
Information: The register 'dout_reg[21]' is a constant and will be removed. (OPT-1206)
Information: The register 'dout_reg[10]' is a constant and will be removed. (OPT-1206)
Information: The register 'dout_reg[9]' is a constant and will be removed. (OPT-1206)
  Processing 'MINI_b_ROM_1x16_f46f'
Information: The register 'dout_reg[11]' is a constant and will be removed. (OPT-1206)
Information: The register 'dout_reg[9]' is a constant and will be removed. (OPT-1206)
Information: The register 'dout_reg[8]' is a constant and will be removed. (OPT-1206)
Information: The register 'dout_reg[7]' is a constant and will be removed. (OPT-1206)
Information: The register 'dout_reg[4]' is a constant and will be removed. (OPT-1206)
  Processing 'MINI_W_ROM_4x48__10'
Information: The register 'dout_reg[41]' is a constant and will be removed. (OPT-1206)
Information: The register 'dout_reg[32]' is a constant and will be removed. (OPT-1206)
  Processing 'MINI_b_ROM_1x16_f110'
Information: The register 'dout_reg[11]' is a constant and will be removed. (OPT-1206)
Information: The register 'dout_reg[10]' is a constant and will be removed. (OPT-1206)
Information: The register 'dout_reg[9]' is a constant and will be removed. (OPT-1206)
Information: The register 'dout_reg[7]' is a constant and will be removed. (OPT-1206)
Information: The register 'dout_reg[6]' is a constant and will be removed. (OPT-1206)
Information: The register 'dout_reg[5]' is a constant and will be removed. (OPT-1206)
Information: The register 'dout_reg[3]' is a constant and will be removed. (OPT-1206)
Information: The register 'dout_reg[2]' is a constant and will be removed. (OPT-1206)
Information: The register 'dout_reg[1]' is a constant and will be removed. (OPT-1206)
Information: The register 'dout_reg[0]' is a constant and will be removed. (OPT-1206)
  Processing 'MINI_W_ROM_4x48__9'
Information: The register 'dout_reg[37]' is a constant and will be removed. (OPT-1206)
Information: The register 'dout_reg[36]' is a constant and will be removed. (OPT-1206)
Information: The register 'dout_reg[27]' is a constant and will be removed. (OPT-1206)
Information: The register 'dout_reg[24]' is a constant and will be removed. (OPT-1206)
Information: The register 'dout_reg[17]' is a constant and will be removed. (OPT-1206)
Information: The register 'dout_reg[3]' is a constant and will be removed. (OPT-1206)
  Processing 'MINI_b_ROM_1x16_ff32'
Information: The register 'dout_reg[7]' is a constant and will be removed. (OPT-1206)
Information: The register 'dout_reg[6]' is a constant and will be removed. (OPT-1206)
Information: The register 'dout_reg[3]' is a constant and will be removed. (OPT-1206)
Information: The register 'dout_reg[2]' is a constant and will be removed. (OPT-1206)
Information: The register 'dout_reg[0]' is a constant and will be removed. (OPT-1206)
  Processing 'MINI_W_ROM_4x48__8'
Information: The register 'dout_reg[40]' is a constant and will be removed. (OPT-1206)
Information: The register 'dout_reg[32]' is a constant and will be removed. (OPT-1206)
Information: The register 'dout_reg[15]' is a constant and will be removed. (OPT-1206)
Information: The register 'dout_reg[13]' is a constant and will be removed. (OPT-1206)
Information: The register 'dout_reg[12]' is a constant and will be removed. (OPT-1206)
Information: The register 'dout_reg[9]' is a constant and will be removed. (OPT-1206)
  Processing 'MINI_b_ROM_1x16_2362'
Information: The register 'dout_reg[15]' is a constant and will be removed. (OPT-1206)
Information: The register 'dout_reg[14]' is a constant and will be removed. (OPT-1206)
Information: The register 'dout_reg[12]' is a constant and will be removed. (OPT-1206)
Information: The register 'dout_reg[11]' is a constant and will be removed. (OPT-1206)
Information: The register 'dout_reg[10]' is a constant and will be removed. (OPT-1206)
Information: The register 'dout_reg[7]' is a constant and will be removed. (OPT-1206)
Information: The register 'dout_reg[4]' is a constant and will be removed. (OPT-1206)
Information: The register 'dout_reg[3]' is a constant and will be removed. (OPT-1206)
Information: The register 'dout_reg[2]' is a constant and will be removed. (OPT-1206)
Information: The register 'dout_reg[0]' is a constant and will be removed. (OPT-1206)
  Processing 'MINI_W_ROM_4x48__7'
Information: The register 'dout_reg[36]' is a constant and will be removed. (OPT-1206)
Information: The register 'dout_reg[19]' is a constant and will be removed. (OPT-1206)
  Processing 'MINI_b_ROM_1x16_e5bb'
Information: The register 'dout_reg[12]' is a constant and will be removed. (OPT-1206)
Information: The register 'dout_reg[11]' is a constant and will be removed. (OPT-1206)
Information: The register 'dout_reg[9]' is a constant and will be removed. (OPT-1206)
Information: The register 'dout_reg[6]' is a constant and will be removed. (OPT-1206)
Information: The register 'dout_reg[2]' is a constant and will be removed. (OPT-1206)
  Processing 'MINI_W_ROM_4x48__6'
Information: The register 'dout_reg[43]' is a constant and will be removed. (OPT-1206)
Information: The register 'dout_reg[31]' is a constant and will be removed. (OPT-1206)
Information: The register 'dout_reg[30]' is a constant and will be removed. (OPT-1206)
Information: The register 'dout_reg[29]' is a constant and will be removed. (OPT-1206)
Information: The register 'dout_reg[28]' is a constant and will be removed. (OPT-1206)
Information: The register 'dout_reg[10]' is a constant and will be removed. (OPT-1206)
Information: The register 'dout_reg[3]' is a constant and will be removed. (OPT-1206)
  Processing 'MINI_b_ROM_1x16_de72'
Information: The register 'dout_reg[13]' is a constant and will be removed. (OPT-1206)
Information: The register 'dout_reg[8]' is a constant and will be removed. (OPT-1206)
Information: The register 'dout_reg[7]' is a constant and will be removed. (OPT-1206)
Information: The register 'dout_reg[3]' is a constant and will be removed. (OPT-1206)
Information: The register 'dout_reg[2]' is a constant and will be removed. (OPT-1206)
Information: The register 'dout_reg[0]' is a constant and will be removed. (OPT-1206)
  Processing 'MINI_W_ROM_4x48__5'
Information: The register 'dout_reg[37]' is a constant and will be removed. (OPT-1206)
Information: The register 'dout_reg[5]' is a constant and will be removed. (OPT-1206)
Information: The register 'dout_reg[4]' is a constant and will be removed. (OPT-1206)
  Processing 'MINI_b_ROM_1x16_fbfb'
Information: The register 'dout_reg[10]' is a constant and will be removed. (OPT-1206)
Information: The register 'dout_reg[2]' is a constant and will be removed. (OPT-1206)
  Processing 'MINI_W_ROM_4x48__4'
Information: The register 'dout_reg[24]' is a constant and will be removed. (OPT-1206)
Information: The register 'dout_reg[15]' is a constant and will be removed. (OPT-1206)
Information: The register 'dout_reg[14]' is a constant and will be removed. (OPT-1206)
Information: The register 'dout_reg[13]' is a constant and will be removed. (OPT-1206)
Information: The register 'dout_reg[12]' is a constant and will be removed. (OPT-1206)
Information: The register 'dout_reg[10]' is a constant and will be removed. (OPT-1206)
Information: The register 'dout_reg[1]' is a constant and will be removed. (OPT-1206)
  Processing 'MINI_b_ROM_1x16_1a0c'
Information: The register 'dout_reg[15]' is a constant and will be removed. (OPT-1206)
Information: The register 'dout_reg[14]' is a constant and will be removed. (OPT-1206)
Information: The register 'dout_reg[13]' is a constant and will be removed. (OPT-1206)
Information: The register 'dout_reg[10]' is a constant and will be removed. (OPT-1206)
Information: The register 'dout_reg[8]' is a constant and will be removed. (OPT-1206)
Information: The register 'dout_reg[7]' is a constant and will be removed. (OPT-1206)
Information: The register 'dout_reg[6]' is a constant and will be removed. (OPT-1206)
Information: The register 'dout_reg[5]' is a constant and will be removed. (OPT-1206)
Information: The register 'dout_reg[4]' is a constant and will be removed. (OPT-1206)
Information: The register 'dout_reg[1]' is a constant and will be removed. (OPT-1206)
Information: The register 'dout_reg[0]' is a constant and will be removed. (OPT-1206)
  Processing 'MINI_W_ROM_4x48__3'
Information: The register 'dout_reg[15]' is a constant and will be removed. (OPT-1206)
Information: The register 'dout_reg[14]' is a constant and will be removed. (OPT-1206)
Information: The register 'dout_reg[13]' is a constant and will be removed. (OPT-1206)
Information: The register 'dout_reg[0]' is a constant and will be removed. (OPT-1206)
  Processing 'MINI_b_ROM_1x16_1dcc'
Information: The register 'dout_reg[15]' is a constant and will be removed. (OPT-1206)
Information: The register 'dout_reg[14]' is a constant and will be removed. (OPT-1206)
Information: The register 'dout_reg[13]' is a constant and will be removed. (OPT-1206)
Information: The register 'dout_reg[9]' is a constant and will be removed. (OPT-1206)
Information: The register 'dout_reg[5]' is a constant and will be removed. (OPT-1206)
Information: The register 'dout_reg[4]' is a constant and will be removed. (OPT-1206)
Information: The register 'dout_reg[1]' is a constant and will be removed. (OPT-1206)
Information: The register 'dout_reg[0]' is a constant and will be removed. (OPT-1206)
  Processing 'MINI_W_ROM_4x48__2'
Information: The register 'dout_reg[17]' is a constant and will be removed. (OPT-1206)
Information: The register 'dout_reg[6]' is a constant and will be removed. (OPT-1206)
  Processing 'MINI_b_ROM_1x16_1970'
Information: The register 'dout_reg[15]' is a constant and will be removed. (OPT-1206)
Information: The register 'dout_reg[14]' is a constant and will be removed. (OPT-1206)
Information: The register 'dout_reg[13]' is a constant and will be removed. (OPT-1206)
Information: The register 'dout_reg[10]' is a constant and will be removed. (OPT-1206)
Information: The register 'dout_reg[9]' is a constant and will be removed. (OPT-1206)
Information: The register 'dout_reg[7]' is a constant and will be removed. (OPT-1206)
Information: The register 'dout_reg[3]' is a constant and will be removed. (OPT-1206)
Information: The register 'dout_reg[2]' is a constant and will be removed. (OPT-1206)
Information: The register 'dout_reg[1]' is a constant and will be removed. (OPT-1206)
Information: The register 'dout_reg[0]' is a constant and will be removed. (OPT-1206)
  Processing 'MINI_W_ROM_4x48__1'
Information: The register 'dout_reg[38]' is a constant and will be removed. (OPT-1206)
Information: The register 'dout_reg[34]' is a constant and will be removed. (OPT-1206)
Information: The register 'dout_reg[32]' is a constant and will be removed. (OPT-1206)
Information: The register 'dout_reg[15]' is a constant and will be removed. (OPT-1206)
Information: The register 'dout_reg[13]' is a constant and will be removed. (OPT-1206)
Information: The register 'dout_reg[12]' is a constant and will be removed. (OPT-1206)
Information: The register 'dout_reg[11]' is a constant and will be removed. (OPT-1206)
Information: The register 'dout_reg[10]' is a constant and will be removed. (OPT-1206)
Information: The register 'dout_reg[9]' is a constant and will be removed. (OPT-1206)
Information: The register 'dout_reg[1]' is a constant and will be removed. (OPT-1206)
  Processing 'MINI_b_ROM_1x16_04f5'
Information: The register 'dout_reg[15]' is a constant and will be removed. (OPT-1206)
Information: The register 'dout_reg[14]' is a constant and will be removed. (OPT-1206)
Information: The register 'dout_reg[13]' is a constant and will be removed. (OPT-1206)
Information: The register 'dout_reg[12]' is a constant and will be removed. (OPT-1206)
Information: The register 'dout_reg[11]' is a constant and will be removed. (OPT-1206)
Information: The register 'dout_reg[9]' is a constant and will be removed. (OPT-1206)
Information: The register 'dout_reg[8]' is a constant and will be removed. (OPT-1206)
Information: The register 'dout_reg[3]' is a constant and will be removed. (OPT-1206)
Information: The register 'dout_reg[1]' is a constant and will be removed. (OPT-1206)
  Processing 'MINI_W_ROM_4x48_'
Information: The register 'dout_reg[43]' is a constant and will be removed. (OPT-1206)
Information: The register 'dout_reg[18]' is a constant and will be removed. (OPT-1206)
Information: The register 'dout_reg[15]' is a constant and will be removed. (OPT-1206)
Information: The register 'dout_reg[13]' is a constant and will be removed. (OPT-1206)
Information: The register 'dout_reg[10]' is a constant and will be removed. (OPT-1206)
Information: The register 'dout_reg[9]' is a constant and will be removed. (OPT-1206)
  Processing 'layer1_compute'
  Processing 'input_window_ctrl'
Information: The register 'fill_cnt_reg[2]' is a constant and will be removed. (OPT-1206)
  Processing 'Mux2x1_0'
  Processing 'neural_eq_top'

  Updating timing information
Information: Updating design information... (UID-85)

  Beginning Implementation Selection
  ----------------------------------
  Processing 'layer3_compute_DW01_cmp2_0'
  Processing 'layer3_compute_DW01_cmp2_1'
  Processing 'layer3_compute_DW01_add_0'
  Processing 'layer3_compute_DW01_cmp2_2'
  Processing 'layer3_compute_DW01_cmp2_3'
  Processing 'layer3_compute_DW01_add_1'
  Processing 'layer2_compute_DW01_cmp2_0'
  Processing 'layer2_compute_DW01_cmp2_1'
  Processing 'layer2_compute_DW01_cmp2_2'
  Processing 'layer2_compute_DW01_add_0'
  Processing 'layer2_compute_DW01_cmp2_3'
  Processing 'layer2_compute_DW01_cmp2_4'
  Processing 'layer2_compute_DW01_cmp2_5'
  Processing 'layer2_compute_DW01_add_1'
  Processing 'layer2_compute_DW01_cmp2_6'
  Processing 'layer2_compute_DW01_cmp2_7'
  Processing 'layer2_compute_DW01_cmp2_8'
  Processing 'layer2_compute_DW01_add_2'
  Processing 'layer2_compute_DW01_cmp2_9'
  Processing 'layer2_compute_DW01_cmp2_10'
  Processing 'layer2_compute_DW01_cmp2_11'
  Processing 'layer2_compute_DW01_add_3'
  Processing 'layer2_compute_DW01_cmp2_12'
  Processing 'layer2_compute_DW01_cmp2_13'
  Processing 'layer2_compute_DW01_cmp2_14'
  Processing 'layer2_compute_DW01_add_4'
  Processing 'layer2_compute_DW01_cmp2_15'
  Processing 'layer2_compute_DW01_cmp2_16'
  Processing 'layer2_compute_DW01_cmp2_17'
  Processing 'layer2_compute_DW01_add_5'
  Processing 'layer2_compute_DW01_cmp2_18'
  Processing 'layer2_compute_DW01_cmp2_19'
  Processing 'layer2_compute_DW01_cmp2_20'
  Processing 'layer2_compute_DW01_add_6'
  Processing 'layer2_compute_DW01_cmp2_21'
  Processing 'layer2_compute_DW01_cmp2_22'
  Processing 'layer2_compute_DW01_cmp2_23'
  Processing 'layer2_compute_DW01_add_7'
  Processing 'layer2_compute_DW01_cmp2_24'
  Processing 'layer2_compute_DW01_cmp2_25'
  Processing 'layer2_compute_DW01_cmp2_26'
  Processing 'layer2_compute_DW01_add_8'
  Processing 'layer2_compute_DW01_cmp2_27'
  Processing 'layer2_compute_DW01_cmp2_28'
  Processing 'layer2_compute_DW01_cmp2_29'
  Processing 'layer2_compute_DW01_add_9'
  Processing 'layer2_compute_DW01_cmp2_30'
  Processing 'layer2_compute_DW01_cmp2_31'
  Processing 'layer2_compute_DW01_cmp2_32'
  Processing 'layer2_compute_DW01_add_10'
  Processing 'layer2_compute_DW01_cmp2_33'
  Processing 'layer2_compute_DW01_cmp2_34'
  Processing 'layer2_compute_DW01_cmp2_35'
  Processing 'layer2_compute_DW01_add_11'
  Processing 'layer2_compute_DW01_cmp2_36'
  Processing 'layer2_compute_DW01_cmp2_37'
  Processing 'layer2_compute_DW01_cmp2_38'
  Processing 'layer2_compute_DW01_add_12'
  Processing 'layer2_compute_DW01_cmp2_39'
  Processing 'layer2_compute_DW01_cmp2_40'
  Processing 'layer2_compute_DW01_cmp2_41'
  Processing 'layer2_compute_DW01_add_13'
  Processing 'layer2_compute_DW01_cmp2_42'
  Processing 'layer2_compute_DW01_cmp2_43'
  Processing 'layer2_compute_DW01_cmp2_44'
  Processing 'layer2_compute_DW01_add_14'
  Processing 'layer2_compute_DW01_cmp2_45'
  Processing 'layer2_compute_DW01_cmp2_46'
  Processing 'layer2_compute_DW01_cmp2_47'
  Processing 'layer2_compute_DW01_add_15'
  Processing 'layer2_compute_DW01_cmp2_48'
  Processing 'layer2_compute_DW01_cmp2_49'
  Processing 'layer2_compute_DW01_cmp2_50'
  Processing 'layer2_compute_DW01_add_16'
  Processing 'layer2_compute_DW01_cmp2_51'
  Processing 'layer2_compute_DW01_cmp2_52'
  Processing 'layer2_compute_DW01_cmp2_53'
  Processing 'layer2_compute_DW01_add_17'
  Processing 'layer2_compute_DW01_cmp2_54'
  Processing 'layer2_compute_DW01_cmp2_55'
  Processing 'layer2_compute_DW01_cmp2_56'
  Processing 'layer2_compute_DW01_add_18'
  Processing 'layer2_compute_DW01_cmp2_57'
  Processing 'layer2_compute_DW01_cmp2_58'
  Processing 'layer2_compute_DW01_cmp2_59'
  Processing 'layer2_compute_DW01_add_19'
  Processing 'layer2_compute_DW01_cmp2_60'
  Processing 'layer2_compute_DW01_cmp2_61'
  Processing 'layer2_compute_DW01_cmp2_62'
  Processing 'layer2_compute_DW01_add_20'
  Processing 'layer2_compute_DW01_cmp2_63'
  Processing 'layer2_compute_DW01_cmp2_64'
  Processing 'layer2_compute_DW01_cmp2_65'
  Processing 'layer2_compute_DW01_add_21'
  Processing 'layer2_compute_DW01_cmp2_66'
  Processing 'layer2_compute_DW01_cmp2_67'
  Processing 'layer2_compute_DW01_cmp2_68'
  Processing 'layer2_compute_DW01_add_22'
  Processing 'layer2_compute_DW01_cmp2_69'
  Processing 'layer2_compute_DW01_cmp2_70'
  Processing 'layer2_compute_DW01_cmp2_71'
  Processing 'layer2_compute_DW01_add_23'
  Processing 'layer2_compute_DW01_cmp2_72'
  Processing 'layer2_compute_DW01_cmp2_73'
  Processing 'layer2_compute_DW01_cmp2_74'
  Processing 'layer2_compute_DW01_add_24'
  Processing 'layer2_compute_DW01_cmp2_75'
  Processing 'layer2_compute_DW01_cmp2_76'
  Processing 'layer2_compute_DW01_cmp2_77'
  Processing 'layer2_compute_DW01_add_25'
  Processing 'layer2_compute_DW01_cmp2_78'
  Processing 'layer2_compute_DW01_cmp2_79'
  Processing 'layer2_compute_DW01_cmp2_80'
  Processing 'layer2_compute_DW01_add_26'
  Processing 'layer2_compute_DW01_cmp2_81'
  Processing 'layer2_compute_DW01_cmp2_82'
  Processing 'layer2_compute_DW01_cmp2_83'
  Processing 'layer2_compute_DW01_add_27'
  Processing 'layer2_compute_DW01_cmp2_84'
  Processing 'layer2_compute_DW01_cmp2_85'
  Processing 'layer2_compute_DW01_cmp2_86'
  Processing 'layer2_compute_DW01_add_28'
  Processing 'layer2_compute_DW01_cmp2_87'
  Processing 'layer2_compute_DW01_cmp2_88'
  Processing 'layer2_compute_DW01_cmp2_89'
  Processing 'layer2_compute_DW01_add_29'
  Processing 'layer2_compute_DW01_cmp2_90'
  Processing 'layer2_compute_DW01_cmp2_91'
  Processing 'layer2_compute_DW01_cmp2_92'
  Processing 'layer2_compute_DW01_add_30'
  Processing 'layer2_compute_DW01_cmp2_93'
  Processing 'layer2_compute_DW01_cmp2_94'
  Processing 'layer2_compute_DW01_cmp2_95'
  Processing 'layer2_compute_DW01_add_31'
  Processing 'layer1_compute_DW01_cmp2_0'
  Processing 'layer1_compute_DW01_cmp2_1'
  Processing 'layer1_compute_DW01_cmp2_2'
  Processing 'layer1_compute_DW01_add_0'
  Processing 'layer1_compute_DW01_cmp2_3'
  Processing 'layer1_compute_DW01_cmp2_4'
  Processing 'layer1_compute_DW01_cmp2_5'
  Processing 'layer1_compute_DW01_add_1'
  Processing 'layer1_compute_DW01_cmp2_6'
  Processing 'layer1_compute_DW01_cmp2_7'
  Processing 'layer1_compute_DW01_cmp2_8'
  Processing 'layer1_compute_DW01_add_2'
  Processing 'layer1_compute_DW01_cmp2_9'
  Processing 'layer1_compute_DW01_cmp2_10'
  Processing 'layer1_compute_DW01_cmp2_11'
  Processing 'layer1_compute_DW01_add_3'
  Processing 'layer1_compute_DW01_cmp2_12'
  Processing 'layer1_compute_DW01_cmp2_13'
  Processing 'layer1_compute_DW01_cmp2_14'
  Processing 'layer1_compute_DW01_add_4'
  Processing 'layer1_compute_DW01_cmp2_15'
  Processing 'layer1_compute_DW01_cmp2_16'
  Processing 'layer1_compute_DW01_cmp2_17'
  Processing 'layer1_compute_DW01_add_5'
  Processing 'layer1_compute_DW01_cmp2_18'
  Processing 'layer1_compute_DW01_cmp2_19'
  Processing 'layer1_compute_DW01_cmp2_20'
  Processing 'layer1_compute_DW01_add_6'
  Processing 'layer1_compute_DW01_cmp2_21'
  Processing 'layer1_compute_DW01_cmp2_22'
  Processing 'layer1_compute_DW01_cmp2_23'
  Processing 'layer1_compute_DW01_add_7'
  Processing 'layer1_compute_DW01_cmp2_24'
  Processing 'layer1_compute_DW01_cmp2_25'
  Processing 'layer1_compute_DW01_cmp2_26'
  Processing 'layer1_compute_DW01_add_8'
  Processing 'layer1_compute_DW01_cmp2_27'
  Processing 'layer1_compute_DW01_cmp2_28'
  Processing 'layer1_compute_DW01_cmp2_29'
  Processing 'layer1_compute_DW01_add_9'
  Processing 'layer1_compute_DW01_cmp2_30'
  Processing 'layer1_compute_DW01_cmp2_31'
  Processing 'layer1_compute_DW01_cmp2_32'
  Processing 'layer1_compute_DW01_add_10'
  Processing 'layer1_compute_DW01_cmp2_33'
  Processing 'layer1_compute_DW01_cmp2_34'
  Processing 'layer1_compute_DW01_cmp2_35'
  Processing 'layer1_compute_DW01_add_11'
  Processing 'layer1_compute_DW01_cmp2_36'
  Processing 'layer1_compute_DW01_cmp2_37'
  Processing 'layer1_compute_DW01_cmp2_38'
  Processing 'layer1_compute_DW01_add_12'
  Processing 'layer1_compute_DW01_cmp2_39'
  Processing 'layer1_compute_DW01_cmp2_40'
  Processing 'layer1_compute_DW01_cmp2_41'
  Processing 'layer1_compute_DW01_add_13'
  Processing 'layer1_compute_DW01_cmp2_42'
  Processing 'layer1_compute_DW01_cmp2_43'
  Processing 'layer1_compute_DW01_cmp2_44'
  Processing 'layer1_compute_DW01_add_14'
  Processing 'layer1_compute_DW01_cmp2_45'
  Processing 'layer1_compute_DW01_cmp2_46'
  Processing 'layer1_compute_DW01_cmp2_47'
  Processing 'layer1_compute_DW01_add_15'
  Processing 'layer1_compute_DW01_cmp2_48'
  Processing 'layer1_compute_DW01_cmp2_49'
  Processing 'layer1_compute_DW01_cmp2_50'
  Processing 'layer1_compute_DW01_add_16'
  Processing 'layer1_compute_DW01_cmp2_51'
  Processing 'layer1_compute_DW01_cmp2_52'
  Processing 'layer1_compute_DW01_cmp2_53'
  Processing 'layer1_compute_DW01_add_17'
  Processing 'layer1_compute_DW01_cmp2_54'
  Processing 'layer1_compute_DW01_cmp2_55'
  Processing 'layer1_compute_DW01_cmp2_56'
  Processing 'layer1_compute_DW01_add_18'
  Processing 'layer1_compute_DW01_cmp2_57'
  Processing 'layer1_compute_DW01_cmp2_58'
  Processing 'layer1_compute_DW01_cmp2_59'
  Processing 'layer1_compute_DW01_add_19'
  Processing 'layer1_compute_DW01_cmp2_60'
  Processing 'layer1_compute_DW01_cmp2_61'
  Processing 'layer1_compute_DW01_cmp2_62'
  Processing 'layer1_compute_DW01_add_20'
  Processing 'layer1_compute_DW01_cmp2_63'
  Processing 'layer1_compute_DW01_cmp2_64'
  Processing 'layer1_compute_DW01_cmp2_65'
  Processing 'layer1_compute_DW01_add_21'
  Processing 'layer1_compute_DW01_cmp2_66'
  Processing 'layer1_compute_DW01_cmp2_67'
  Processing 'layer1_compute_DW01_cmp2_68'
  Processing 'layer1_compute_DW01_add_22'
  Processing 'layer1_compute_DW01_cmp2_69'
  Processing 'layer1_compute_DW01_cmp2_70'
  Processing 'layer1_compute_DW01_cmp2_71'
  Processing 'layer1_compute_DW01_add_23'
  Processing 'layer1_compute_DW01_cmp2_72'
  Processing 'layer1_compute_DW01_cmp2_73'
  Processing 'layer1_compute_DW01_cmp2_74'
  Processing 'layer1_compute_DW01_add_24'
  Processing 'layer1_compute_DW01_cmp2_75'
  Processing 'layer1_compute_DW01_cmp2_76'
  Processing 'layer1_compute_DW01_cmp2_77'
  Processing 'layer1_compute_DW01_add_25'
  Processing 'layer1_compute_DW01_cmp2_78'
  Processing 'layer1_compute_DW01_cmp2_79'
  Processing 'layer1_compute_DW01_cmp2_80'
  Processing 'layer1_compute_DW01_add_26'
  Processing 'layer1_compute_DW01_cmp2_81'
  Processing 'layer1_compute_DW01_cmp2_82'
  Processing 'layer1_compute_DW01_cmp2_83'
  Processing 'layer1_compute_DW01_add_27'
  Processing 'layer1_compute_DW01_cmp2_84'
  Processing 'layer1_compute_DW01_cmp2_85'
  Processing 'layer1_compute_DW01_cmp2_86'
  Processing 'layer1_compute_DW01_add_28'
  Processing 'layer1_compute_DW01_cmp2_87'
  Processing 'layer1_compute_DW01_cmp2_88'
  Processing 'layer1_compute_DW01_cmp2_89'
  Processing 'layer1_compute_DW01_add_29'
  Processing 'layer1_compute_DW01_cmp2_90'
  Processing 'layer1_compute_DW01_cmp2_91'
  Processing 'layer1_compute_DW01_cmp2_92'
  Processing 'layer1_compute_DW01_add_30'
  Processing 'layer1_compute_DW01_cmp2_93'
  Processing 'layer1_compute_DW01_cmp2_94'
  Processing 'layer1_compute_DW01_cmp2_95'
  Processing 'layer1_compute_DW01_add_31'
  Processing 'input_window_ctrl_DW01_inc_0'
  Processing 'input_window_ctrl_DW01_cmp2_0'
  Processing 'DW01_inc_width3'
  Processing 'DW02_mult_A_width3_B_width1'
  Processing 'DW01_inc_width3'
  Processing 'DW02_mult_A_width3_B_width1'
  Processing 'layer2_compute_DW01_add_32'
  Processing 'layer2_compute_DW01_add_33'
  Processing 'layer2_compute_DW01_add_34'
  Processing 'layer2_compute_DW01_add_35'
  Processing 'layer2_compute_DW01_add_36'
  Processing 'layer2_compute_DW01_add_37'
  Processing 'layer2_compute_DW02_mult_0'
  Processing 'layer2_compute_DW01_add_38'
  Processing 'layer2_compute_DW02_mult_1'
  Processing 'layer2_compute_DW01_add_39'
  Processing 'layer2_compute_DW02_mult_2'
  Processing 'layer2_compute_DW01_add_40'
  Processing 'layer2_compute_DW02_mult_3'
  Processing 'layer2_compute_DW01_add_41'
  Processing 'layer2_compute_DW02_mult_4'
  Processing 'layer2_compute_DW01_add_42'
  Processing 'layer2_compute_DW02_mult_5'
  Processing 'layer2_compute_DW01_add_43'
  Processing 'layer2_compute_DW01_add_44'
  Processing 'layer2_compute_DW01_add_45'
  Processing 'layer2_compute_DW01_add_46'
  Processing 'layer2_compute_DW01_add_47'
  Processing 'layer2_compute_DW01_add_48'
  Processing 'layer2_compute_DW01_add_49'
  Processing 'layer2_compute_DW02_mult_6'
  Processing 'layer2_compute_DW01_add_50'
  Processing 'layer2_compute_DW02_mult_7'
  Processing 'layer2_compute_DW01_add_51'
  Processing 'layer2_compute_DW02_mult_8'
  Processing 'layer2_compute_DW01_add_52'
  Processing 'layer2_compute_DW02_mult_9'
  Processing 'layer2_compute_DW01_add_53'
  Processing 'layer2_compute_DW02_mult_10'
  Processing 'layer2_compute_DW01_add_54'
  Processing 'layer2_compute_DW02_mult_11'
  Processing 'layer2_compute_DW01_add_55'
  Processing 'layer2_compute_DW01_add_56'
  Processing 'layer2_compute_DW01_add_57'
  Processing 'layer2_compute_DW01_add_58'
  Processing 'layer2_compute_DW01_add_59'
  Processing 'layer2_compute_DW01_add_60'
  Processing 'layer2_compute_DW01_add_61'
  Processing 'layer2_compute_DW02_mult_12'
  Processing 'layer2_compute_DW01_add_62'
  Processing 'layer2_compute_DW02_mult_13'
  Processing 'layer2_compute_DW01_add_63'
  Processing 'layer2_compute_DW02_mult_14'
  Processing 'layer2_compute_DW01_add_64'
  Processing 'layer2_compute_DW02_mult_15'
  Processing 'layer2_compute_DW01_add_65'
  Processing 'layer2_compute_DW02_mult_16'
  Processing 'layer2_compute_DW01_add_66'
  Processing 'layer2_compute_DW02_mult_17'
  Processing 'layer2_compute_DW01_add_67'
  Processing 'layer2_compute_DW01_add_68'
  Processing 'layer2_compute_DW01_add_69'
  Processing 'layer2_compute_DW01_add_70'
  Processing 'layer2_compute_DW01_add_71'
  Processing 'layer2_compute_DW01_add_72'
  Processing 'layer2_compute_DW01_add_73'
  Processing 'layer2_compute_DW02_mult_18'
  Processing 'layer2_compute_DW01_add_74'
  Processing 'layer2_compute_DW02_mult_19'
  Processing 'layer2_compute_DW01_add_75'
  Processing 'layer2_compute_DW02_mult_20'
  Processing 'layer2_compute_DW01_add_76'
  Processing 'layer2_compute_DW02_mult_21'
  Processing 'layer2_compute_DW01_add_77'
  Processing 'layer2_compute_DW02_mult_22'
  Processing 'layer2_compute_DW01_add_78'
  Processing 'layer2_compute_DW02_mult_23'
  Processing 'layer2_compute_DW01_add_79'
  Processing 'layer2_compute_DW01_add_80'
  Processing 'layer2_compute_DW01_add_81'
  Processing 'layer2_compute_DW01_add_82'
  Processing 'layer2_compute_DW01_add_83'
  Processing 'layer2_compute_DW01_add_84'
  Processing 'layer2_compute_DW01_add_85'
  Processing 'layer2_compute_DW02_mult_24'
  Processing 'layer2_compute_DW01_add_86'
  Processing 'layer2_compute_DW02_mult_25'
  Processing 'layer2_compute_DW01_add_87'
  Processing 'layer2_compute_DW02_mult_26'
  Processing 'layer2_compute_DW01_add_88'
  Processing 'layer2_compute_DW02_mult_27'
  Processing 'layer2_compute_DW01_add_89'
  Processing 'layer2_compute_DW02_mult_28'
  Processing 'layer2_compute_DW01_add_90'
  Processing 'layer2_compute_DW02_mult_29'
  Processing 'layer2_compute_DW01_add_91'
  Processing 'layer2_compute_DW01_add_92'
  Processing 'layer2_compute_DW01_add_93'
  Processing 'layer2_compute_DW01_add_94'
  Processing 'layer2_compute_DW01_add_95'
  Processing 'layer2_compute_DW01_add_96'
  Processing 'layer2_compute_DW01_add_97'
  Processing 'layer2_compute_DW02_mult_30'
  Processing 'layer2_compute_DW01_add_98'
  Processing 'layer2_compute_DW02_mult_31'
  Processing 'layer2_compute_DW01_add_99'
  Processing 'layer2_compute_DW02_mult_32'
  Processing 'layer2_compute_DW01_add_100'
  Processing 'layer2_compute_DW02_mult_33'
  Processing 'layer2_compute_DW01_add_101'
  Processing 'layer2_compute_DW02_mult_34'
  Processing 'layer2_compute_DW01_add_102'
  Processing 'layer2_compute_DW02_mult_35'
  Processing 'layer2_compute_DW01_add_103'
  Processing 'layer2_compute_DW01_add_104'
  Processing 'layer2_compute_DW01_add_105'
  Processing 'layer2_compute_DW01_add_106'
  Processing 'layer2_compute_DW01_add_107'
  Processing 'layer2_compute_DW01_add_108'
  Processing 'layer2_compute_DW01_add_109'
  Processing 'layer2_compute_DW02_mult_36'
  Processing 'layer2_compute_DW01_add_110'
  Processing 'layer2_compute_DW02_mult_37'
  Processing 'layer2_compute_DW01_add_111'
  Processing 'layer2_compute_DW02_mult_38'
  Processing 'layer2_compute_DW01_add_112'
  Processing 'layer2_compute_DW02_mult_39'
  Processing 'layer2_compute_DW01_add_113'
  Processing 'layer2_compute_DW02_mult_40'
  Processing 'layer2_compute_DW01_add_114'
  Processing 'layer2_compute_DW02_mult_41'
  Processing 'layer2_compute_DW01_add_115'
  Processing 'layer2_compute_DW01_add_116'
  Processing 'layer2_compute_DW01_add_117'
  Processing 'layer2_compute_DW01_add_118'
  Processing 'layer2_compute_DW01_add_119'
  Processing 'layer2_compute_DW01_add_120'
  Processing 'layer2_compute_DW01_add_121'
  Processing 'layer2_compute_DW02_mult_42'
  Processing 'layer2_compute_DW01_add_122'
  Processing 'layer2_compute_DW02_mult_43'
  Processing 'layer2_compute_DW01_add_123'
  Processing 'layer2_compute_DW02_mult_44'
  Processing 'layer2_compute_DW01_add_124'
  Processing 'layer2_compute_DW02_mult_45'
  Processing 'layer2_compute_DW01_add_125'
  Processing 'layer2_compute_DW02_mult_46'
  Processing 'layer2_compute_DW01_add_126'
  Processing 'layer2_compute_DW02_mult_47'
  Processing 'layer2_compute_DW01_add_127'
  Processing 'layer2_compute_DW01_add_128'
  Processing 'layer2_compute_DW01_add_129'
  Processing 'layer2_compute_DW01_add_130'
  Processing 'layer2_compute_DW01_add_131'
  Processing 'layer2_compute_DW01_add_132'
  Processing 'layer2_compute_DW01_add_133'
  Processing 'layer2_compute_DW02_mult_48'
  Processing 'layer2_compute_DW01_add_134'
  Processing 'layer2_compute_DW02_mult_49'
  Processing 'layer2_compute_DW01_add_135'
  Processing 'layer2_compute_DW02_mult_50'
  Processing 'layer2_compute_DW01_add_136'
  Processing 'layer2_compute_DW02_mult_51'
  Processing 'layer2_compute_DW01_add_137'
  Processing 'layer2_compute_DW02_mult_52'
  Processing 'layer2_compute_DW01_add_138'
  Processing 'layer2_compute_DW02_mult_53'
  Processing 'layer2_compute_DW01_add_139'
  Processing 'layer2_compute_DW01_add_140'
  Processing 'layer2_compute_DW01_add_141'
  Processing 'layer2_compute_DW01_add_142'
  Processing 'layer2_compute_DW01_add_143'
  Processing 'layer2_compute_DW01_add_144'
  Processing 'layer2_compute_DW01_add_145'
  Processing 'layer2_compute_DW02_mult_54'
  Processing 'layer2_compute_DW01_add_146'
  Processing 'layer2_compute_DW02_mult_55'
  Processing 'layer2_compute_DW01_add_147'
  Processing 'layer2_compute_DW02_mult_56'
  Processing 'layer2_compute_DW01_add_148'
  Processing 'layer2_compute_DW02_mult_57'
  Processing 'layer2_compute_DW01_add_149'
  Processing 'layer2_compute_DW02_mult_58'
  Processing 'layer2_compute_DW01_add_150'
  Processing 'layer2_compute_DW02_mult_59'
  Processing 'layer2_compute_DW01_add_151'
  Processing 'layer2_compute_DW01_add_152'
  Processing 'layer2_compute_DW01_add_153'
  Processing 'layer2_compute_DW01_add_154'
  Processing 'layer2_compute_DW01_add_155'
  Processing 'layer2_compute_DW01_add_156'
  Processing 'layer2_compute_DW01_add_157'
  Processing 'layer2_compute_DW02_mult_60'
  Processing 'layer2_compute_DW01_add_158'
  Processing 'layer2_compute_DW02_mult_61'
  Processing 'layer2_compute_DW01_add_159'
  Processing 'layer2_compute_DW02_mult_62'
  Processing 'layer2_compute_DW01_add_160'
  Processing 'layer2_compute_DW02_mult_63'
  Processing 'layer2_compute_DW01_add_161'
  Processing 'layer2_compute_DW02_mult_64'
  Processing 'layer2_compute_DW01_add_162'
  Processing 'layer2_compute_DW02_mult_65'
  Processing 'layer2_compute_DW01_add_163'
  Processing 'layer2_compute_DW01_add_164'
  Processing 'layer2_compute_DW01_add_165'
  Processing 'layer2_compute_DW01_add_166'
  Processing 'layer2_compute_DW01_add_167'
  Processing 'layer2_compute_DW01_add_168'
  Processing 'layer2_compute_DW01_add_169'
  Processing 'layer2_compute_DW02_mult_66'
  Processing 'layer2_compute_DW01_add_170'
  Processing 'layer2_compute_DW02_mult_67'
  Processing 'layer2_compute_DW01_add_171'
  Processing 'layer2_compute_DW02_mult_68'
  Processing 'layer2_compute_DW01_add_172'
  Processing 'layer2_compute_DW02_mult_69'
  Processing 'layer2_compute_DW01_add_173'
  Processing 'layer2_compute_DW02_mult_70'
  Processing 'layer2_compute_DW01_add_174'
  Processing 'layer2_compute_DW02_mult_71'
  Processing 'layer2_compute_DW01_add_175'
  Processing 'layer2_compute_DW01_add_176'
  Processing 'layer2_compute_DW01_add_177'
  Processing 'layer2_compute_DW01_add_178'
  Processing 'layer2_compute_DW01_add_179'
  Processing 'layer2_compute_DW01_add_180'
  Processing 'layer2_compute_DW01_add_181'
  Processing 'layer2_compute_DW02_mult_72'
  Processing 'layer2_compute_DW01_add_182'
  Processing 'layer2_compute_DW02_mult_73'
  Processing 'layer2_compute_DW01_add_183'
  Processing 'layer2_compute_DW02_mult_74'
  Processing 'layer2_compute_DW01_add_184'
  Processing 'layer2_compute_DW02_mult_75'
  Processing 'layer2_compute_DW01_add_185'
  Processing 'layer2_compute_DW02_mult_76'
  Processing 'layer2_compute_DW01_add_186'
  Processing 'layer2_compute_DW02_mult_77'
  Processing 'layer2_compute_DW01_add_187'
  Processing 'layer2_compute_DW01_add_188'
  Processing 'layer2_compute_DW01_add_189'
  Processing 'layer2_compute_DW01_add_190'
  Processing 'layer2_compute_DW01_add_191'
  Processing 'layer2_compute_DW01_add_192'
  Processing 'layer2_compute_DW01_add_193'
  Processing 'layer2_compute_DW02_mult_78'
  Processing 'layer2_compute_DW01_add_194'
  Processing 'layer2_compute_DW02_mult_79'
  Processing 'layer2_compute_DW01_add_195'
  Processing 'layer2_compute_DW02_mult_80'
  Processing 'layer2_compute_DW01_add_196'
  Processing 'layer2_compute_DW02_mult_81'
  Processing 'layer2_compute_DW01_add_197'
  Processing 'layer2_compute_DW02_mult_82'
  Processing 'layer2_compute_DW01_add_198'
  Processing 'layer2_compute_DW02_mult_83'
  Processing 'layer2_compute_DW01_add_199'
  Processing 'layer2_compute_DW01_add_200'
  Processing 'layer2_compute_DW01_add_201'
  Processing 'layer2_compute_DW01_add_202'
  Processing 'layer2_compute_DW01_add_203'
  Processing 'layer2_compute_DW01_add_204'
  Processing 'layer2_compute_DW01_add_205'
  Processing 'layer2_compute_DW02_mult_84'
  Processing 'layer2_compute_DW01_add_206'
  Processing 'layer2_compute_DW02_mult_85'
  Processing 'layer2_compute_DW01_add_207'
  Processing 'layer2_compute_DW02_mult_86'
  Processing 'layer2_compute_DW01_add_208'
  Processing 'layer2_compute_DW02_mult_87'
  Processing 'layer2_compute_DW01_add_209'
  Processing 'layer2_compute_DW02_mult_88'
  Processing 'layer2_compute_DW01_add_210'
  Processing 'layer2_compute_DW02_mult_89'
  Processing 'layer2_compute_DW01_add_211'
  Processing 'layer2_compute_DW01_add_212'
  Processing 'layer2_compute_DW01_add_213'
  Processing 'layer2_compute_DW01_add_214'
  Processing 'layer2_compute_DW01_add_215'
  Processing 'layer2_compute_DW01_add_216'
  Processing 'layer2_compute_DW01_add_217'
  Processing 'layer2_compute_DW02_mult_90'
  Processing 'layer2_compute_DW01_add_218'
  Processing 'layer2_compute_DW02_mult_91'
  Processing 'layer2_compute_DW01_add_219'
  Processing 'layer2_compute_DW02_mult_92'
  Processing 'layer2_compute_DW01_add_220'
  Processing 'layer2_compute_DW02_mult_93'
  Processing 'layer2_compute_DW01_add_221'
  Processing 'layer2_compute_DW02_mult_94'
  Processing 'layer2_compute_DW01_add_222'
  Processing 'layer2_compute_DW02_mult_95'
  Processing 'layer2_compute_DW01_add_223'
  Processing 'layer2_compute_DW01_add_224'
  Processing 'layer2_compute_DW01_add_225'
  Processing 'layer2_compute_DW01_add_226'
  Processing 'layer2_compute_DW01_add_227'
  Processing 'layer2_compute_DW01_add_228'
  Processing 'layer2_compute_DW01_add_229'
  Processing 'layer2_compute_DW02_mult_96'
  Processing 'layer2_compute_DW01_add_230'
  Processing 'layer2_compute_DW02_mult_97'
  Processing 'layer2_compute_DW01_add_231'
  Processing 'layer2_compute_DW02_mult_98'
  Processing 'layer2_compute_DW01_add_232'
  Processing 'layer2_compute_DW02_mult_99'
  Processing 'layer2_compute_DW01_add_233'
  Processing 'layer2_compute_DW02_mult_100'
  Processing 'layer2_compute_DW01_add_234'
  Processing 'layer2_compute_DW02_mult_101'
  Processing 'layer2_compute_DW01_add_235'
  Processing 'layer2_compute_DW01_add_236'
  Processing 'layer2_compute_DW01_add_237'
  Processing 'layer2_compute_DW01_add_238'
  Processing 'layer2_compute_DW01_add_239'
  Processing 'layer2_compute_DW01_add_240'
  Processing 'layer2_compute_DW01_add_241'
  Processing 'layer2_compute_DW02_mult_102'
  Processing 'layer2_compute_DW01_add_242'
  Processing 'layer2_compute_DW02_mult_103'
  Processing 'layer2_compute_DW01_add_243'
  Processing 'layer2_compute_DW02_mult_104'
  Processing 'layer2_compute_DW01_add_244'
  Processing 'layer2_compute_DW02_mult_105'
  Processing 'layer2_compute_DW01_add_245'
  Processing 'layer2_compute_DW02_mult_106'
  Processing 'layer2_compute_DW01_add_246'
  Processing 'layer2_compute_DW02_mult_107'
  Processing 'layer2_compute_DW01_add_247'
  Processing 'layer2_compute_DW01_add_248'
  Processing 'layer2_compute_DW01_add_249'
  Processing 'layer2_compute_DW01_add_250'
  Processing 'layer2_compute_DW01_add_251'
  Processing 'layer2_compute_DW01_add_252'
  Processing 'layer2_compute_DW01_add_253'
  Processing 'layer2_compute_DW02_mult_108'
  Processing 'layer2_compute_DW01_add_254'
  Processing 'layer2_compute_DW02_mult_109'
  Processing 'layer2_compute_DW01_add_255'
  Processing 'layer2_compute_DW02_mult_110'
  Processing 'layer2_compute_DW01_add_256'
  Processing 'layer2_compute_DW02_mult_111'
  Processing 'layer2_compute_DW01_add_257'
  Processing 'layer2_compute_DW02_mult_112'
  Processing 'layer2_compute_DW01_add_258'
  Processing 'layer2_compute_DW02_mult_113'
  Processing 'layer2_compute_DW01_add_259'
  Processing 'layer2_compute_DW01_add_260'
  Processing 'layer2_compute_DW01_add_261'
  Processing 'layer2_compute_DW01_add_262'
  Processing 'layer2_compute_DW01_add_263'
  Processing 'layer2_compute_DW01_add_264'
  Processing 'layer2_compute_DW01_add_265'
  Processing 'layer2_compute_DW02_mult_114'
  Processing 'layer2_compute_DW01_add_266'
  Processing 'layer2_compute_DW02_mult_115'
  Processing 'layer2_compute_DW01_add_267'
  Processing 'layer2_compute_DW02_mult_116'
  Processing 'layer2_compute_DW01_add_268'
  Processing 'layer2_compute_DW02_mult_117'
  Processing 'layer2_compute_DW01_add_269'
  Processing 'layer2_compute_DW02_mult_118'
  Processing 'layer2_compute_DW01_add_270'
  Processing 'layer2_compute_DW02_mult_119'
  Processing 'layer2_compute_DW01_add_271'
  Processing 'layer2_compute_DW01_add_272'
  Processing 'layer2_compute_DW01_add_273'
  Processing 'layer2_compute_DW01_add_274'
  Processing 'layer2_compute_DW01_add_275'
  Processing 'layer2_compute_DW01_add_276'
  Processing 'layer2_compute_DW01_add_277'
  Processing 'layer2_compute_DW02_mult_120'
  Processing 'layer2_compute_DW01_add_278'
  Processing 'layer2_compute_DW02_mult_121'
  Processing 'layer2_compute_DW01_add_279'
  Processing 'layer2_compute_DW02_mult_122'
  Processing 'layer2_compute_DW01_add_280'
  Processing 'layer2_compute_DW02_mult_123'
  Processing 'layer2_compute_DW01_add_281'
  Processing 'layer2_compute_DW02_mult_124'
  Processing 'layer2_compute_DW01_add_282'
  Processing 'layer2_compute_DW02_mult_125'
  Processing 'layer2_compute_DW01_add_283'
  Processing 'layer2_compute_DW01_add_284'
  Processing 'layer2_compute_DW01_add_285'
  Processing 'layer2_compute_DW01_add_286'
  Processing 'layer2_compute_DW01_add_287'
  Processing 'layer2_compute_DW01_add_288'
  Processing 'layer2_compute_DW01_add_289'
  Processing 'layer2_compute_DW02_mult_126'
  Processing 'layer2_compute_DW01_add_290'
  Processing 'layer2_compute_DW02_mult_127'
  Processing 'layer2_compute_DW01_add_291'
  Processing 'layer2_compute_DW02_mult_128'
  Processing 'layer2_compute_DW01_add_292'
  Processing 'layer2_compute_DW02_mult_129'
  Processing 'layer2_compute_DW01_add_293'
  Processing 'layer2_compute_DW02_mult_130'
  Processing 'layer2_compute_DW01_add_294'
  Processing 'layer2_compute_DW02_mult_131'
  Processing 'layer2_compute_DW01_add_295'
  Processing 'layer2_compute_DW01_add_296'
  Processing 'layer2_compute_DW01_add_297'
  Processing 'layer2_compute_DW01_add_298'
  Processing 'layer2_compute_DW01_add_299'
  Processing 'layer2_compute_DW01_add_300'
  Processing 'layer2_compute_DW01_add_301'
  Processing 'layer2_compute_DW02_mult_132'
  Processing 'layer2_compute_DW01_add_302'
  Processing 'layer2_compute_DW02_mult_133'
  Processing 'layer2_compute_DW01_add_303'
  Processing 'layer2_compute_DW02_mult_134'
  Processing 'layer2_compute_DW01_add_304'
  Processing 'layer2_compute_DW02_mult_135'
  Processing 'layer2_compute_DW01_add_305'
  Processing 'layer2_compute_DW02_mult_136'
  Processing 'layer2_compute_DW01_add_306'
  Processing 'layer2_compute_DW02_mult_137'
  Processing 'layer2_compute_DW01_add_307'
  Processing 'layer2_compute_DW01_add_308'
  Processing 'layer2_compute_DW01_add_309'
  Processing 'layer2_compute_DW01_add_310'
  Processing 'layer2_compute_DW01_add_311'
  Processing 'layer2_compute_DW01_add_312'
  Processing 'layer2_compute_DW01_add_313'
  Processing 'layer2_compute_DW02_mult_138'
  Processing 'layer2_compute_DW01_add_314'
  Processing 'layer2_compute_DW02_mult_139'
  Processing 'layer2_compute_DW01_add_315'
  Processing 'layer2_compute_DW02_mult_140'
  Processing 'layer2_compute_DW01_add_316'
  Processing 'layer2_compute_DW02_mult_141'
  Processing 'layer2_compute_DW01_add_317'
  Processing 'layer2_compute_DW02_mult_142'
  Processing 'layer2_compute_DW01_add_318'
  Processing 'layer2_compute_DW02_mult_143'
  Processing 'layer2_compute_DW01_add_319'
  Processing 'layer2_compute_DW01_add_320'
  Processing 'layer2_compute_DW01_add_321'
  Processing 'layer2_compute_DW01_add_322'
  Processing 'layer2_compute_DW01_add_323'
  Processing 'layer2_compute_DW01_add_324'
  Processing 'layer2_compute_DW01_add_325'
  Processing 'layer2_compute_DW02_mult_144'
  Processing 'layer2_compute_DW01_add_326'
  Processing 'layer2_compute_DW02_mult_145'
  Processing 'layer2_compute_DW01_add_327'
  Processing 'layer2_compute_DW02_mult_146'
  Processing 'layer2_compute_DW01_add_328'
  Processing 'layer2_compute_DW02_mult_147'
  Processing 'layer2_compute_DW01_add_329'
  Processing 'layer2_compute_DW02_mult_148'
  Processing 'layer2_compute_DW01_add_330'
  Processing 'layer2_compute_DW02_mult_149'
  Processing 'layer2_compute_DW01_add_331'
  Processing 'layer2_compute_DW01_add_332'
  Processing 'layer2_compute_DW01_add_333'
  Processing 'layer2_compute_DW01_add_334'
  Processing 'layer2_compute_DW01_add_335'
  Processing 'layer2_compute_DW01_add_336'
  Processing 'layer2_compute_DW01_add_337'
  Processing 'layer2_compute_DW02_mult_150'
  Processing 'layer2_compute_DW01_add_338'
  Processing 'layer2_compute_DW02_mult_151'
  Processing 'layer2_compute_DW01_add_339'
  Processing 'layer2_compute_DW02_mult_152'
  Processing 'layer2_compute_DW01_add_340'
  Processing 'layer2_compute_DW02_mult_153'
  Processing 'layer2_compute_DW01_add_341'
  Processing 'layer2_compute_DW02_mult_154'
  Processing 'layer2_compute_DW01_add_342'
  Processing 'layer2_compute_DW02_mult_155'
  Processing 'layer2_compute_DW01_add_343'
  Processing 'layer2_compute_DW01_add_344'
  Processing 'layer2_compute_DW01_add_345'
  Processing 'layer2_compute_DW01_add_346'
  Processing 'layer2_compute_DW01_add_347'
  Processing 'layer2_compute_DW01_add_348'
  Processing 'layer2_compute_DW01_add_349'
  Processing 'layer2_compute_DW02_mult_156'
  Processing 'layer2_compute_DW01_add_350'
  Processing 'layer2_compute_DW02_mult_157'
  Processing 'layer2_compute_DW01_add_351'
  Processing 'layer2_compute_DW02_mult_158'
  Processing 'layer2_compute_DW01_add_352'
  Processing 'layer2_compute_DW02_mult_159'
  Processing 'layer2_compute_DW01_add_353'
  Processing 'layer2_compute_DW02_mult_160'
  Processing 'layer2_compute_DW01_add_354'
  Processing 'layer2_compute_DW02_mult_161'
  Processing 'layer2_compute_DW01_add_355'
  Processing 'layer2_compute_DW01_add_356'
  Processing 'layer2_compute_DW01_add_357'
  Processing 'layer2_compute_DW01_add_358'
  Processing 'layer2_compute_DW01_add_359'
  Processing 'layer2_compute_DW01_add_360'
  Processing 'layer2_compute_DW01_add_361'
  Processing 'layer2_compute_DW02_mult_162'
  Processing 'layer2_compute_DW01_add_362'
  Processing 'layer2_compute_DW02_mult_163'
  Processing 'layer2_compute_DW01_add_363'
  Processing 'layer2_compute_DW02_mult_164'
  Processing 'layer2_compute_DW01_add_364'
  Processing 'layer2_compute_DW02_mult_165'
  Processing 'layer2_compute_DW01_add_365'
  Processing 'layer2_compute_DW02_mult_166'
  Processing 'layer2_compute_DW01_add_366'
  Processing 'layer2_compute_DW02_mult_167'
  Processing 'layer2_compute_DW01_add_367'
  Processing 'layer2_compute_DW01_add_368'
  Processing 'layer2_compute_DW01_add_369'
  Processing 'layer2_compute_DW01_add_370'
  Processing 'layer2_compute_DW01_add_371'
  Processing 'layer2_compute_DW01_add_372'
  Processing 'layer2_compute_DW01_add_373'
  Processing 'layer2_compute_DW02_mult_168'
  Processing 'layer2_compute_DW01_add_374'
  Processing 'layer2_compute_DW02_mult_169'
  Processing 'layer2_compute_DW01_add_375'
  Processing 'layer2_compute_DW02_mult_170'
  Processing 'layer2_compute_DW01_add_376'
  Processing 'layer2_compute_DW02_mult_171'
  Processing 'layer2_compute_DW01_add_377'
  Processing 'layer2_compute_DW02_mult_172'
  Processing 'layer2_compute_DW01_add_378'
  Processing 'layer2_compute_DW02_mult_173'
  Processing 'layer2_compute_DW01_add_379'
  Processing 'layer2_compute_DW01_add_380'
  Processing 'layer2_compute_DW01_add_381'
  Processing 'layer2_compute_DW01_add_382'
  Processing 'layer2_compute_DW01_add_383'
  Processing 'layer2_compute_DW01_add_384'
  Processing 'layer2_compute_DW01_add_385'
  Processing 'layer2_compute_DW02_mult_174'
  Processing 'layer2_compute_DW01_add_386'
  Processing 'layer2_compute_DW02_mult_175'
  Processing 'layer2_compute_DW01_add_387'
  Processing 'layer2_compute_DW02_mult_176'
  Processing 'layer2_compute_DW01_add_388'
  Processing 'layer2_compute_DW02_mult_177'
  Processing 'layer2_compute_DW01_add_389'
  Processing 'layer2_compute_DW02_mult_178'
  Processing 'layer2_compute_DW01_add_390'
  Processing 'layer2_compute_DW02_mult_179'
  Processing 'layer2_compute_DW01_add_391'
  Processing 'layer2_compute_DW01_add_392'
  Processing 'layer2_compute_DW01_add_393'
  Processing 'layer2_compute_DW01_add_394'
  Processing 'layer2_compute_DW01_add_395'
  Processing 'layer2_compute_DW01_add_396'
  Processing 'layer2_compute_DW01_add_397'
  Processing 'layer2_compute_DW02_mult_180'
  Processing 'layer2_compute_DW01_add_398'
  Processing 'layer2_compute_DW02_mult_181'
  Processing 'layer2_compute_DW01_add_399'
  Processing 'layer2_compute_DW02_mult_182'
  Processing 'layer2_compute_DW01_add_400'
  Processing 'layer2_compute_DW02_mult_183'
  Processing 'layer2_compute_DW01_add_401'
  Processing 'layer2_compute_DW02_mult_184'
  Processing 'layer2_compute_DW01_add_402'
  Processing 'layer2_compute_DW02_mult_185'
  Processing 'layer2_compute_DW01_add_403'
  Processing 'layer2_compute_DW01_add_404'
  Processing 'layer2_compute_DW01_add_405'
  Processing 'layer2_compute_DW01_add_406'
  Processing 'layer2_compute_DW01_add_407'
  Processing 'layer2_compute_DW01_add_408'
  Processing 'layer2_compute_DW01_add_409'
  Processing 'layer2_compute_DW02_mult_186'
  Processing 'layer2_compute_DW01_add_410'
  Processing 'layer2_compute_DW02_mult_187'
  Processing 'layer2_compute_DW01_add_411'
  Processing 'layer2_compute_DW02_mult_188'
  Processing 'layer2_compute_DW01_add_412'
  Processing 'layer2_compute_DW02_mult_189'
  Processing 'layer2_compute_DW01_add_413'
  Processing 'layer2_compute_DW02_mult_190'
  Processing 'layer2_compute_DW01_add_414'
  Processing 'layer2_compute_DW02_mult_191'
  Processing 'layer2_compute_DW01_add_415'
  Processing 'layer1_compute_DW01_add_32'
  Processing 'layer1_compute_DW01_add_33'
  Processing 'layer1_compute_DW01_add_34'
  Processing 'layer1_compute_DW02_mult_0'
  Processing 'layer1_compute_DW01_add_35'
  Processing 'layer1_compute_DW02_mult_1'
  Processing 'layer1_compute_DW01_add_36'
  Processing 'layer1_compute_DW02_mult_2'
  Processing 'layer1_compute_DW01_add_37'
  Processing 'layer1_compute_DW01_add_38'
  Processing 'layer1_compute_DW01_add_39'
  Processing 'layer1_compute_DW01_add_40'
  Processing 'layer1_compute_DW02_mult_3'
  Processing 'layer1_compute_DW01_add_41'
  Processing 'layer1_compute_DW02_mult_4'
  Processing 'layer1_compute_DW01_add_42'
  Processing 'layer1_compute_DW02_mult_5'
  Processing 'layer1_compute_DW01_add_43'
  Processing 'layer1_compute_DW01_add_44'
  Processing 'layer1_compute_DW01_add_45'
  Processing 'layer1_compute_DW01_add_46'
  Processing 'layer1_compute_DW02_mult_6'
  Processing 'layer1_compute_DW01_add_47'
  Processing 'layer1_compute_DW02_mult_7'
  Processing 'layer1_compute_DW01_add_48'
  Processing 'layer1_compute_DW02_mult_8'
  Processing 'layer1_compute_DW01_add_49'
  Processing 'layer1_compute_DW01_add_50'
  Processing 'layer1_compute_DW01_add_51'
  Processing 'layer1_compute_DW01_add_52'
  Processing 'layer1_compute_DW02_mult_9'
  Processing 'layer1_compute_DW01_add_53'
  Processing 'layer1_compute_DW02_mult_10'
  Processing 'layer1_compute_DW01_add_54'
  Processing 'layer1_compute_DW02_mult_11'
  Processing 'layer1_compute_DW01_add_55'
  Processing 'layer1_compute_DW01_add_56'
  Processing 'layer1_compute_DW01_add_57'
  Processing 'layer1_compute_DW01_add_58'
  Processing 'layer1_compute_DW02_mult_12'
  Processing 'layer1_compute_DW01_add_59'
  Processing 'layer1_compute_DW02_mult_13'
  Processing 'layer1_compute_DW01_add_60'
  Processing 'layer1_compute_DW02_mult_14'
  Processing 'layer1_compute_DW01_add_61'
  Processing 'layer1_compute_DW01_add_62'
  Processing 'layer1_compute_DW01_add_63'
  Processing 'layer1_compute_DW01_add_64'
  Processing 'layer1_compute_DW02_mult_15'
  Processing 'layer1_compute_DW01_add_65'
  Processing 'layer1_compute_DW02_mult_16'
  Processing 'layer1_compute_DW01_add_66'
  Processing 'layer1_compute_DW02_mult_17'
  Processing 'layer1_compute_DW01_add_67'
  Processing 'layer1_compute_DW01_add_68'
  Processing 'layer1_compute_DW01_add_69'
  Processing 'layer1_compute_DW01_add_70'
  Processing 'layer1_compute_DW02_mult_18'
  Processing 'layer1_compute_DW01_add_71'
  Processing 'layer1_compute_DW02_mult_19'
  Processing 'layer1_compute_DW01_add_72'
  Processing 'layer1_compute_DW02_mult_20'
  Processing 'layer1_compute_DW01_add_73'
  Processing 'layer1_compute_DW01_add_74'
  Processing 'layer1_compute_DW01_add_75'
  Processing 'layer1_compute_DW01_add_76'
  Processing 'layer1_compute_DW02_mult_21'
  Processing 'layer1_compute_DW01_add_77'
  Processing 'layer1_compute_DW02_mult_22'
  Processing 'layer1_compute_DW01_add_78'
  Processing 'layer1_compute_DW02_mult_23'
  Processing 'layer1_compute_DW01_add_79'
  Processing 'layer1_compute_DW01_add_80'
  Processing 'layer1_compute_DW01_add_81'
  Processing 'layer1_compute_DW01_add_82'
  Processing 'layer1_compute_DW02_mult_24'
  Processing 'layer1_compute_DW01_add_83'
  Processing 'layer1_compute_DW02_mult_25'
  Processing 'layer1_compute_DW01_add_84'
  Processing 'layer1_compute_DW02_mult_26'
  Processing 'layer1_compute_DW01_add_85'
  Processing 'layer1_compute_DW01_add_86'
  Processing 'layer1_compute_DW01_add_87'
  Processing 'layer1_compute_DW01_add_88'
  Processing 'layer1_compute_DW02_mult_27'
  Processing 'layer1_compute_DW01_add_89'
  Processing 'layer1_compute_DW02_mult_28'
  Processing 'layer1_compute_DW01_add_90'
  Processing 'layer1_compute_DW02_mult_29'
  Processing 'layer1_compute_DW01_add_91'
  Processing 'layer1_compute_DW01_add_92'
  Processing 'layer1_compute_DW01_add_93'
  Processing 'layer1_compute_DW01_add_94'
  Processing 'layer1_compute_DW02_mult_30'
  Processing 'layer1_compute_DW01_add_95'
  Processing 'layer1_compute_DW02_mult_31'
  Processing 'layer1_compute_DW01_add_96'
  Processing 'layer1_compute_DW02_mult_32'
  Processing 'layer1_compute_DW01_add_97'
  Processing 'layer1_compute_DW01_add_98'
  Processing 'layer1_compute_DW01_add_99'
  Processing 'layer1_compute_DW01_add_100'
  Processing 'layer1_compute_DW02_mult_33'
  Processing 'layer1_compute_DW01_add_101'
  Processing 'layer1_compute_DW02_mult_34'
  Processing 'layer1_compute_DW01_add_102'
  Processing 'layer1_compute_DW02_mult_35'
  Processing 'layer1_compute_DW01_add_103'
  Processing 'layer1_compute_DW01_add_104'
  Processing 'layer1_compute_DW01_add_105'
  Processing 'layer1_compute_DW01_add_106'
  Processing 'layer1_compute_DW02_mult_36'
  Processing 'layer1_compute_DW01_add_107'
  Processing 'layer1_compute_DW02_mult_37'
  Processing 'layer1_compute_DW01_add_108'
  Processing 'layer1_compute_DW02_mult_38'
  Processing 'layer1_compute_DW01_add_109'
  Processing 'layer1_compute_DW01_add_110'
  Processing 'layer1_compute_DW01_add_111'
  Processing 'layer1_compute_DW01_add_112'
  Processing 'layer1_compute_DW02_mult_39'
  Processing 'layer1_compute_DW01_add_113'
  Processing 'layer1_compute_DW02_mult_40'
  Processing 'layer1_compute_DW01_add_114'
  Processing 'layer1_compute_DW02_mult_41'
  Processing 'layer1_compute_DW01_add_115'
  Processing 'layer1_compute_DW01_add_116'
  Processing 'layer1_compute_DW01_add_117'
  Processing 'layer1_compute_DW01_add_118'
  Processing 'layer1_compute_DW02_mult_42'
  Processing 'layer1_compute_DW01_add_119'
  Processing 'layer1_compute_DW02_mult_43'
  Processing 'layer1_compute_DW01_add_120'
  Processing 'layer1_compute_DW02_mult_44'
  Processing 'layer1_compute_DW01_add_121'
  Processing 'layer1_compute_DW01_add_122'
  Processing 'layer1_compute_DW01_add_123'
  Processing 'layer1_compute_DW01_add_124'
  Processing 'layer1_compute_DW02_mult_45'
  Processing 'layer1_compute_DW01_add_125'
  Processing 'layer1_compute_DW02_mult_46'
  Processing 'layer1_compute_DW01_add_126'
  Processing 'layer1_compute_DW02_mult_47'
  Processing 'layer1_compute_DW01_add_127'
  Processing 'layer1_compute_DW01_add_128'
  Processing 'layer1_compute_DW01_add_129'
  Processing 'layer1_compute_DW01_add_130'
  Processing 'layer1_compute_DW02_mult_48'
  Processing 'layer1_compute_DW01_add_131'
  Processing 'layer1_compute_DW02_mult_49'
  Processing 'layer1_compute_DW01_add_132'
  Processing 'layer1_compute_DW02_mult_50'
  Processing 'layer1_compute_DW01_add_133'
  Processing 'layer1_compute_DW01_add_134'
  Processing 'layer1_compute_DW01_add_135'
  Processing 'layer1_compute_DW01_add_136'
  Processing 'layer1_compute_DW02_mult_51'
  Processing 'layer1_compute_DW01_add_137'
  Processing 'layer1_compute_DW02_mult_52'
  Processing 'layer1_compute_DW01_add_138'
  Processing 'layer1_compute_DW02_mult_53'
  Processing 'layer1_compute_DW01_add_139'
  Processing 'layer1_compute_DW01_add_140'
  Processing 'layer1_compute_DW01_add_141'
  Processing 'layer1_compute_DW01_add_142'
  Processing 'layer1_compute_DW02_mult_54'
  Processing 'layer1_compute_DW01_add_143'
  Processing 'layer1_compute_DW02_mult_55'
  Processing 'layer1_compute_DW01_add_144'
  Processing 'layer1_compute_DW02_mult_56'
  Processing 'layer1_compute_DW01_add_145'
  Processing 'layer1_compute_DW01_add_146'
  Processing 'layer1_compute_DW01_add_147'
  Processing 'layer1_compute_DW01_add_148'
  Processing 'layer1_compute_DW02_mult_57'
  Processing 'layer1_compute_DW01_add_149'
  Processing 'layer1_compute_DW02_mult_58'
  Processing 'layer1_compute_DW01_add_150'
  Processing 'layer1_compute_DW02_mult_59'
  Processing 'layer1_compute_DW01_add_151'
  Processing 'layer1_compute_DW01_add_152'
  Processing 'layer1_compute_DW01_add_153'
  Processing 'layer1_compute_DW01_add_154'
  Processing 'layer1_compute_DW02_mult_60'
  Processing 'layer1_compute_DW01_add_155'
  Processing 'layer1_compute_DW02_mult_61'
  Processing 'layer1_compute_DW01_add_156'
  Processing 'layer1_compute_DW02_mult_62'
  Processing 'layer1_compute_DW01_add_157'
  Processing 'layer1_compute_DW01_add_158'
  Processing 'layer1_compute_DW01_add_159'
  Processing 'layer1_compute_DW01_add_160'
  Processing 'layer1_compute_DW02_mult_63'
  Processing 'layer1_compute_DW01_add_161'
  Processing 'layer1_compute_DW02_mult_64'
  Processing 'layer1_compute_DW01_add_162'
  Processing 'layer1_compute_DW02_mult_65'
  Processing 'layer1_compute_DW01_add_163'
  Processing 'layer1_compute_DW01_add_164'
  Processing 'layer1_compute_DW01_add_165'
  Processing 'layer1_compute_DW01_add_166'
  Processing 'layer1_compute_DW02_mult_66'
  Processing 'layer1_compute_DW01_add_167'
  Processing 'layer1_compute_DW02_mult_67'
  Processing 'layer1_compute_DW01_add_168'
  Processing 'layer1_compute_DW02_mult_68'
  Processing 'layer1_compute_DW01_add_169'
  Processing 'layer1_compute_DW01_add_170'
  Processing 'layer1_compute_DW01_add_171'
  Processing 'layer1_compute_DW01_add_172'
  Processing 'layer1_compute_DW02_mult_69'
  Processing 'layer1_compute_DW01_add_173'
  Processing 'layer1_compute_DW02_mult_70'
  Processing 'layer1_compute_DW01_add_174'
  Processing 'layer1_compute_DW02_mult_71'
  Processing 'layer1_compute_DW01_add_175'
  Processing 'layer1_compute_DW01_add_176'
  Processing 'layer1_compute_DW01_add_177'
  Processing 'layer1_compute_DW01_add_178'
  Processing 'layer1_compute_DW02_mult_72'
  Processing 'layer1_compute_DW01_add_179'
  Processing 'layer1_compute_DW02_mult_73'
  Processing 'layer1_compute_DW01_add_180'
  Processing 'layer1_compute_DW02_mult_74'
  Processing 'layer1_compute_DW01_add_181'
  Processing 'layer1_compute_DW01_add_182'
  Processing 'layer1_compute_DW01_add_183'
  Processing 'layer1_compute_DW01_add_184'
  Processing 'layer1_compute_DW02_mult_75'
  Processing 'layer1_compute_DW01_add_185'
  Processing 'layer1_compute_DW02_mult_76'
  Processing 'layer1_compute_DW01_add_186'
  Processing 'layer1_compute_DW02_mult_77'
  Processing 'layer1_compute_DW01_add_187'
  Processing 'layer1_compute_DW01_add_188'
  Processing 'layer1_compute_DW01_add_189'
  Processing 'layer1_compute_DW01_add_190'
  Processing 'layer1_compute_DW02_mult_78'
  Processing 'layer1_compute_DW01_add_191'
  Processing 'layer1_compute_DW02_mult_79'
  Processing 'layer1_compute_DW01_add_192'
  Processing 'layer1_compute_DW02_mult_80'
  Processing 'layer1_compute_DW01_add_193'
  Processing 'layer1_compute_DW01_add_194'
  Processing 'layer1_compute_DW01_add_195'
  Processing 'layer1_compute_DW01_add_196'
  Processing 'layer1_compute_DW02_mult_81'
  Processing 'layer1_compute_DW01_add_197'
  Processing 'layer1_compute_DW02_mult_82'
  Processing 'layer1_compute_DW01_add_198'
  Processing 'layer1_compute_DW02_mult_83'
  Processing 'layer1_compute_DW01_add_199'
  Processing 'layer1_compute_DW01_add_200'
  Processing 'layer1_compute_DW01_add_201'
  Processing 'layer1_compute_DW01_add_202'
  Processing 'layer1_compute_DW02_mult_84'
  Processing 'layer1_compute_DW01_add_203'
  Processing 'layer1_compute_DW02_mult_85'
  Processing 'layer1_compute_DW01_add_204'
  Processing 'layer1_compute_DW02_mult_86'
  Processing 'layer1_compute_DW01_add_205'
  Processing 'layer1_compute_DW01_add_206'
  Processing 'layer1_compute_DW01_add_207'
  Processing 'layer1_compute_DW01_add_208'
  Processing 'layer1_compute_DW02_mult_87'
  Processing 'layer1_compute_DW01_add_209'
  Processing 'layer1_compute_DW02_mult_88'
  Processing 'layer1_compute_DW01_add_210'
  Processing 'layer1_compute_DW02_mult_89'
  Processing 'layer1_compute_DW01_add_211'
  Processing 'layer1_compute_DW01_add_212'
  Processing 'layer1_compute_DW01_add_213'
  Processing 'layer1_compute_DW01_add_214'
  Processing 'layer1_compute_DW02_mult_90'
  Processing 'layer1_compute_DW01_add_215'
  Processing 'layer1_compute_DW02_mult_91'
  Processing 'layer1_compute_DW01_add_216'
  Processing 'layer1_compute_DW02_mult_92'
  Processing 'layer1_compute_DW01_add_217'
  Processing 'layer1_compute_DW01_add_218'
  Processing 'layer1_compute_DW01_add_219'
  Processing 'layer1_compute_DW01_add_220'
  Processing 'layer1_compute_DW02_mult_93'
  Processing 'layer1_compute_DW01_add_221'
  Processing 'layer1_compute_DW02_mult_94'
  Processing 'layer1_compute_DW01_add_222'
  Processing 'layer1_compute_DW02_mult_95'
  Processing 'layer1_compute_DW01_add_223'
  Processing 'layer3_compute_DW01_add_2'
  Processing 'layer3_compute_DW01_add_3'
  Processing 'layer3_compute_DW01_add_4'
  Processing 'layer3_compute_DW01_add_5'
  Processing 'layer3_compute_DW01_add_6'
  Processing 'layer3_compute_DW01_add_7'
  Processing 'layer3_compute_DW02_mult_0'
  Processing 'layer3_compute_DW01_add_8'
  Processing 'layer3_compute_DW02_mult_1'
  Processing 'layer3_compute_DW01_add_9'
  Processing 'layer3_compute_DW02_mult_2'
  Processing 'layer3_compute_DW01_add_10'
  Processing 'layer3_compute_DW02_mult_3'
  Processing 'layer3_compute_DW01_add_11'
  Processing 'layer3_compute_DW02_mult_4'
  Processing 'layer3_compute_DW01_add_12'
  Processing 'layer3_compute_DW02_mult_5'
  Processing 'layer3_compute_DW01_add_13'
  Processing 'layer3_compute_DW01_add_14'
  Processing 'layer3_compute_DW01_add_15'
  Processing 'layer3_compute_DW01_add_16'
  Processing 'layer3_compute_DW01_add_17'
  Processing 'layer3_compute_DW01_add_18'
  Processing 'layer3_compute_DW01_add_19'
  Processing 'layer3_compute_DW02_mult_6'
  Processing 'layer3_compute_DW01_add_20'
  Processing 'layer3_compute_DW02_mult_7'
  Processing 'layer3_compute_DW01_add_21'
  Processing 'layer3_compute_DW02_mult_8'
  Processing 'layer3_compute_DW01_add_22'
  Processing 'layer3_compute_DW02_mult_9'
  Processing 'layer3_compute_DW01_add_23'
  Processing 'layer3_compute_DW02_mult_10'
  Processing 'layer3_compute_DW01_add_24'
  Processing 'layer3_compute_DW02_mult_11'
  Processing 'layer3_compute_DW01_add_25'
