************************************************************
Timer Settings:
Delay Calculation Style:                   auto
Signal Integrity Analysis:                 disabled
Timing Window Analysis:                    disabled
Advanced Waveform Propagation:             disabled
Variation Type:                            fixed_derate
Clock Reconvergence Pessimism Removal:     disabled
Advanced Receiver Model:                   disabled
************************************************************
Information: Corner default: no PVT mismatches. (PVT-032)
****************************************
Report : cell
Design : neural_eq_top
Version: O-2018.06-SP1
Date   : Wed Apr 29 17:38:41 2026
****************************************

Attributes
    b - black-box (unknown)
    h - hierarchical
    n - noncombinational
    u - contains unmapped logic
    E - extracted timing model
    Q - Quick timing model
    U - Unbound (missing)
    s - user size_only
    S - implicit size_only
    d - user dont_touch
    D - derived dont_touch
    o - synthetic operator


Cell                      Reference       Library          Attributes
--------------------------------------------------------------------------------
U1                        INVX2           saed90nm_max     
U2                        INVX0           saed90nm_max     
tapfiller!DCAP!0          DCAP            saed90nm_max     D
tapfiller!DCAP!1          DCAP            saed90nm_max     D
tapfiller!DCAP!10         DCAP            saed90nm_max     D
tapfiller!DCAP!100        DCAP            saed90nm_max     D
tapfiller!DCAP!1000       DCAP            saed90nm_max     D
tapfiller!DCAP!1001       DCAP            saed90nm_max     D
tapfiller!DCAP!1002       DCAP            saed90nm_max     D
tapfiller!DCAP!1003       DCAP            saed90nm_max     D
tapfiller!DCAP!1004       DCAP            saed90nm_max     D
tapfiller!DCAP!1005       DCAP            saed90nm_max     D
tapfiller!DCAP!1006       DCAP            saed90nm_max     D
tapfiller!DCAP!1007       DCAP            saed90nm_max     D
tapfiller!DCAP!1008       DCAP            saed90nm_max     D
tapfiller!DCAP!1009       DCAP            saed90nm_max     D
tapfiller!DCAP!101        DCAP            saed90nm_max     D
tapfiller!DCAP!1010       DCAP            saed90nm_max     D
tapfiller!DCAP!1011       DCAP            saed90nm_max     D
tapfiller!DCAP!1012       DCAP            saed90nm_max     D
tapfiller!DCAP!1013       DCAP            saed90nm_max     D
tapfiller!DCAP!1014       DCAP            saed90nm_max     D
tapfiller!DCAP!1015       DCAP            saed90nm_max     D
tapfiller!DCAP!1016       DCAP            saed90nm_max     D
tapfiller!DCAP!1017       DCAP            saed90nm_max     D
tapfiller!DCAP!1018       DCAP            saed90nm_max     D
tapfiller!DCAP!1019       DCAP            saed90nm_max     D
tapfiller!DCAP!102        DCAP            saed90nm_max     D
tapfiller!DCAP!1020       DCAP            saed90nm_max     D
tapfiller!DCAP!1021       DCAP            saed90nm_max     D
tapfiller!DCAP!1022       DCAP            saed90nm_max     D
tapfiller!DCAP!1023       DCAP            saed90nm_max     D
tapfiller!DCAP!1024       DCAP            saed90nm_max     D
tapfiller!DCAP!1025       DCAP            saed90nm_max     D
tapfiller!DCAP!1026       DCAP            saed90nm_max     D
tapfiller!DCAP!1027       DCAP            saed90nm_max     D
tapfiller!DCAP!1028       DCAP            saed90nm_max     D
tapfiller!DCAP!1029       DCAP            saed90nm_max     D
tapfiller!DCAP!103        DCAP            saed90nm_max     D
tapfiller!DCAP!1030       DCAP            saed90nm_max     D
tapfiller!DCAP!1031       DCAP            saed90nm_max     D
tapfiller!DCAP!1032       DCAP            saed90nm_max     D
tapfiller!DCAP!1033       DCAP            saed90nm_max     D
tapfiller!DCAP!1034       DCAP            saed90nm_max     D
tapfiller!DCAP!1035       DCAP            saed90nm_max     D
tapfiller!DCAP!1036       DCAP            saed90nm_max     D
tapfiller!DCAP!1037       DCAP            saed90nm_max     D
tapfiller!DCAP!1038       DCAP            saed90nm_max     D
tapfiller!DCAP!1039       DCAP            saed90nm_max     D
tapfiller!DCAP!104        DCAP            saed90nm_max     D
tapfiller!DCAP!1040       DCAP            saed90nm_max     D
tapfiller!DCAP!1041       DCAP            saed90nm_max     D
tapfiller!DCAP!1042       DCAP            saed90nm_max     D
tapfiller!DCAP!1043       DCAP            saed90nm_max     D
tapfiller!DCAP!1044       DCAP            saed90nm_max     D
tapfiller!DCAP!1045       DCAP            saed90nm_max     D
tapfiller!DCAP!1046       DCAP            saed90nm_max     D
tapfiller!DCAP!1047       DCAP            saed90nm_max     D
tapfiller!DCAP!1048       DCAP            saed90nm_max     D
tapfiller!DCAP!1049       DCAP            saed90nm_max     D
tapfiller!DCAP!105        DCAP            saed90nm_max     D
tapfiller!DCAP!1050       DCAP            saed90nm_max     D
tapfiller!DCAP!1051       DCAP            saed90nm_max     D
tapfiller!DCAP!1052       DCAP            saed90nm_max     D
tapfiller!DCAP!1053       DCAP            saed90nm_max     D
tapfiller!DCAP!1054       DCAP            saed90nm_max     D
tapfiller!DCAP!1055       DCAP            saed90nm_max     D
tapfiller!DCAP!1056       DCAP            saed90nm_max     D
tapfiller!DCAP!1057       DCAP            saed90nm_max     D
tapfiller!DCAP!1058       DCAP            saed90nm_max     D
tapfiller!DCAP!1059       DCAP            saed90nm_max     D
tapfiller!DCAP!106        DCAP            saed90nm_max     D
tapfiller!DCAP!1060       DCAP            saed90nm_max     D
tapfiller!DCAP!1061       DCAP            saed90nm_max     D
tapfiller!DCAP!1062       DCAP            saed90nm_max     D
tapfiller!DCAP!1063       DCAP            saed90nm_max     D
tapfiller!DCAP!1064       DCAP            saed90nm_max     D
tapfiller!DCAP!1065       DCAP            saed90nm_max     D
tapfiller!DCAP!1066       DCAP            saed90nm_max     D
tapfiller!DCAP!1067       DCAP            saed90nm_max     D
tapfiller!DCAP!1068       DCAP            saed90nm_max     D
tapfiller!DCAP!1069       DCAP            saed90nm_max     D
tapfiller!DCAP!107        DCAP            saed90nm_max     D
tapfiller!DCAP!1070       DCAP            saed90nm_max     D
tapfiller!DCAP!1071       DCAP            saed90nm_max     D
tapfiller!DCAP!1072       DCAP            saed90nm_max     D
tapfiller!DCAP!1073       DCAP            saed90nm_max     D
tapfiller!DCAP!1074       DCAP            saed90nm_max     D
tapfiller!DCAP!1075       DCAP            saed90nm_max     D
tapfiller!DCAP!1076       DCAP            saed90nm_max     D
tapfiller!DCAP!1077       DCAP            saed90nm_max     D
tapfiller!DCAP!1078       DCAP            saed90nm_max     D
tapfiller!DCAP!1079       DCAP            saed90nm_max     D
tapfiller!DCAP!108        DCAP            saed90nm_max     D
tapfiller!DCAP!1080       DCAP            saed90nm_max     D
tapfiller!DCAP!1081       DCAP            saed90nm_max     D
tapfiller!DCAP!1082       DCAP            saed90nm_max     D
tapfiller!DCAP!1083       DCAP            saed90nm_max     D
tapfiller!DCAP!1084       DCAP            saed90nm_max     D
tapfiller!DCAP!1085       DCAP            saed90nm_max     D
tapfiller!DCAP!1086       DCAP            saed90nm_max     D
tapfiller!DCAP!1087       DCAP            saed90nm_max     D
tapfiller!DCAP!1088       DCAP            saed90nm_max     D
tapfiller!DCAP!1089       DCAP            saed90nm_max     D
tapfiller!DCAP!109        DCAP            saed90nm_max     D
tapfiller!DCAP!1090       DCAP            saed90nm_max     D
tapfiller!DCAP!1091       DCAP            saed90nm_max     D
tapfiller!DCAP!1092       DCAP            saed90nm_max     D
tapfiller!DCAP!1093       DCAP            saed90nm_max     D
tapfiller!DCAP!1094       DCAP            saed90nm_max     D
tapfiller!DCAP!1095       DCAP            saed90nm_max     D
tapfiller!DCAP!1096       DCAP            saed90nm_max     D
tapfiller!DCAP!1097       DCAP            saed90nm_max     D
tapfiller!DCAP!1098       DCAP            saed90nm_max     D
tapfiller!DCAP!1099       DCAP            saed90nm_max     D
tapfiller!DCAP!11         DCAP            saed90nm_max     D
tapfiller!DCAP!110        DCAP            saed90nm_max     D
tapfiller!DCAP!1100       DCAP            saed90nm_max     D
tapfiller!DCAP!1101       DCAP            saed90nm_max     D
tapfiller!DCAP!1102       DCAP            saed90nm_max     D
tapfiller!DCAP!1103       DCAP            saed90nm_max     D
tapfiller!DCAP!1104       DCAP            saed90nm_max     D
tapfiller!DCAP!1105       DCAP            saed90nm_max     D
tapfiller!DCAP!1106       DCAP            saed90nm_max     D
tapfiller!DCAP!1107       DCAP            saed90nm_max     D
tapfiller!DCAP!1108       DCAP            saed90nm_max     D
tapfiller!DCAP!1109       DCAP            saed90nm_max     D
tapfiller!DCAP!111        DCAP            saed90nm_max     D
tapfiller!DCAP!1110       DCAP            saed90nm_max     D
tapfiller!DCAP!1111       DCAP            saed90nm_max     D
tapfiller!DCAP!1112       DCAP            saed90nm_max     D
tapfiller!DCAP!1113       DCAP            saed90nm_max     D
tapfiller!DCAP!1114       DCAP            saed90nm_max     D
tapfiller!DCAP!1115       DCAP            saed90nm_max     D
tapfiller!DCAP!1116       DCAP            saed90nm_max     D
tapfiller!DCAP!1117       DCAP            saed90nm_max     D
tapfiller!DCAP!1118       DCAP            saed90nm_max     D
tapfiller!DCAP!1119       DCAP            saed90nm_max     D
tapfiller!DCAP!112        DCAP            saed90nm_max     D
tapfiller!DCAP!1120       DCAP            saed90nm_max     D
tapfiller!DCAP!1121       DCAP            saed90nm_max     D
tapfiller!DCAP!1122       DCAP            saed90nm_max     D
tapfiller!DCAP!1123       DCAP            saed90nm_max     D
tapfiller!DCAP!1124       DCAP            saed90nm_max     D
tapfiller!DCAP!1125       DCAP            saed90nm_max     D
tapfiller!DCAP!1126       DCAP            saed90nm_max     D
tapfiller!DCAP!1127       DCAP            saed90nm_max     D
tapfiller!DCAP!1128       DCAP            saed90nm_max     D
tapfiller!DCAP!1129       DCAP            saed90nm_max     D
tapfiller!DCAP!113        DCAP            saed90nm_max     D
tapfiller!DCAP!1130       DCAP            saed90nm_max     D
tapfiller!DCAP!1131       DCAP            saed90nm_max     D
tapfiller!DCAP!1132       DCAP            saed90nm_max     D
tapfiller!DCAP!1133       DCAP            saed90nm_max     D
tapfiller!DCAP!1134       DCAP            saed90nm_max     D
tapfiller!DCAP!1135       DCAP            saed90nm_max     D
tapfiller!DCAP!1136       DCAP            saed90nm_max     D
tapfiller!DCAP!1137       DCAP            saed90nm_max     D
tapfiller!DCAP!1138       DCAP            saed90nm_max     D
tapfiller!DCAP!1139       DCAP            saed90nm_max     D
tapfiller!DCAP!114        DCAP            saed90nm_max     D
tapfiller!DCAP!1140       DCAP            saed90nm_max     D
tapfiller!DCAP!1141       DCAP            saed90nm_max     D
tapfiller!DCAP!1142       DCAP            saed90nm_max     D
tapfiller!DCAP!1143       DCAP            saed90nm_max     D
tapfiller!DCAP!1144       DCAP            saed90nm_max     D
tapfiller!DCAP!1145       DCAP            saed90nm_max     D
tapfiller!DCAP!1146       DCAP            saed90nm_max     D
tapfiller!DCAP!1147       DCAP            saed90nm_max     D
tapfiller!DCAP!1148       DCAP            saed90nm_max     D
tapfiller!DCAP!1149       DCAP            saed90nm_max     D
tapfiller!DCAP!115        DCAP            saed90nm_max     D
tapfiller!DCAP!1150       DCAP            saed90nm_max     D
tapfiller!DCAP!1151       DCAP            saed90nm_max     D
tapfiller!DCAP!1152       DCAP            saed90nm_max     D
tapfiller!DCAP!1153       DCAP            saed90nm_max     D
tapfiller!DCAP!1154       DCAP            saed90nm_max     D
tapfiller!DCAP!1155       DCAP            saed90nm_max     D
tapfiller!DCAP!1156       DCAP            saed90nm_max     D
tapfiller!DCAP!1157       DCAP            saed90nm_max     D
tapfiller!DCAP!1158       DCAP            saed90nm_max     D
tapfiller!DCAP!1159       DCAP            saed90nm_max     D
tapfiller!DCAP!116        DCAP            saed90nm_max     D
tapfiller!DCAP!1160       DCAP            saed90nm_max     D
tapfiller!DCAP!1161       DCAP            saed90nm_max     D
tapfiller!DCAP!1162       DCAP            saed90nm_max     D
tapfiller!DCAP!1163       DCAP            saed90nm_max     D
tapfiller!DCAP!1164       DCAP            saed90nm_max     D
tapfiller!DCAP!1165       DCAP            saed90nm_max     D
tapfiller!DCAP!1166       DCAP            saed90nm_max     D
tapfiller!DCAP!1167       DCAP            saed90nm_max     D
tapfiller!DCAP!1168       DCAP            saed90nm_max     D
tapfiller!DCAP!1169       DCAP            saed90nm_max     D
tapfiller!DCAP!117        DCAP            saed90nm_max     D
tapfiller!DCAP!1170       DCAP            saed90nm_max     D
tapfiller!DCAP!1171       DCAP            saed90nm_max     D
tapfiller!DCAP!1172       DCAP            saed90nm_max     D
tapfiller!DCAP!1173       DCAP            saed90nm_max     D
tapfiller!DCAP!1174       DCAP            saed90nm_max     D
tapfiller!DCAP!1175       DCAP            saed90nm_max     D
tapfiller!DCAP!1176       DCAP            saed90nm_max     D
tapfiller!DCAP!1177       DCAP            saed90nm_max     D
tapfiller!DCAP!1178       DCAP            saed90nm_max     D
tapfiller!DCAP!1179       DCAP            saed90nm_max     D
tapfiller!DCAP!118        DCAP            saed90nm_max     D
tapfiller!DCAP!1180       DCAP            saed90nm_max     D
tapfiller!DCAP!1181       DCAP            saed90nm_max     D
tapfiller!DCAP!1182       DCAP            saed90nm_max     D
tapfiller!DCAP!1183       DCAP            saed90nm_max     D
tapfiller!DCAP!1184       DCAP            saed90nm_max     D
tapfiller!DCAP!1185       DCAP            saed90nm_max     D
tapfiller!DCAP!1186       DCAP            saed90nm_max     D
tapfiller!DCAP!1187       DCAP            saed90nm_max     D
tapfiller!DCAP!1188       DCAP            saed90nm_max     D
tapfiller!DCAP!1189       DCAP            saed90nm_max     D
tapfiller!DCAP!119        DCAP            saed90nm_max     D
tapfiller!DCAP!1190       DCAP            saed90nm_max     D
tapfiller!DCAP!1191       DCAP            saed90nm_max     D
tapfiller!DCAP!1192       DCAP            saed90nm_max     D
tapfiller!DCAP!1193       DCAP            saed90nm_max     D
tapfiller!DCAP!1194       DCAP            saed90nm_max     D
tapfiller!DCAP!1195       DCAP            saed90nm_max     D
tapfiller!DCAP!1196       DCAP            saed90nm_max     D
tapfiller!DCAP!1197       DCAP            saed90nm_max     D
tapfiller!DCAP!1198       DCAP            saed90nm_max     D
tapfiller!DCAP!1199       DCAP            saed90nm_max     D
tapfiller!DCAP!12         DCAP            saed90nm_max     D
tapfiller!DCAP!120        DCAP            saed90nm_max     D
tapfiller!DCAP!1200       DCAP            saed90nm_max     D
tapfiller!DCAP!1201       DCAP            saed90nm_max     D
tapfiller!DCAP!1202       DCAP            saed90nm_max     D
tapfiller!DCAP!1203       DCAP            saed90nm_max     D
tapfiller!DCAP!1204       DCAP            saed90nm_max     D
tapfiller!DCAP!1205       DCAP            saed90nm_max     D
tapfiller!DCAP!1206       DCAP            saed90nm_max     D
tapfiller!DCAP!1207       DCAP            saed90nm_max     D
tapfiller!DCAP!1208       DCAP            saed90nm_max     D
tapfiller!DCAP!1209       DCAP            saed90nm_max     D
tapfiller!DCAP!121        DCAP            saed90nm_max     D
tapfiller!DCAP!1210       DCAP            saed90nm_max     D
tapfiller!DCAP!1211       DCAP            saed90nm_max     D
tapfiller!DCAP!1212       DCAP            saed90nm_max     D
tapfiller!DCAP!1213       DCAP            saed90nm_max     D
tapfiller!DCAP!1214       DCAP            saed90nm_max     D
tapfiller!DCAP!1215       DCAP            saed90nm_max     D
tapfiller!DCAP!1216       DCAP            saed90nm_max     D
tapfiller!DCAP!1217       DCAP            saed90nm_max     D
tapfiller!DCAP!1218       DCAP            saed90nm_max     D
tapfiller!DCAP!1219       DCAP            saed90nm_max     D
tapfiller!DCAP!122        DCAP            saed90nm_max     D
tapfiller!DCAP!1220       DCAP            saed90nm_max     D
tapfiller!DCAP!1221       DCAP            saed90nm_max     D
tapfiller!DCAP!1222       DCAP            saed90nm_max     D
tapfiller!DCAP!1223       DCAP            saed90nm_max     D
tapfiller!DCAP!1224       DCAP            saed90nm_max     D
tapfiller!DCAP!1225       DCAP            saed90nm_max     D
tapfiller!DCAP!1226       DCAP            saed90nm_max     D
tapfiller!DCAP!1227       DCAP            saed90nm_max     D
tapfiller!DCAP!1228       DCAP            saed90nm_max     D
tapfiller!DCAP!1229       DCAP            saed90nm_max     D
tapfiller!DCAP!123        DCAP            saed90nm_max     D
tapfiller!DCAP!1230       DCAP            saed90nm_max     D
tapfiller!DCAP!1231       DCAP            saed90nm_max     D
tapfiller!DCAP!1232       DCAP            saed90nm_max     D
tapfiller!DCAP!1233       DCAP            saed90nm_max     D
tapfiller!DCAP!1234       DCAP            saed90nm_max     D
tapfiller!DCAP!1235       DCAP            saed90nm_max     D
tapfiller!DCAP!1236       DCAP            saed90nm_max     D
tapfiller!DCAP!1237       DCAP            saed90nm_max     D
tapfiller!DCAP!1238       DCAP            saed90nm_max     D
tapfiller!DCAP!1239       DCAP            saed90nm_max     D
tapfiller!DCAP!124        DCAP            saed90nm_max     D
tapfiller!DCAP!1240       DCAP            saed90nm_max     D
tapfiller!DCAP!1241       DCAP            saed90nm_max     D
tapfiller!DCAP!1242       DCAP            saed90nm_max     D
tapfiller!DCAP!1243       DCAP            saed90nm_max     D
tapfiller!DCAP!1244       DCAP            saed90nm_max     D
tapfiller!DCAP!1245       DCAP            saed90nm_max     D
tapfiller!DCAP!1246       DCAP            saed90nm_max     D
tapfiller!DCAP!1247       DCAP            saed90nm_max     D
tapfiller!DCAP!1248       DCAP            saed90nm_max     D
tapfiller!DCAP!1249       DCAP            saed90nm_max     D
tapfiller!DCAP!125        DCAP            saed90nm_max     D
tapfiller!DCAP!1250       DCAP            saed90nm_max     D
tapfiller!DCAP!1251       DCAP            saed90nm_max     D
tapfiller!DCAP!1252       DCAP            saed90nm_max     D
tapfiller!DCAP!1253       DCAP            saed90nm_max     D
tapfiller!DCAP!1254       DCAP            saed90nm_max     D
tapfiller!DCAP!1255       DCAP            saed90nm_max     D
tapfiller!DCAP!1256       DCAP            saed90nm_max     D
tapfiller!DCAP!1257       DCAP            saed90nm_max     D
tapfiller!DCAP!1258       DCAP            saed90nm_max     D
tapfiller!DCAP!1259       DCAP            saed90nm_max     D
tapfiller!DCAP!126        DCAP            saed90nm_max     D
tapfiller!DCAP!1260       DCAP            saed90nm_max     D
tapfiller!DCAP!1261       DCAP            saed90nm_max     D
tapfiller!DCAP!1262       DCAP            saed90nm_max     D
tapfiller!DCAP!1263       DCAP            saed90nm_max     D
tapfiller!DCAP!1264       DCAP            saed90nm_max     D
tapfiller!DCAP!1265       DCAP            saed90nm_max     D
tapfiller!DCAP!1266       DCAP            saed90nm_max     D
tapfiller!DCAP!1267       DCAP            saed90nm_max     D
tapfiller!DCAP!1268       DCAP            saed90nm_max     D
tapfiller!DCAP!1269       DCAP            saed90nm_max     D
tapfiller!DCAP!127        DCAP            saed90nm_max     D
tapfiller!DCAP!1270       DCAP            saed90nm_max     D
tapfiller!DCAP!1271       DCAP            saed90nm_max     D
tapfiller!DCAP!1272       DCAP            saed90nm_max     D
tapfiller!DCAP!1273       DCAP            saed90nm_max     D
tapfiller!DCAP!1274       DCAP            saed90nm_max     D
tapfiller!DCAP!1275       DCAP            saed90nm_max     D
tapfiller!DCAP!1276       DCAP            saed90nm_max     D
tapfiller!DCAP!1277       DCAP            saed90nm_max     D
tapfiller!DCAP!1278       DCAP            saed90nm_max     D
tapfiller!DCAP!1279       DCAP            saed90nm_max     D
tapfiller!DCAP!128        DCAP            saed90nm_max     D
tapfiller!DCAP!1280       DCAP            saed90nm_max     D
tapfiller!DCAP!1281       DCAP            saed90nm_max     D
tapfiller!DCAP!1282       DCAP            saed90nm_max     D
tapfiller!DCAP!1283       DCAP            saed90nm_max     D
tapfiller!DCAP!1284       DCAP            saed90nm_max     D
tapfiller!DCAP!1285       DCAP            saed90nm_max     D
tapfiller!DCAP!1286       DCAP            saed90nm_max     D
tapfiller!DCAP!1287       DCAP            saed90nm_max     D
tapfiller!DCAP!1288       DCAP            saed90nm_max     D
tapfiller!DCAP!1289       DCAP            saed90nm_max     D
tapfiller!DCAP!129        DCAP            saed90nm_max     D
tapfiller!DCAP!1290       DCAP            saed90nm_max     D
tapfiller!DCAP!1291       DCAP            saed90nm_max     D
tapfiller!DCAP!1292       DCAP            saed90nm_max     D
tapfiller!DCAP!1293       DCAP            saed90nm_max     D
tapfiller!DCAP!1294       DCAP            saed90nm_max     D
tapfiller!DCAP!1295       DCAP            saed90nm_max     D
tapfiller!DCAP!1296       DCAP            saed90nm_max     D
tapfiller!DCAP!1297       DCAP            saed90nm_max     D
tapfiller!DCAP!1298       DCAP            saed90nm_max     D
tapfiller!DCAP!1299       DCAP            saed90nm_max     D
tapfiller!DCAP!13         DCAP            saed90nm_max     D
tapfiller!DCAP!130        DCAP            saed90nm_max     D
tapfiller!DCAP!1300       DCAP            saed90nm_max     D
tapfiller!DCAP!1301       DCAP            saed90nm_max     D
tapfiller!DCAP!1302       DCAP            saed90nm_max     D
tapfiller!DCAP!1303       DCAP            saed90nm_max     D
tapfiller!DCAP!1304       DCAP            saed90nm_max     D
tapfiller!DCAP!1305       DCAP            saed90nm_max     D
tapfiller!DCAP!1306       DCAP            saed90nm_max     D
tapfiller!DCAP!1307       DCAP            saed90nm_max     D
tapfiller!DCAP!1308       DCAP            saed90nm_max     D
tapfiller!DCAP!1309       DCAP            saed90nm_max     D
tapfiller!DCAP!131        DCAP            saed90nm_max     D
tapfiller!DCAP!1310       DCAP            saed90nm_max     D
tapfiller!DCAP!1311       DCAP            saed90nm_max     D
tapfiller!DCAP!1312       DCAP            saed90nm_max     D
tapfiller!DCAP!1313       DCAP            saed90nm_max     D
tapfiller!DCAP!1314       DCAP            saed90nm_max     D
tapfiller!DCAP!1315       DCAP            saed90nm_max     D
tapfiller!DCAP!1316       DCAP            saed90nm_max     D
tapfiller!DCAP!1317       DCAP            saed90nm_max     D
tapfiller!DCAP!1318       DCAP            saed90nm_max     D
tapfiller!DCAP!1319       DCAP            saed90nm_max     D
tapfiller!DCAP!132        DCAP            saed90nm_max     D
tapfiller!DCAP!1320       DCAP            saed90nm_max     D
tapfiller!DCAP!1321       DCAP            saed90nm_max     D
tapfiller!DCAP!1322       DCAP            saed90nm_max     D
tapfiller!DCAP!1323       DCAP            saed90nm_max     D
tapfiller!DCAP!1324       DCAP            saed90nm_max     D
tapfiller!DCAP!1325       DCAP            saed90nm_max     D
tapfiller!DCAP!1326       DCAP            saed90nm_max     D
tapfiller!DCAP!1327       DCAP            saed90nm_max     D
tapfiller!DCAP!1328       DCAP            saed90nm_max     D
tapfiller!DCAP!1329       DCAP            saed90nm_max     D
tapfiller!DCAP!133        DCAP            saed90nm_max     D
tapfiller!DCAP!1330       DCAP            saed90nm_max     D
tapfiller!DCAP!1331       DCAP            saed90nm_max     D
tapfiller!DCAP!1332       DCAP            saed90nm_max     D
tapfiller!DCAP!1333       DCAP            saed90nm_max     D
tapfiller!DCAP!1334       DCAP            saed90nm_max     D
tapfiller!DCAP!1335       DCAP            saed90nm_max     D
tapfiller!DCAP!1336       DCAP            saed90nm_max     D
tapfiller!DCAP!1337       DCAP            saed90nm_max     D
tapfiller!DCAP!1338       DCAP            saed90nm_max     D
tapfiller!DCAP!1339       DCAP            saed90nm_max     D
tapfiller!DCAP!134        DCAP            saed90nm_max     D
tapfiller!DCAP!1340       DCAP            saed90nm_max     D
tapfiller!DCAP!1341       DCAP            saed90nm_max     D
tapfiller!DCAP!1342       DCAP            saed90nm_max     D
tapfiller!DCAP!1343       DCAP            saed90nm_max     D
tapfiller!DCAP!1344       DCAP            saed90nm_max     D
tapfiller!DCAP!1345       DCAP            saed90nm_max     D
tapfiller!DCAP!1346       DCAP            saed90nm_max     D
tapfiller!DCAP!1347       DCAP            saed90nm_max     D
tapfiller!DCAP!1348       DCAP            saed90nm_max     D
tapfiller!DCAP!1349       DCAP            saed90nm_max     D
tapfiller!DCAP!135        DCAP            saed90nm_max     D
tapfiller!DCAP!1350       DCAP            saed90nm_max     D
tapfiller!DCAP!1351       DCAP            saed90nm_max     D
tapfiller!DCAP!1352       DCAP            saed90nm_max     D
tapfiller!DCAP!1353       DCAP            saed90nm_max     D
tapfiller!DCAP!1354       DCAP            saed90nm_max     D
tapfiller!DCAP!1355       DCAP            saed90nm_max     D
tapfiller!DCAP!1356       DCAP            saed90nm_max     D
tapfiller!DCAP!1357       DCAP            saed90nm_max     D
tapfiller!DCAP!1358       DCAP            saed90nm_max     D
tapfiller!DCAP!1359       DCAP            saed90nm_max     D
tapfiller!DCAP!136        DCAP            saed90nm_max     D
tapfiller!DCAP!1360       DCAP            saed90nm_max     D
tapfiller!DCAP!1361       DCAP            saed90nm_max     D
tapfiller!DCAP!1362       DCAP            saed90nm_max     D
tapfiller!DCAP!1363       DCAP            saed90nm_max     D
tapfiller!DCAP!1364       DCAP            saed90nm_max     D
tapfiller!DCAP!1365       DCAP            saed90nm_max     D
tapfiller!DCAP!1366       DCAP            saed90nm_max     D
tapfiller!DCAP!1367       DCAP            saed90nm_max     D
tapfiller!DCAP!1368       DCAP            saed90nm_max     D
tapfiller!DCAP!1369       DCAP            saed90nm_max     D
tapfiller!DCAP!137        DCAP            saed90nm_max     D
tapfiller!DCAP!1370       DCAP            saed90nm_max     D
tapfiller!DCAP!1371       DCAP            saed90nm_max     D
tapfiller!DCAP!1372       DCAP            saed90nm_max     D
tapfiller!DCAP!1373       DCAP            saed90nm_max     D
tapfiller!DCAP!1374       DCAP            saed90nm_max     D
tapfiller!DCAP!1375       DCAP            saed90nm_max     D
tapfiller!DCAP!1376       DCAP            saed90nm_max     D
tapfiller!DCAP!1377       DCAP            saed90nm_max     D
tapfiller!DCAP!1378       DCAP            saed90nm_max     D
tapfiller!DCAP!1379       DCAP            saed90nm_max     D
tapfiller!DCAP!138        DCAP            saed90nm_max     D
tapfiller!DCAP!1380       DCAP            saed90nm_max     D
tapfiller!DCAP!1381       DCAP            saed90nm_max     D
tapfiller!DCAP!1382       DCAP            saed90nm_max     D
tapfiller!DCAP!1383       DCAP            saed90nm_max     D
tapfiller!DCAP!1384       DCAP            saed90nm_max     D
tapfiller!DCAP!1385       DCAP            saed90nm_max     D
tapfiller!DCAP!1386       DCAP            saed90nm_max     D
tapfiller!DCAP!1387       DCAP            saed90nm_max     D
tapfiller!DCAP!1388       DCAP            saed90nm_max     D
tapfiller!DCAP!1389       DCAP            saed90nm_max     D
tapfiller!DCAP!139        DCAP            saed90nm_max     D
tapfiller!DCAP!1390       DCAP            saed90nm_max     D
tapfiller!DCAP!1391       DCAP            saed90nm_max     D
tapfiller!DCAP!1392       DCAP            saed90nm_max     D
tapfiller!DCAP!1393       DCAP            saed90nm_max     D
tapfiller!DCAP!1394       DCAP            saed90nm_max     D
tapfiller!DCAP!1395       DCAP            saed90nm_max     D
tapfiller!DCAP!1396       DCAP            saed90nm_max     D
tapfiller!DCAP!1397       DCAP            saed90nm_max     D
tapfiller!DCAP!1398       DCAP            saed90nm_max     D
tapfiller!DCAP!1399       DCAP            saed90nm_max     D
tapfiller!DCAP!14         DCAP            saed90nm_max     D
tapfiller!DCAP!140        DCAP            saed90nm_max     D
tapfiller!DCAP!1400       DCAP            saed90nm_max     D
tapfiller!DCAP!1401       DCAP            saed90nm_max     D
tapfiller!DCAP!1402       DCAP            saed90nm_max     D
tapfiller!DCAP!1403       DCAP            saed90nm_max     D
tapfiller!DCAP!1404       DCAP            saed90nm_max     D
tapfiller!DCAP!1405       DCAP            saed90nm_max     D
tapfiller!DCAP!1406       DCAP            saed90nm_max     D
tapfiller!DCAP!1407       DCAP            saed90nm_max     D
tapfiller!DCAP!1408       DCAP            saed90nm_max     D
tapfiller!DCAP!1409       DCAP            saed90nm_max     D
tapfiller!DCAP!141        DCAP            saed90nm_max     D
tapfiller!DCAP!1410       DCAP            saed90nm_max     D
tapfiller!DCAP!1411       DCAP            saed90nm_max     D
tapfiller!DCAP!1412       DCAP            saed90nm_max     D
tapfiller!DCAP!1413       DCAP            saed90nm_max     D
tapfiller!DCAP!1414       DCAP            saed90nm_max     D
tapfiller!DCAP!1415       DCAP            saed90nm_max     D
tapfiller!DCAP!1416       DCAP            saed90nm_max     D
tapfiller!DCAP!1417       DCAP            saed90nm_max     D
tapfiller!DCAP!1418       DCAP            saed90nm_max     D
tapfiller!DCAP!1419       DCAP            saed90nm_max     D
tapfiller!DCAP!142        DCAP            saed90nm_max     D
tapfiller!DCAP!1420       DCAP            saed90nm_max     D
tapfiller!DCAP!1421       DCAP            saed90nm_max     D
tapfiller!DCAP!1422       DCAP            saed90nm_max     D
tapfiller!DCAP!1423       DCAP            saed90nm_max     D
tapfiller!DCAP!1424       DCAP            saed90nm_max     D
tapfiller!DCAP!1425       DCAP            saed90nm_max     D
tapfiller!DCAP!1426       DCAP            saed90nm_max     D
tapfiller!DCAP!1427       DCAP            saed90nm_max     D
tapfiller!DCAP!1428       DCAP            saed90nm_max     D
tapfiller!DCAP!1429       DCAP            saed90nm_max     D
tapfiller!DCAP!143        DCAP            saed90nm_max     D
tapfiller!DCAP!1430       DCAP            saed90nm_max     D
tapfiller!DCAP!1431       DCAP            saed90nm_max     D
tapfiller!DCAP!1432       DCAP            saed90nm_max     D
tapfiller!DCAP!1433       DCAP            saed90nm_max     D
tapfiller!DCAP!1434       DCAP            saed90nm_max     D
tapfiller!DCAP!1435       DCAP            saed90nm_max     D
tapfiller!DCAP!1436       DCAP            saed90nm_max     D
tapfiller!DCAP!1437       DCAP            saed90nm_max     D
tapfiller!DCAP!1438       DCAP            saed90nm_max     D
tapfiller!DCAP!1439       DCAP            saed90nm_max     D
tapfiller!DCAP!144        DCAP            saed90nm_max     D
tapfiller!DCAP!1440       DCAP            saed90nm_max     D
tapfiller!DCAP!1441       DCAP            saed90nm_max     D
tapfiller!DCAP!1442       DCAP            saed90nm_max     D
tapfiller!DCAP!1443       DCAP            saed90nm_max     D
tapfiller!DCAP!1444       DCAP            saed90nm_max     D
tapfiller!DCAP!1445       DCAP            saed90nm_max     D
tapfiller!DCAP!1446       DCAP            saed90nm_max     D
tapfiller!DCAP!1447       DCAP            saed90nm_max     D
tapfiller!DCAP!1448       DCAP            saed90nm_max     D
tapfiller!DCAP!1449       DCAP            saed90nm_max     D
tapfiller!DCAP!145        DCAP            saed90nm_max     D
tapfiller!DCAP!1450       DCAP            saed90nm_max     D
tapfiller!DCAP!1451       DCAP            saed90nm_max     D
tapfiller!DCAP!1452       DCAP            saed90nm_max     D
tapfiller!DCAP!1453       DCAP            saed90nm_max     D
tapfiller!DCAP!1454       DCAP            saed90nm_max     D
tapfiller!DCAP!1455       DCAP            saed90nm_max     D
tapfiller!DCAP!1456       DCAP            saed90nm_max     D
tapfiller!DCAP!1457       DCAP            saed90nm_max     D
tapfiller!DCAP!1458       DCAP            saed90nm_max     D
tapfiller!DCAP!1459       DCAP            saed90nm_max     D
tapfiller!DCAP!146        DCAP            saed90nm_max     D
tapfiller!DCAP!1460       DCAP            saed90nm_max     D
tapfiller!DCAP!1461       DCAP            saed90nm_max     D
tapfiller!DCAP!1462       DCAP            saed90nm_max     D
tapfiller!DCAP!1463       DCAP            saed90nm_max     D
tapfiller!DCAP!1464       DCAP            saed90nm_max     D
tapfiller!DCAP!1465       DCAP            saed90nm_max     D
tapfiller!DCAP!1466       DCAP            saed90nm_max     D
tapfiller!DCAP!1467       DCAP            saed90nm_max     D
tapfiller!DCAP!1468       DCAP            saed90nm_max     D
tapfiller!DCAP!1469       DCAP            saed90nm_max     D
tapfiller!DCAP!147        DCAP            saed90nm_max     D
tapfiller!DCAP!1470       DCAP            saed90nm_max     D
tapfiller!DCAP!1471       DCAP            saed90nm_max     D
tapfiller!DCAP!1472       DCAP            saed90nm_max     D
tapfiller!DCAP!1473       DCAP            saed90nm_max     D
tapfiller!DCAP!1474       DCAP            saed90nm_max     D
tapfiller!DCAP!1475       DCAP            saed90nm_max     D
tapfiller!DCAP!1476       DCAP            saed90nm_max     D
tapfiller!DCAP!1477       DCAP            saed90nm_max     D
tapfiller!DCAP!1478       DCAP            saed90nm_max     D
tapfiller!DCAP!1479       DCAP            saed90nm_max     D
tapfiller!DCAP!148        DCAP            saed90nm_max     D
tapfiller!DCAP!1480       DCAP            saed90nm_max     D
tapfiller!DCAP!1481       DCAP            saed90nm_max     D
tapfiller!DCAP!1482       DCAP            saed90nm_max     D
tapfiller!DCAP!1483       DCAP            saed90nm_max     D
tapfiller!DCAP!1484       DCAP            saed90nm_max     D
tapfiller!DCAP!1485       DCAP            saed90nm_max     D
tapfiller!DCAP!1486       DCAP            saed90nm_max     D
tapfiller!DCAP!1487       DCAP            saed90nm_max     D
tapfiller!DCAP!1488       DCAP            saed90nm_max     D
tapfiller!DCAP!1489       DCAP            saed90nm_max     D
tapfiller!DCAP!149        DCAP            saed90nm_max     D
tapfiller!DCAP!1490       DCAP            saed90nm_max     D
tapfiller!DCAP!1491       DCAP            saed90nm_max     D
tapfiller!DCAP!1492       DCAP            saed90nm_max     D
tapfiller!DCAP!1493       DCAP            saed90nm_max     D
tapfiller!DCAP!1494       DCAP            saed90nm_max     D
tapfiller!DCAP!1495       DCAP            saed90nm_max     D
tapfiller!DCAP!1496       DCAP            saed90nm_max     D
tapfiller!DCAP!1497       DCAP            saed90nm_max     D
tapfiller!DCAP!1498       DCAP            saed90nm_max     D
tapfiller!DCAP!1499       DCAP            saed90nm_max     D
tapfiller!DCAP!15         DCAP            saed90nm_max     D
tapfiller!DCAP!150        DCAP            saed90nm_max     D
tapfiller!DCAP!1500       DCAP            saed90nm_max     D
tapfiller!DCAP!1501       DCAP            saed90nm_max     D
tapfiller!DCAP!1502       DCAP            saed90nm_max     D
tapfiller!DCAP!1503       DCAP            saed90nm_max     D
tapfiller!DCAP!1504       DCAP            saed90nm_max     D
tapfiller!DCAP!1505       DCAP            saed90nm_max     D
tapfiller!DCAP!1506       DCAP            saed90nm_max     D
tapfiller!DCAP!1507       DCAP            saed90nm_max     D
tapfiller!DCAP!1508       DCAP            saed90nm_max     D
tapfiller!DCAP!1509       DCAP            saed90nm_max     D
tapfiller!DCAP!151        DCAP            saed90nm_max     D
tapfiller!DCAP!1510       DCAP            saed90nm_max     D
tapfiller!DCAP!1511       DCAP            saed90nm_max     D
tapfiller!DCAP!1512       DCAP            saed90nm_max     D
tapfiller!DCAP!1513       DCAP            saed90nm_max     D
tapfiller!DCAP!1514       DCAP            saed90nm_max     D
tapfiller!DCAP!1515       DCAP            saed90nm_max     D
tapfiller!DCAP!1516       DCAP            saed90nm_max     D
tapfiller!DCAP!1517       DCAP            saed90nm_max     D
tapfiller!DCAP!1518       DCAP            saed90nm_max     D
tapfiller!DCAP!1519       DCAP            saed90nm_max     D
tapfiller!DCAP!152        DCAP            saed90nm_max     D
tapfiller!DCAP!1520       DCAP            saed90nm_max     D
tapfiller!DCAP!1521       DCAP            saed90nm_max     D
tapfiller!DCAP!1522       DCAP            saed90nm_max     D
tapfiller!DCAP!1523       DCAP            saed90nm_max     D
tapfiller!DCAP!1524       DCAP            saed90nm_max     D
tapfiller!DCAP!1525       DCAP            saed90nm_max     D
tapfiller!DCAP!1526       DCAP            saed90nm_max     D
tapfiller!DCAP!1527       DCAP            saed90nm_max     D
tapfiller!DCAP!1528       DCAP            saed90nm_max     D
tapfiller!DCAP!1529       DCAP            saed90nm_max     D
tapfiller!DCAP!153        DCAP            saed90nm_max     D
tapfiller!DCAP!1530       DCAP            saed90nm_max     D
tapfiller!DCAP!1531       DCAP            saed90nm_max     D
tapfiller!DCAP!1532       DCAP            saed90nm_max     D
tapfiller!DCAP!1533       DCAP            saed90nm_max     D
tapfiller!DCAP!1534       DCAP            saed90nm_max     D
tapfiller!DCAP!1535       DCAP            saed90nm_max     D
tapfiller!DCAP!1536       DCAP            saed90nm_max     D
tapfiller!DCAP!1537       DCAP            saed90nm_max     D
tapfiller!DCAP!1538       DCAP            saed90nm_max     D
tapfiller!DCAP!1539       DCAP            saed90nm_max     D
tapfiller!DCAP!154        DCAP            saed90nm_max     D
tapfiller!DCAP!1540       DCAP            saed90nm_max     D
tapfiller!DCAP!1541       DCAP            saed90nm_max     D
tapfiller!DCAP!1542       DCAP            saed90nm_max     D
tapfiller!DCAP!1543       DCAP            saed90nm_max     D
tapfiller!DCAP!1544       DCAP            saed90nm_max     D
tapfiller!DCAP!1545       DCAP            saed90nm_max     D
tapfiller!DCAP!1546       DCAP            saed90nm_max     D
tapfiller!DCAP!1547       DCAP            saed90nm_max     D
tapfiller!DCAP!1548       DCAP            saed90nm_max     D
tapfiller!DCAP!1549       DCAP            saed90nm_max     D
tapfiller!DCAP!155        DCAP            saed90nm_max     D
tapfiller!DCAP!1550       DCAP            saed90nm_max     D
tapfiller!DCAP!1551       DCAP            saed90nm_max     D
tapfiller!DCAP!1552       DCAP            saed90nm_max     D
tapfiller!DCAP!1553       DCAP            saed90nm_max     D
tapfiller!DCAP!1554       DCAP            saed90nm_max     D
tapfiller!DCAP!1555       DCAP            saed90nm_max     D
tapfiller!DCAP!1556       DCAP            saed90nm_max     D
tapfiller!DCAP!1557       DCAP            saed90nm_max     D
tapfiller!DCAP!1558       DCAP            saed90nm_max     D
tapfiller!DCAP!1559       DCAP            saed90nm_max     D
tapfiller!DCAP!156        DCAP            saed90nm_max     D
tapfiller!DCAP!1560       DCAP            saed90nm_max     D
tapfiller!DCAP!1561       DCAP            saed90nm_max     D
tapfiller!DCAP!1562       DCAP            saed90nm_max     D
tapfiller!DCAP!1563       DCAP            saed90nm_max     D
tapfiller!DCAP!1564       DCAP            saed90nm_max     D
tapfiller!DCAP!1565       DCAP            saed90nm_max     D
tapfiller!DCAP!1566       DCAP            saed90nm_max     D
tapfiller!DCAP!1567       DCAP            saed90nm_max     D
tapfiller!DCAP!1568       DCAP            saed90nm_max     D
tapfiller!DCAP!1569       DCAP            saed90nm_max     D
tapfiller!DCAP!157        DCAP            saed90nm_max     D
tapfiller!DCAP!1570       DCAP            saed90nm_max     D
tapfiller!DCAP!1571       DCAP            saed90nm_max     D
tapfiller!DCAP!1572       DCAP            saed90nm_max     D
tapfiller!DCAP!1573       DCAP            saed90nm_max     D
tapfiller!DCAP!1574       DCAP            saed90nm_max     D
tapfiller!DCAP!1575       DCAP            saed90nm_max     D
tapfiller!DCAP!1576       DCAP            saed90nm_max     D
tapfiller!DCAP!1577       DCAP            saed90nm_max     D
tapfiller!DCAP!1578       DCAP            saed90nm_max     D
tapfiller!DCAP!1579       DCAP            saed90nm_max     D
tapfiller!DCAP!158        DCAP            saed90nm_max     D
tapfiller!DCAP!1580       DCAP            saed90nm_max     D
tapfiller!DCAP!1581       DCAP            saed90nm_max     D
tapfiller!DCAP!1582       DCAP            saed90nm_max     D
tapfiller!DCAP!1583       DCAP            saed90nm_max     D
tapfiller!DCAP!1584       DCAP            saed90nm_max     D
tapfiller!DCAP!1585       DCAP            saed90nm_max     D
tapfiller!DCAP!1586       DCAP            saed90nm_max     D
tapfiller!DCAP!1587       DCAP            saed90nm_max     D
tapfiller!DCAP!1588       DCAP            saed90nm_max     D
tapfiller!DCAP!1589       DCAP            saed90nm_max     D
tapfiller!DCAP!159        DCAP            saed90nm_max     D
tapfiller!DCAP!1590       DCAP            saed90nm_max     D
tapfiller!DCAP!1591       DCAP            saed90nm_max     D
tapfiller!DCAP!1592       DCAP            saed90nm_max     D
tapfiller!DCAP!1593       DCAP            saed90nm_max     D
tapfiller!DCAP!1594       DCAP            saed90nm_max     D
tapfiller!DCAP!1595       DCAP            saed90nm_max     D
tapfiller!DCAP!1596       DCAP            saed90nm_max     D
tapfiller!DCAP!1597       DCAP            saed90nm_max     D
tapfiller!DCAP!1598       DCAP            saed90nm_max     D
tapfiller!DCAP!1599       DCAP            saed90nm_max     D
tapfiller!DCAP!16         DCAP            saed90nm_max     D
tapfiller!DCAP!160        DCAP            saed90nm_max     D
tapfiller!DCAP!1600       DCAP            saed90nm_max     D
tapfiller!DCAP!1601       DCAP            saed90nm_max     D
tapfiller!DCAP!1602       DCAP            saed90nm_max     D
tapfiller!DCAP!1603       DCAP            saed90nm_max     D
tapfiller!DCAP!1604       DCAP            saed90nm_max     D
tapfiller!DCAP!1605       DCAP            saed90nm_max     D
tapfiller!DCAP!1606       DCAP            saed90nm_max     D
tapfiller!DCAP!1607       DCAP            saed90nm_max     D
tapfiller!DCAP!1608       DCAP            saed90nm_max     D
tapfiller!DCAP!1609       DCAP            saed90nm_max     D
tapfiller!DCAP!161        DCAP            saed90nm_max     D
tapfiller!DCAP!1610       DCAP            saed90nm_max     D
tapfiller!DCAP!1611       DCAP            saed90nm_max     D
tapfiller!DCAP!1612       DCAP            saed90nm_max     D
tapfiller!DCAP!1613       DCAP            saed90nm_max     D
tapfiller!DCAP!1614       DCAP            saed90nm_max     D
tapfiller!DCAP!1615       DCAP            saed90nm_max     D
tapfiller!DCAP!1616       DCAP            saed90nm_max     D
tapfiller!DCAP!1617       DCAP            saed90nm_max     D
tapfiller!DCAP!1618       DCAP            saed90nm_max     D
tapfiller!DCAP!1619       DCAP            saed90nm_max     D
tapfiller!DCAP!162        DCAP            saed90nm_max     D
tapfiller!DCAP!1620       DCAP            saed90nm_max     D
tapfiller!DCAP!1621       DCAP            saed90nm_max     D
tapfiller!DCAP!1622       DCAP            saed90nm_max     D
tapfiller!DCAP!1623       DCAP            saed90nm_max     D
tapfiller!DCAP!1624       DCAP            saed90nm_max     D
tapfiller!DCAP!1625       DCAP            saed90nm_max     D
tapfiller!DCAP!1626       DCAP            saed90nm_max     D
tapfiller!DCAP!1627       DCAP            saed90nm_max     D
tapfiller!DCAP!1628       DCAP            saed90nm_max     D
tapfiller!DCAP!1629       DCAP            saed90nm_max     D
tapfiller!DCAP!163        DCAP            saed90nm_max     D
tapfiller!DCAP!1630       DCAP            saed90nm_max     D
tapfiller!DCAP!1631       DCAP            saed90nm_max     D
tapfiller!DCAP!1632       DCAP            saed90nm_max     D
tapfiller!DCAP!1633       DCAP            saed90nm_max     D
tapfiller!DCAP!1634       DCAP            saed90nm_max     D
tapfiller!DCAP!1635       DCAP            saed90nm_max     D
tapfiller!DCAP!1636       DCAP            saed90nm_max     D
tapfiller!DCAP!1637       DCAP            saed90nm_max     D
tapfiller!DCAP!1638       DCAP            saed90nm_max     D
tapfiller!DCAP!1639       DCAP            saed90nm_max     D
tapfiller!DCAP!164        DCAP            saed90nm_max     D
tapfiller!DCAP!1640       DCAP            saed90nm_max     D
tapfiller!DCAP!1641       DCAP            saed90nm_max     D
tapfiller!DCAP!1642       DCAP            saed90nm_max     D
tapfiller!DCAP!1643       DCAP            saed90nm_max     D
tapfiller!DCAP!1644       DCAP            saed90nm_max     D
tapfiller!DCAP!1645       DCAP            saed90nm_max     D
tapfiller!DCAP!1646       DCAP            saed90nm_max     D
tapfiller!DCAP!1647       DCAP            saed90nm_max     D
tapfiller!DCAP!1648       DCAP            saed90nm_max     D
tapfiller!DCAP!1649       DCAP            saed90nm_max     D
tapfiller!DCAP!165        DCAP            saed90nm_max     D
tapfiller!DCAP!1650       DCAP            saed90nm_max     D
tapfiller!DCAP!1651       DCAP            saed90nm_max     D
tapfiller!DCAP!1652       DCAP            saed90nm_max     D
tapfiller!DCAP!1653       DCAP            saed90nm_max     D
tapfiller!DCAP!1654       DCAP            saed90nm_max     D
tapfiller!DCAP!1655       DCAP            saed90nm_max     D
tapfiller!DCAP!1656       DCAP            saed90nm_max     D
tapfiller!DCAP!1657       DCAP            saed90nm_max     D
tapfiller!DCAP!1658       DCAP            saed90nm_max     D
tapfiller!DCAP!1659       DCAP            saed90nm_max     D
tapfiller!DCAP!166        DCAP            saed90nm_max     D
tapfiller!DCAP!1660       DCAP            saed90nm_max     D
tapfiller!DCAP!1661       DCAP            saed90nm_max     D
tapfiller!DCAP!1662       DCAP            saed90nm_max     D
tapfiller!DCAP!1663       DCAP            saed90nm_max     D
tapfiller!DCAP!1664       DCAP            saed90nm_max     D
tapfiller!DCAP!1665       DCAP            saed90nm_max     D
tapfiller!DCAP!1666       DCAP            saed90nm_max     D
tapfiller!DCAP!1667       DCAP            saed90nm_max     D
tapfiller!DCAP!1668       DCAP            saed90nm_max     D
tapfiller!DCAP!1669       DCAP            saed90nm_max     D
tapfiller!DCAP!167        DCAP            saed90nm_max     D
tapfiller!DCAP!1670       DCAP            saed90nm_max     D
tapfiller!DCAP!1671       DCAP            saed90nm_max     D
tapfiller!DCAP!1672       DCAP            saed90nm_max     D
tapfiller!DCAP!1673       DCAP            saed90nm_max     D
tapfiller!DCAP!1674       DCAP            saed90nm_max     D
tapfiller!DCAP!1675       DCAP            saed90nm_max     D
tapfiller!DCAP!1676       DCAP            saed90nm_max     D
tapfiller!DCAP!1677       DCAP            saed90nm_max     D
tapfiller!DCAP!1678       DCAP            saed90nm_max     D
tapfiller!DCAP!1679       DCAP            saed90nm_max     D
tapfiller!DCAP!168        DCAP            saed90nm_max     D
tapfiller!DCAP!1680       DCAP            saed90nm_max     D
tapfiller!DCAP!1681       DCAP            saed90nm_max     D
tapfiller!DCAP!1682       DCAP            saed90nm_max     D
tapfiller!DCAP!1683       DCAP            saed90nm_max     D
tapfiller!DCAP!1684       DCAP            saed90nm_max     D
tapfiller!DCAP!1685       DCAP            saed90nm_max     D
tapfiller!DCAP!1686       DCAP            saed90nm_max     D
tapfiller!DCAP!1687       DCAP            saed90nm_max     D
tapfiller!DCAP!1688       DCAP            saed90nm_max     D
tapfiller!DCAP!1689       DCAP            saed90nm_max     D
tapfiller!DCAP!169        DCAP            saed90nm_max     D
tapfiller!DCAP!1690       DCAP            saed90nm_max     D
tapfiller!DCAP!1691       DCAP            saed90nm_max     D
tapfiller!DCAP!1692       DCAP            saed90nm_max     D
tapfiller!DCAP!1693       DCAP            saed90nm_max     D
tapfiller!DCAP!1694       DCAP            saed90nm_max     D
tapfiller!DCAP!1695       DCAP            saed90nm_max     D
tapfiller!DCAP!1696       DCAP            saed90nm_max     D
tapfiller!DCAP!1697       DCAP            saed90nm_max     D
tapfiller!DCAP!1698       DCAP            saed90nm_max     D
tapfiller!DCAP!1699       DCAP            saed90nm_max     D
tapfiller!DCAP!17         DCAP            saed90nm_max     D
tapfiller!DCAP!170        DCAP            saed90nm_max     D
tapfiller!DCAP!1700       DCAP            saed90nm_max     D
tapfiller!DCAP!1701       DCAP            saed90nm_max     D
tapfiller!DCAP!1702       DCAP            saed90nm_max     D
tapfiller!DCAP!1703       DCAP            saed90nm_max     D
tapfiller!DCAP!1704       DCAP            saed90nm_max     D
tapfiller!DCAP!1705       DCAP            saed90nm_max     D
tapfiller!DCAP!1706       DCAP            saed90nm_max     D
tapfiller!DCAP!1707       DCAP            saed90nm_max     D
tapfiller!DCAP!1708       DCAP            saed90nm_max     D
tapfiller!DCAP!1709       DCAP            saed90nm_max     D
tapfiller!DCAP!171        DCAP            saed90nm_max     D
tapfiller!DCAP!1710       DCAP            saed90nm_max     D
tapfiller!DCAP!1711       DCAP            saed90nm_max     D
tapfiller!DCAP!1712       DCAP            saed90nm_max     D
tapfiller!DCAP!1713       DCAP            saed90nm_max     D
tapfiller!DCAP!1714       DCAP            saed90nm_max     D
tapfiller!DCAP!1715       DCAP            saed90nm_max     D
tapfiller!DCAP!1716       DCAP            saed90nm_max     D
tapfiller!DCAP!1717       DCAP            saed90nm_max     D
tapfiller!DCAP!1718       DCAP            saed90nm_max     D
tapfiller!DCAP!1719       DCAP            saed90nm_max     D
tapfiller!DCAP!172        DCAP            saed90nm_max     D
tapfiller!DCAP!1720       DCAP            saed90nm_max     D
tapfiller!DCAP!1721       DCAP            saed90nm_max     D
tapfiller!DCAP!1722       DCAP            saed90nm_max     D
tapfiller!DCAP!1723       DCAP            saed90nm_max     D
tapfiller!DCAP!1724       DCAP            saed90nm_max     D
tapfiller!DCAP!1725       DCAP            saed90nm_max     D
tapfiller!DCAP!1726       DCAP            saed90nm_max     D
tapfiller!DCAP!1727       DCAP            saed90nm_max     D
tapfiller!DCAP!1728       DCAP            saed90nm_max     D
tapfiller!DCAP!1729       DCAP            saed90nm_max     D
tapfiller!DCAP!173        DCAP            saed90nm_max     D
tapfiller!DCAP!1730       DCAP            saed90nm_max     D
tapfiller!DCAP!1731       DCAP            saed90nm_max     D
tapfiller!DCAP!1732       DCAP            saed90nm_max     D
tapfiller!DCAP!1733       DCAP            saed90nm_max     D
tapfiller!DCAP!1734       DCAP            saed90nm_max     D
tapfiller!DCAP!1735       DCAP            saed90nm_max     D
tapfiller!DCAP!1736       DCAP            saed90nm_max     D
tapfiller!DCAP!1737       DCAP            saed90nm_max     D
tapfiller!DCAP!1738       DCAP            saed90nm_max     D
tapfiller!DCAP!1739       DCAP            saed90nm_max     D
tapfiller!DCAP!174        DCAP            saed90nm_max     D
tapfiller!DCAP!1740       DCAP            saed90nm_max     D
tapfiller!DCAP!1741       DCAP            saed90nm_max     D
tapfiller!DCAP!1742       DCAP            saed90nm_max     D
tapfiller!DCAP!1743       DCAP            saed90nm_max     D
tapfiller!DCAP!1744       DCAP            saed90nm_max     D
tapfiller!DCAP!1745       DCAP            saed90nm_max     D
tapfiller!DCAP!1746       DCAP            saed90nm_max     D
tapfiller!DCAP!1747       DCAP            saed90nm_max     D
tapfiller!DCAP!1748       DCAP            saed90nm_max     D
tapfiller!DCAP!1749       DCAP            saed90nm_max     D
tapfiller!DCAP!175        DCAP            saed90nm_max     D
tapfiller!DCAP!1750       DCAP            saed90nm_max     D
tapfiller!DCAP!1751       DCAP            saed90nm_max     D
tapfiller!DCAP!1752       DCAP            saed90nm_max     D
tapfiller!DCAP!1753       DCAP            saed90nm_max     D
tapfiller!DCAP!1754       DCAP            saed90nm_max     D
tapfiller!DCAP!1755       DCAP            saed90nm_max     D
tapfiller!DCAP!1756       DCAP            saed90nm_max     D
tapfiller!DCAP!1757       DCAP            saed90nm_max     D
tapfiller!DCAP!1758       DCAP            saed90nm_max     D
tapfiller!DCAP!1759       DCAP            saed90nm_max     D
tapfiller!DCAP!176        DCAP            saed90nm_max     D
tapfiller!DCAP!1760       DCAP            saed90nm_max     D
tapfiller!DCAP!1761       DCAP            saed90nm_max     D
tapfiller!DCAP!1762       DCAP            saed90nm_max     D
tapfiller!DCAP!1763       DCAP            saed90nm_max     D
tapfiller!DCAP!1764       DCAP            saed90nm_max     D
tapfiller!DCAP!1765       DCAP            saed90nm_max     D
tapfiller!DCAP!1766       DCAP            saed90nm_max     D
tapfiller!DCAP!1767       DCAP            saed90nm_max     D
tapfiller!DCAP!1768       DCAP            saed90nm_max     D
tapfiller!DCAP!1769       DCAP            saed90nm_max     D
tapfiller!DCAP!177        DCAP            saed90nm_max     D
tapfiller!DCAP!1770       DCAP            saed90nm_max     D
tapfiller!DCAP!1771       DCAP            saed90nm_max     D
tapfiller!DCAP!1772       DCAP            saed90nm_max     D
tapfiller!DCAP!1773       DCAP            saed90nm_max     D
tapfiller!DCAP!1774       DCAP            saed90nm_max     D
tapfiller!DCAP!1775       DCAP            saed90nm_max     D
tapfiller!DCAP!1776       DCAP            saed90nm_max     D
tapfiller!DCAP!1777       DCAP            saed90nm_max     D
tapfiller!DCAP!1778       DCAP            saed90nm_max     D
tapfiller!DCAP!1779       DCAP            saed90nm_max     D
tapfiller!DCAP!178        DCAP            saed90nm_max     D
tapfiller!DCAP!1780       DCAP            saed90nm_max     D
tapfiller!DCAP!1781       DCAP            saed90nm_max     D
tapfiller!DCAP!1782       DCAP            saed90nm_max     D
tapfiller!DCAP!1783       DCAP            saed90nm_max     D
tapfiller!DCAP!1784       DCAP            saed90nm_max     D
tapfiller!DCAP!1785       DCAP            saed90nm_max     D
tapfiller!DCAP!1786       DCAP            saed90nm_max     D
tapfiller!DCAP!1787       DCAP            saed90nm_max     D
tapfiller!DCAP!1788       DCAP            saed90nm_max     D
tapfiller!DCAP!1789       DCAP            saed90nm_max     D
tapfiller!DCAP!179        DCAP            saed90nm_max     D
tapfiller!DCAP!1790       DCAP            saed90nm_max     D
tapfiller!DCAP!1791       DCAP            saed90nm_max     D
tapfiller!DCAP!1792       DCAP            saed90nm_max     D
tapfiller!DCAP!1793       DCAP            saed90nm_max     D
tapfiller!DCAP!1794       DCAP            saed90nm_max     D
tapfiller!DCAP!1795       DCAP            saed90nm_max     D
tapfiller!DCAP!1796       DCAP            saed90nm_max     D
tapfiller!DCAP!1797       DCAP            saed90nm_max     D
tapfiller!DCAP!1798       DCAP            saed90nm_max     D
tapfiller!DCAP!1799       DCAP            saed90nm_max     D
tapfiller!DCAP!18         DCAP            saed90nm_max     D
tapfiller!DCAP!180        DCAP            saed90nm_max     D
tapfiller!DCAP!1800       DCAP            saed90nm_max     D
tapfiller!DCAP!1801       DCAP            saed90nm_max     D
tapfiller!DCAP!1802       DCAP            saed90nm_max     D
tapfiller!DCAP!1803       DCAP            saed90nm_max     D
tapfiller!DCAP!1804       DCAP            saed90nm_max     D
tapfiller!DCAP!1805       DCAP            saed90nm_max     D
tapfiller!DCAP!1806       DCAP            saed90nm_max     D
tapfiller!DCAP!1807       DCAP            saed90nm_max     D
tapfiller!DCAP!1808       DCAP            saed90nm_max     D
tapfiller!DCAP!1809       DCAP            saed90nm_max     D
tapfiller!DCAP!181        DCAP            saed90nm_max     D
tapfiller!DCAP!1810       DCAP            saed90nm_max     D
tapfiller!DCAP!1811       DCAP            saed90nm_max     D
tapfiller!DCAP!1812       DCAP            saed90nm_max     D
tapfiller!DCAP!1813       DCAP            saed90nm_max     D
tapfiller!DCAP!1814       DCAP            saed90nm_max     D
tapfiller!DCAP!1815       DCAP            saed90nm_max     D
tapfiller!DCAP!1816       DCAP            saed90nm_max     D
tapfiller!DCAP!1817       DCAP            saed90nm_max     D
tapfiller!DCAP!1818       DCAP            saed90nm_max     D
tapfiller!DCAP!1819       DCAP            saed90nm_max     D
tapfiller!DCAP!182        DCAP            saed90nm_max     D
tapfiller!DCAP!1820       DCAP            saed90nm_max     D
tapfiller!DCAP!1821       DCAP            saed90nm_max     D
tapfiller!DCAP!1822       DCAP            saed90nm_max     D
tapfiller!DCAP!1823       DCAP            saed90nm_max     D
tapfiller!DCAP!1824       DCAP            saed90nm_max     D
tapfiller!DCAP!1825       DCAP            saed90nm_max     D
tapfiller!DCAP!1826       DCAP            saed90nm_max     D
tapfiller!DCAP!1827       DCAP            saed90nm_max     D
tapfiller!DCAP!1828       DCAP            saed90nm_max     D
tapfiller!DCAP!1829       DCAP            saed90nm_max     D
tapfiller!DCAP!183        DCAP            saed90nm_max     D
tapfiller!DCAP!1830       DCAP            saed90nm_max     D
tapfiller!DCAP!1831       DCAP            saed90nm_max     D
tapfiller!DCAP!1832       DCAP            saed90nm_max     D
tapfiller!DCAP!1833       DCAP            saed90nm_max     D
tapfiller!DCAP!1834       DCAP            saed90nm_max     D
tapfiller!DCAP!1835       DCAP            saed90nm_max     D
tapfiller!DCAP!1836       DCAP            saed90nm_max     D
tapfiller!DCAP!1837       DCAP            saed90nm_max     D
tapfiller!DCAP!1838       DCAP            saed90nm_max     D
tapfiller!DCAP!1839       DCAP            saed90nm_max     D
tapfiller!DCAP!184        DCAP            saed90nm_max     D
tapfiller!DCAP!1840       DCAP            saed90nm_max     D
tapfiller!DCAP!1841       DCAP            saed90nm_max     D
tapfiller!DCAP!1842       DCAP            saed90nm_max     D
tapfiller!DCAP!1843       DCAP            saed90nm_max     D
tapfiller!DCAP!1844       DCAP            saed90nm_max     D
tapfiller!DCAP!1845       DCAP            saed90nm_max     D
tapfiller!DCAP!1846       DCAP            saed90nm_max     D
tapfiller!DCAP!1847       DCAP            saed90nm_max     D
tapfiller!DCAP!1848       DCAP            saed90nm_max     D
tapfiller!DCAP!1849       DCAP            saed90nm_max     D
tapfiller!DCAP!185        DCAP            saed90nm_max     D
tapfiller!DCAP!1850       DCAP            saed90nm_max     D
tapfiller!DCAP!1851       DCAP            saed90nm_max     D
tapfiller!DCAP!1852       DCAP            saed90nm_max     D
tapfiller!DCAP!1853       DCAP            saed90nm_max     D
tapfiller!DCAP!1854       DCAP            saed90nm_max     D
tapfiller!DCAP!1855       DCAP            saed90nm_max     D
tapfiller!DCAP!1856       DCAP            saed90nm_max     D
tapfiller!DCAP!1857       DCAP            saed90nm_max     D
tapfiller!DCAP!1858       DCAP            saed90nm_max     D
tapfiller!DCAP!1859       DCAP            saed90nm_max     D
tapfiller!DCAP!186        DCAP            saed90nm_max     D
tapfiller!DCAP!1860       DCAP            saed90nm_max     D
tapfiller!DCAP!1861       DCAP            saed90nm_max     D
tapfiller!DCAP!1862       DCAP            saed90nm_max     D
tapfiller!DCAP!1863       DCAP            saed90nm_max     D
tapfiller!DCAP!1864       DCAP            saed90nm_max     D
tapfiller!DCAP!1865       DCAP            saed90nm_max     D
tapfiller!DCAP!1866       DCAP            saed90nm_max     D
tapfiller!DCAP!1867       DCAP            saed90nm_max     D
tapfiller!DCAP!1868       DCAP            saed90nm_max     D
tapfiller!DCAP!1869       DCAP            saed90nm_max     D
tapfiller!DCAP!187        DCAP            saed90nm_max     D
tapfiller!DCAP!1870       DCAP            saed90nm_max     D
tapfiller!DCAP!1871       DCAP            saed90nm_max     D
tapfiller!DCAP!1872       DCAP            saed90nm_max     D
tapfiller!DCAP!1873       DCAP            saed90nm_max     D
tapfiller!DCAP!1874       DCAP            saed90nm_max     D
tapfiller!DCAP!1875       DCAP            saed90nm_max     D
tapfiller!DCAP!1876       DCAP            saed90nm_max     D
tapfiller!DCAP!1877       DCAP            saed90nm_max     D
tapfiller!DCAP!1878       DCAP            saed90nm_max     D
tapfiller!DCAP!1879       DCAP            saed90nm_max     D
tapfiller!DCAP!188        DCAP            saed90nm_max     D
tapfiller!DCAP!1880       DCAP            saed90nm_max     D
tapfiller!DCAP!1881       DCAP            saed90nm_max     D
tapfiller!DCAP!1882       DCAP            saed90nm_max     D
tapfiller!DCAP!1883       DCAP            saed90nm_max     D
tapfiller!DCAP!1884       DCAP            saed90nm_max     D
tapfiller!DCAP!1885       DCAP            saed90nm_max     D
tapfiller!DCAP!1886       DCAP            saed90nm_max     D
tapfiller!DCAP!1887       DCAP            saed90nm_max     D
tapfiller!DCAP!1888       DCAP            saed90nm_max     D
tapfiller!DCAP!1889       DCAP            saed90nm_max     D
tapfiller!DCAP!189        DCAP            saed90nm_max     D
tapfiller!DCAP!1890       DCAP            saed90nm_max     D
tapfiller!DCAP!1891       DCAP            saed90nm_max     D
tapfiller!DCAP!1892       DCAP            saed90nm_max     D
tapfiller!DCAP!1893       DCAP            saed90nm_max     D
tapfiller!DCAP!1894       DCAP            saed90nm_max     D
tapfiller!DCAP!1895       DCAP            saed90nm_max     D
tapfiller!DCAP!1896       DCAP            saed90nm_max     D
tapfiller!DCAP!1897       DCAP            saed90nm_max     D
tapfiller!DCAP!1898       DCAP            saed90nm_max     D
tapfiller!DCAP!1899       DCAP            saed90nm_max     D
tapfiller!DCAP!19         DCAP            saed90nm_max     D
tapfiller!DCAP!190        DCAP            saed90nm_max     D
tapfiller!DCAP!1900       DCAP            saed90nm_max     D
tapfiller!DCAP!1901       DCAP            saed90nm_max     D
tapfiller!DCAP!1902       DCAP            saed90nm_max     D
tapfiller!DCAP!1903       DCAP            saed90nm_max     D
tapfiller!DCAP!1904       DCAP            saed90nm_max     D
tapfiller!DCAP!1905       DCAP            saed90nm_max     D
tapfiller!DCAP!1906       DCAP            saed90nm_max     D
tapfiller!DCAP!1907       DCAP            saed90nm_max     D
tapfiller!DCAP!1908       DCAP            saed90nm_max     D
tapfiller!DCAP!1909       DCAP            saed90nm_max     D
tapfiller!DCAP!191        DCAP            saed90nm_max     D
tapfiller!DCAP!1910       DCAP            saed90nm_max     D
tapfiller!DCAP!1911       DCAP            saed90nm_max     D
tapfiller!DCAP!1912       DCAP            saed90nm_max     D
tapfiller!DCAP!1913       DCAP            saed90nm_max     D
tapfiller!DCAP!1914       DCAP            saed90nm_max     D
tapfiller!DCAP!1915       DCAP            saed90nm_max     D
tapfiller!DCAP!1916       DCAP            saed90nm_max     D
tapfiller!DCAP!1917       DCAP            saed90nm_max     D
tapfiller!DCAP!1918       DCAP            saed90nm_max     D
tapfiller!DCAP!1919       DCAP            saed90nm_max     D
tapfiller!DCAP!192        DCAP            saed90nm_max     D
tapfiller!DCAP!1920       DCAP            saed90nm_max     D
tapfiller!DCAP!1921       DCAP            saed90nm_max     D
tapfiller!DCAP!1922       DCAP            saed90nm_max     D
tapfiller!DCAP!1923       DCAP            saed90nm_max     D
tapfiller!DCAP!1924       DCAP            saed90nm_max     D
tapfiller!DCAP!1925       DCAP            saed90nm_max     D
tapfiller!DCAP!1926       DCAP            saed90nm_max     D
tapfiller!DCAP!1927       DCAP            saed90nm_max     D
tapfiller!DCAP!1928       DCAP            saed90nm_max     D
tapfiller!DCAP!1929       DCAP            saed90nm_max     D
tapfiller!DCAP!193        DCAP            saed90nm_max     D
tapfiller!DCAP!1930       DCAP            saed90nm_max     D
tapfiller!DCAP!1931       DCAP            saed90nm_max     D
tapfiller!DCAP!1932       DCAP            saed90nm_max     D
tapfiller!DCAP!1933       DCAP            saed90nm_max     D
tapfiller!DCAP!1934       DCAP            saed90nm_max     D
tapfiller!DCAP!1935       DCAP            saed90nm_max     D
tapfiller!DCAP!1936       DCAP            saed90nm_max     D
tapfiller!DCAP!1937       DCAP            saed90nm_max     D
tapfiller!DCAP!1938       DCAP            saed90nm_max     D
tapfiller!DCAP!1939       DCAP            saed90nm_max     D
tapfiller!DCAP!194        DCAP            saed90nm_max     D
tapfiller!DCAP!1940       DCAP            saed90nm_max     D
tapfiller!DCAP!1941       DCAP            saed90nm_max     D
tapfiller!DCAP!1942       DCAP            saed90nm_max     D
tapfiller!DCAP!1943       DCAP            saed90nm_max     D
tapfiller!DCAP!1944       DCAP            saed90nm_max     D
tapfiller!DCAP!1945       DCAP            saed90nm_max     D
tapfiller!DCAP!1946       DCAP            saed90nm_max     D
tapfiller!DCAP!1947       DCAP            saed90nm_max     D
tapfiller!DCAP!1948       DCAP            saed90nm_max     D
tapfiller!DCAP!1949       DCAP            saed90nm_max     D
tapfiller!DCAP!195        DCAP            saed90nm_max     D
tapfiller!DCAP!1950       DCAP            saed90nm_max     D
tapfiller!DCAP!1951       DCAP            saed90nm_max     D
tapfiller!DCAP!1952       DCAP            saed90nm_max     D
tapfiller!DCAP!1953       DCAP            saed90nm_max     D
tapfiller!DCAP!1954       DCAP            saed90nm_max     D
tapfiller!DCAP!1955       DCAP            saed90nm_max     D
tapfiller!DCAP!1956       DCAP            saed90nm_max     D
tapfiller!DCAP!1957       DCAP            saed90nm_max     D
tapfiller!DCAP!1958       DCAP            saed90nm_max     D
tapfiller!DCAP!1959       DCAP            saed90nm_max     D
tapfiller!DCAP!196        DCAP            saed90nm_max     D
tapfiller!DCAP!1960       DCAP            saed90nm_max     D
tapfiller!DCAP!1961       DCAP            saed90nm_max     D
tapfiller!DCAP!1962       DCAP            saed90nm_max     D
tapfiller!DCAP!1963       DCAP            saed90nm_max     D
tapfiller!DCAP!1964       DCAP            saed90nm_max     D
tapfiller!DCAP!1965       DCAP            saed90nm_max     D
tapfiller!DCAP!1966       DCAP            saed90nm_max     D
tapfiller!DCAP!1967       DCAP            saed90nm_max     D
tapfiller!DCAP!1968       DCAP            saed90nm_max     D
tapfiller!DCAP!1969       DCAP            saed90nm_max     D
tapfiller!DCAP!197        DCAP            saed90nm_max     D
tapfiller!DCAP!1970       DCAP            saed90nm_max     D
tapfiller!DCAP!1971       DCAP            saed90nm_max     D
tapfiller!DCAP!1972       DCAP            saed90nm_max     D
tapfiller!DCAP!1973       DCAP            saed90nm_max     D
tapfiller!DCAP!1974       DCAP            saed90nm_max     D
tapfiller!DCAP!1975       DCAP            saed90nm_max     D
tapfiller!DCAP!1976       DCAP            saed90nm_max     D
tapfiller!DCAP!1977       DCAP            saed90nm_max     D
tapfiller!DCAP!1978       DCAP            saed90nm_max     D
tapfiller!DCAP!1979       DCAP            saed90nm_max     D
tapfiller!DCAP!198        DCAP            saed90nm_max     D
tapfiller!DCAP!1980       DCAP            saed90nm_max     D
tapfiller!DCAP!1981       DCAP            saed90nm_max     D
tapfiller!DCAP!1982       DCAP            saed90nm_max     D
tapfiller!DCAP!1983       DCAP            saed90nm_max     D
tapfiller!DCAP!1984       DCAP            saed90nm_max     D
tapfiller!DCAP!1985       DCAP            saed90nm_max     D
tapfiller!DCAP!1986       DCAP            saed90nm_max     D
tapfiller!DCAP!1987       DCAP            saed90nm_max     D
tapfiller!DCAP!1988       DCAP            saed90nm_max     D
tapfiller!DCAP!1989       DCAP            saed90nm_max     D
tapfiller!DCAP!199        DCAP            saed90nm_max     D
tapfiller!DCAP!1990       DCAP            saed90nm_max     D
tapfiller!DCAP!1991       DCAP            saed90nm_max     D
tapfiller!DCAP!1992       DCAP            saed90nm_max     D
tapfiller!DCAP!1993       DCAP            saed90nm_max     D
tapfiller!DCAP!1994       DCAP            saed90nm_max     D
tapfiller!DCAP!1995       DCAP            saed90nm_max     D
tapfiller!DCAP!1996       DCAP            saed90nm_max     D
tapfiller!DCAP!1997       DCAP            saed90nm_max     D
tapfiller!DCAP!1998       DCAP            saed90nm_max     D
tapfiller!DCAP!1999       DCAP            saed90nm_max     D
tapfiller!DCAP!2          DCAP            saed90nm_max     D
tapfiller!DCAP!20         DCAP            saed90nm_max     D
tapfiller!DCAP!200        DCAP            saed90nm_max     D
tapfiller!DCAP!2000       DCAP            saed90nm_max     D
tapfiller!DCAP!2001       DCAP            saed90nm_max     D
tapfiller!DCAP!2002       DCAP            saed90nm_max     D
tapfiller!DCAP!2003       DCAP            saed90nm_max     D
tapfiller!DCAP!2004       DCAP            saed90nm_max     D
tapfiller!DCAP!2005       DCAP            saed90nm_max     D
tapfiller!DCAP!201        DCAP            saed90nm_max     D
tapfiller!DCAP!202        DCAP            saed90nm_max     D
tapfiller!DCAP!203        DCAP            saed90nm_max     D
tapfiller!DCAP!204        DCAP            saed90nm_max     D
tapfiller!DCAP!205        DCAP            saed90nm_max     D
tapfiller!DCAP!206        DCAP            saed90nm_max     D
tapfiller!DCAP!207        DCAP            saed90nm_max     D
tapfiller!DCAP!208        DCAP            saed90nm_max     D
tapfiller!DCAP!209        DCAP            saed90nm_max     D
tapfiller!DCAP!21         DCAP            saed90nm_max     D
tapfiller!DCAP!210        DCAP            saed90nm_max     D
tapfiller!DCAP!211        DCAP            saed90nm_max     D
tapfiller!DCAP!212        DCAP            saed90nm_max     D
tapfiller!DCAP!213        DCAP            saed90nm_max     D
tapfiller!DCAP!214        DCAP            saed90nm_max     D
tapfiller!DCAP!215        DCAP            saed90nm_max     D
tapfiller!DCAP!216        DCAP            saed90nm_max     D
tapfiller!DCAP!217        DCAP            saed90nm_max     D
tapfiller!DCAP!218        DCAP            saed90nm_max     D
tapfiller!DCAP!219        DCAP            saed90nm_max     D
tapfiller!DCAP!22         DCAP            saed90nm_max     D
tapfiller!DCAP!220        DCAP            saed90nm_max     D
tapfiller!DCAP!221        DCAP            saed90nm_max     D
tapfiller!DCAP!222        DCAP            saed90nm_max     D
tapfiller!DCAP!223        DCAP            saed90nm_max     D
tapfiller!DCAP!224        DCAP            saed90nm_max     D
tapfiller!DCAP!225        DCAP            saed90nm_max     D
tapfiller!DCAP!226        DCAP            saed90nm_max     D
tapfiller!DCAP!227        DCAP            saed90nm_max     D
tapfiller!DCAP!228        DCAP            saed90nm_max     D
tapfiller!DCAP!229        DCAP            saed90nm_max     D
tapfiller!DCAP!23         DCAP            saed90nm_max     D
tapfiller!DCAP!230        DCAP            saed90nm_max     D
tapfiller!DCAP!231        DCAP            saed90nm_max     D
tapfiller!DCAP!232        DCAP            saed90nm_max     D
tapfiller!DCAP!233        DCAP            saed90nm_max     D
tapfiller!DCAP!234        DCAP            saed90nm_max     D
tapfiller!DCAP!235        DCAP            saed90nm_max     D
tapfiller!DCAP!236        DCAP            saed90nm_max     D
tapfiller!DCAP!237        DCAP            saed90nm_max     D
tapfiller!DCAP!238        DCAP            saed90nm_max     D
tapfiller!DCAP!239        DCAP            saed90nm_max     D
tapfiller!DCAP!24         DCAP            saed90nm_max     D
tapfiller!DCAP!240        DCAP            saed90nm_max     D
tapfiller!DCAP!241        DCAP            saed90nm_max     D
tapfiller!DCAP!242        DCAP            saed90nm_max     D
tapfiller!DCAP!243        DCAP            saed90nm_max     D
tapfiller!DCAP!244        DCAP            saed90nm_max     D
tapfiller!DCAP!245        DCAP            saed90nm_max     D
tapfiller!DCAP!246        DCAP            saed90nm_max     D
tapfiller!DCAP!247        DCAP            saed90nm_max     D
tapfiller!DCAP!248        DCAP            saed90nm_max     D
tapfiller!DCAP!249        DCAP            saed90nm_max     D
tapfiller!DCAP!25         DCAP            saed90nm_max     D
tapfiller!DCAP!250        DCAP            saed90nm_max     D
tapfiller!DCAP!251        DCAP            saed90nm_max     D
tapfiller!DCAP!252        DCAP            saed90nm_max     D
tapfiller!DCAP!253        DCAP            saed90nm_max     D
tapfiller!DCAP!254        DCAP            saed90nm_max     D
tapfiller!DCAP!255        DCAP            saed90nm_max     D
tapfiller!DCAP!256        DCAP            saed90nm_max     D
tapfiller!DCAP!257        DCAP            saed90nm_max     D
tapfiller!DCAP!258        DCAP            saed90nm_max     D
tapfiller!DCAP!259        DCAP            saed90nm_max     D
tapfiller!DCAP!26         DCAP            saed90nm_max     D
tapfiller!DCAP!260        DCAP            saed90nm_max     D
tapfiller!DCAP!261        DCAP            saed90nm_max     D
tapfiller!DCAP!262        DCAP            saed90nm_max     D
tapfiller!DCAP!263        DCAP            saed90nm_max     D
tapfiller!DCAP!264        DCAP            saed90nm_max     D
tapfiller!DCAP!265        DCAP            saed90nm_max     D
tapfiller!DCAP!266        DCAP            saed90nm_max     D
tapfiller!DCAP!267        DCAP            saed90nm_max     D
tapfiller!DCAP!268        DCAP            saed90nm_max     D
tapfiller!DCAP!269        DCAP            saed90nm_max     D
tapfiller!DCAP!27         DCAP            saed90nm_max     D
tapfiller!DCAP!270        DCAP            saed90nm_max     D
tapfiller!DCAP!271        DCAP            saed90nm_max     D
tapfiller!DCAP!272        DCAP            saed90nm_max     D
tapfiller!DCAP!273        DCAP            saed90nm_max     D
tapfiller!DCAP!274        DCAP            saed90nm_max     D
tapfiller!DCAP!275        DCAP            saed90nm_max     D
tapfiller!DCAP!276        DCAP            saed90nm_max     D
tapfiller!DCAP!277        DCAP            saed90nm_max     D
tapfiller!DCAP!278        DCAP            saed90nm_max     D
tapfiller!DCAP!279        DCAP            saed90nm_max     D
tapfiller!DCAP!28         DCAP            saed90nm_max     D
tapfiller!DCAP!280        DCAP            saed90nm_max     D
tapfiller!DCAP!281        DCAP            saed90nm_max     D
tapfiller!DCAP!282        DCAP            saed90nm_max     D
tapfiller!DCAP!283        DCAP            saed90nm_max     D
tapfiller!DCAP!284        DCAP            saed90nm_max     D
tapfiller!DCAP!285        DCAP            saed90nm_max     D
tapfiller!DCAP!286        DCAP            saed90nm_max     D
tapfiller!DCAP!287        DCAP            saed90nm_max     D
tapfiller!DCAP!288        DCAP            saed90nm_max     D
tapfiller!DCAP!289        DCAP            saed90nm_max     D
tapfiller!DCAP!29         DCAP            saed90nm_max     D
tapfiller!DCAP!290        DCAP            saed90nm_max     D
tapfiller!DCAP!291        DCAP            saed90nm_max     D
tapfiller!DCAP!292        DCAP            saed90nm_max     D
tapfiller!DCAP!293        DCAP            saed90nm_max     D
tapfiller!DCAP!294        DCAP            saed90nm_max     D
tapfiller!DCAP!295        DCAP            saed90nm_max     D
tapfiller!DCAP!296        DCAP            saed90nm_max     D
tapfiller!DCAP!297        DCAP            saed90nm_max     D
tapfiller!DCAP!298        DCAP            saed90nm_max     D
tapfiller!DCAP!299        DCAP            saed90nm_max     D
tapfiller!DCAP!3          DCAP            saed90nm_max     D
tapfiller!DCAP!30         DCAP            saed90nm_max     D
tapfiller!DCAP!300        DCAP            saed90nm_max     D
tapfiller!DCAP!301        DCAP            saed90nm_max     D
tapfiller!DCAP!302        DCAP            saed90nm_max     D
tapfiller!DCAP!303        DCAP            saed90nm_max     D
tapfiller!DCAP!304        DCAP            saed90nm_max     D
tapfiller!DCAP!305        DCAP            saed90nm_max     D
tapfiller!DCAP!306        DCAP            saed90nm_max     D
tapfiller!DCAP!307        DCAP            saed90nm_max     D
tapfiller!DCAP!308        DCAP            saed90nm_max     D
tapfiller!DCAP!309        DCAP            saed90nm_max     D
tapfiller!DCAP!31         DCAP            saed90nm_max     D
tapfiller!DCAP!310        DCAP            saed90nm_max     D
tapfiller!DCAP!311        DCAP            saed90nm_max     D
tapfiller!DCAP!312        DCAP            saed90nm_max     D
tapfiller!DCAP!313        DCAP            saed90nm_max     D
tapfiller!DCAP!314        DCAP            saed90nm_max     D
tapfiller!DCAP!315        DCAP            saed90nm_max     D
tapfiller!DCAP!316        DCAP            saed90nm_max     D
tapfiller!DCAP!317        DCAP            saed90nm_max     D
tapfiller!DCAP!318        DCAP            saed90nm_max     D
tapfiller!DCAP!319        DCAP            saed90nm_max     D
tapfiller!DCAP!32         DCAP            saed90nm_max     D
tapfiller!DCAP!320        DCAP            saed90nm_max     D
tapfiller!DCAP!321        DCAP            saed90nm_max     D
tapfiller!DCAP!322        DCAP            saed90nm_max     D
tapfiller!DCAP!323        DCAP            saed90nm_max     D
tapfiller!DCAP!324        DCAP            saed90nm_max     D
tapfiller!DCAP!325        DCAP            saed90nm_max     D
tapfiller!DCAP!326        DCAP            saed90nm_max     D
tapfiller!DCAP!327        DCAP            saed90nm_max     D
tapfiller!DCAP!328        DCAP            saed90nm_max     D
tapfiller!DCAP!329        DCAP            saed90nm_max     D
tapfiller!DCAP!33         DCAP            saed90nm_max     D
tapfiller!DCAP!330        DCAP            saed90nm_max     D
tapfiller!DCAP!331        DCAP            saed90nm_max     D
tapfiller!DCAP!332        DCAP            saed90nm_max     D
tapfiller!DCAP!333        DCAP            saed90nm_max     D
tapfiller!DCAP!334        DCAP            saed90nm_max     D
tapfiller!DCAP!335        DCAP            saed90nm_max     D
tapfiller!DCAP!336        DCAP            saed90nm_max     D
tapfiller!DCAP!337        DCAP            saed90nm_max     D
tapfiller!DCAP!338        DCAP            saed90nm_max     D
tapfiller!DCAP!339        DCAP            saed90nm_max     D
tapfiller!DCAP!34         DCAP            saed90nm_max     D
tapfiller!DCAP!340        DCAP            saed90nm_max     D
tapfiller!DCAP!341        DCAP            saed90nm_max     D
tapfiller!DCAP!342        DCAP            saed90nm_max     D
tapfiller!DCAP!343        DCAP            saed90nm_max     D
tapfiller!DCAP!344        DCAP            saed90nm_max     D
tapfiller!DCAP!345        DCAP            saed90nm_max     D
tapfiller!DCAP!346        DCAP            saed90nm_max     D
tapfiller!DCAP!347        DCAP            saed90nm_max     D
tapfiller!DCAP!348        DCAP            saed90nm_max     D
tapfiller!DCAP!349        DCAP            saed90nm_max     D
tapfiller!DCAP!35         DCAP            saed90nm_max     D
tapfiller!DCAP!350        DCAP            saed90nm_max     D
tapfiller!DCAP!351        DCAP            saed90nm_max     D
tapfiller!DCAP!352        DCAP            saed90nm_max     D
tapfiller!DCAP!353        DCAP            saed90nm_max     D
tapfiller!DCAP!354        DCAP            saed90nm_max     D
tapfiller!DCAP!355        DCAP            saed90nm_max     D
tapfiller!DCAP!356        DCAP            saed90nm_max     D
tapfiller!DCAP!357        DCAP            saed90nm_max     D
tapfiller!DCAP!358        DCAP            saed90nm_max     D
tapfiller!DCAP!359        DCAP            saed90nm_max     D
tapfiller!DCAP!36         DCAP            saed90nm_max     D
tapfiller!DCAP!360        DCAP            saed90nm_max     D
tapfiller!DCAP!361        DCAP            saed90nm_max     D
tapfiller!DCAP!362        DCAP            saed90nm_max     D
tapfiller!DCAP!363        DCAP            saed90nm_max     D
tapfiller!DCAP!364        DCAP            saed90nm_max     D
tapfiller!DCAP!365        DCAP            saed90nm_max     D
tapfiller!DCAP!366        DCAP            saed90nm_max     D
tapfiller!DCAP!367        DCAP            saed90nm_max     D
tapfiller!DCAP!368        DCAP            saed90nm_max     D
tapfiller!DCAP!369        DCAP            saed90nm_max     D
tapfiller!DCAP!37         DCAP            saed90nm_max     D
tapfiller!DCAP!370        DCAP            saed90nm_max     D
tapfiller!DCAP!371        DCAP            saed90nm_max     D
tapfiller!DCAP!372        DCAP            saed90nm_max     D
tapfiller!DCAP!373        DCAP            saed90nm_max     D
tapfiller!DCAP!374        DCAP            saed90nm_max     D
tapfiller!DCAP!375        DCAP            saed90nm_max     D
tapfiller!DCAP!376        DCAP            saed90nm_max     D
tapfiller!DCAP!377        DCAP            saed90nm_max     D
tapfiller!DCAP!378        DCAP            saed90nm_max     D
tapfiller!DCAP!379        DCAP            saed90nm_max     D
tapfiller!DCAP!38         DCAP            saed90nm_max     D
tapfiller!DCAP!380        DCAP            saed90nm_max     D
tapfiller!DCAP!381        DCAP            saed90nm_max     D
tapfiller!DCAP!382        DCAP            saed90nm_max     D
tapfiller!DCAP!383        DCAP            saed90nm_max     D
tapfiller!DCAP!384        DCAP            saed90nm_max     D
tapfiller!DCAP!385        DCAP            saed90nm_max     D
tapfiller!DCAP!386        DCAP            saed90nm_max     D
tapfiller!DCAP!387        DCAP            saed90nm_max     D
tapfiller!DCAP!388        DCAP            saed90nm_max     D
tapfiller!DCAP!389        DCAP            saed90nm_max     D
tapfiller!DCAP!39         DCAP            saed90nm_max     D
tapfiller!DCAP!390        DCAP            saed90nm_max     D
tapfiller!DCAP!391        DCAP            saed90nm_max     D
tapfiller!DCAP!392        DCAP            saed90nm_max     D
tapfiller!DCAP!393        DCAP            saed90nm_max     D
tapfiller!DCAP!394        DCAP            saed90nm_max     D
tapfiller!DCAP!395        DCAP            saed90nm_max     D
tapfiller!DCAP!396        DCAP            saed90nm_max     D
tapfiller!DCAP!397        DCAP            saed90nm_max     D
tapfiller!DCAP!398        DCAP            saed90nm_max     D
tapfiller!DCAP!399        DCAP            saed90nm_max     D
tapfiller!DCAP!4          DCAP            saed90nm_max     D
tapfiller!DCAP!40         DCAP            saed90nm_max     D
tapfiller!DCAP!400        DCAP            saed90nm_max     D
tapfiller!DCAP!401        DCAP            saed90nm_max     D
tapfiller!DCAP!402        DCAP            saed90nm_max     D
tapfiller!DCAP!403        DCAP            saed90nm_max     D
tapfiller!DCAP!404        DCAP            saed90nm_max     D
tapfiller!DCAP!405        DCAP            saed90nm_max     D
tapfiller!DCAP!406        DCAP            saed90nm_max     D
tapfiller!DCAP!407        DCAP            saed90nm_max     D
tapfiller!DCAP!408        DCAP            saed90nm_max     D
tapfiller!DCAP!409        DCAP            saed90nm_max     D
tapfiller!DCAP!41         DCAP            saed90nm_max     D
tapfiller!DCAP!410        DCAP            saed90nm_max     D
tapfiller!DCAP!411        DCAP            saed90nm_max     D
tapfiller!DCAP!412        DCAP            saed90nm_max     D
tapfiller!DCAP!413        DCAP            saed90nm_max     D
tapfiller!DCAP!414        DCAP            saed90nm_max     D
tapfiller!DCAP!415        DCAP            saed90nm_max     D
tapfiller!DCAP!416        DCAP            saed90nm_max     D
tapfiller!DCAP!417        DCAP            saed90nm_max     D
tapfiller!DCAP!418        DCAP            saed90nm_max     D
tapfiller!DCAP!419        DCAP            saed90nm_max     D
tapfiller!DCAP!42         DCAP            saed90nm_max     D
tapfiller!DCAP!420        DCAP            saed90nm_max     D
tapfiller!DCAP!421        DCAP            saed90nm_max     D
tapfiller!DCAP!422        DCAP            saed90nm_max     D
tapfiller!DCAP!423        DCAP            saed90nm_max     D
tapfiller!DCAP!424        DCAP            saed90nm_max     D
tapfiller!DCAP!425        DCAP            saed90nm_max     D
tapfiller!DCAP!426        DCAP            saed90nm_max     D
tapfiller!DCAP!427        DCAP            saed90nm_max     D
tapfiller!DCAP!428        DCAP            saed90nm_max     D
tapfiller!DCAP!429        DCAP            saed90nm_max     D
tapfiller!DCAP!43         DCAP            saed90nm_max     D
tapfiller!DCAP!430        DCAP            saed90nm_max     D
tapfiller!DCAP!431        DCAP            saed90nm_max     D
tapfiller!DCAP!432        DCAP            saed90nm_max     D
tapfiller!DCAP!433        DCAP            saed90nm_max     D
tapfiller!DCAP!434        DCAP            saed90nm_max     D
tapfiller!DCAP!435        DCAP            saed90nm_max     D
tapfiller!DCAP!436        DCAP            saed90nm_max     D
tapfiller!DCAP!437        DCAP            saed90nm_max     D
tapfiller!DCAP!438        DCAP            saed90nm_max     D
tapfiller!DCAP!439        DCAP            saed90nm_max     D
tapfiller!DCAP!44         DCAP            saed90nm_max     D
tapfiller!DCAP!440        DCAP            saed90nm_max     D
tapfiller!DCAP!441        DCAP            saed90nm_max     D
tapfiller!DCAP!442        DCAP            saed90nm_max     D
tapfiller!DCAP!443        DCAP            saed90nm_max     D
tapfiller!DCAP!444        DCAP            saed90nm_max     D
tapfiller!DCAP!445        DCAP            saed90nm_max     D
tapfiller!DCAP!446        DCAP            saed90nm_max     D
tapfiller!DCAP!447        DCAP            saed90nm_max     D
tapfiller!DCAP!448        DCAP            saed90nm_max     D
tapfiller!DCAP!449        DCAP            saed90nm_max     D
tapfiller!DCAP!45         DCAP            saed90nm_max     D
tapfiller!DCAP!450        DCAP            saed90nm_max     D
tapfiller!DCAP!451        DCAP            saed90nm_max     D
tapfiller!DCAP!452        DCAP            saed90nm_max     D
tapfiller!DCAP!453        DCAP            saed90nm_max     D
tapfiller!DCAP!454        DCAP            saed90nm_max     D
tapfiller!DCAP!455        DCAP            saed90nm_max     D
tapfiller!DCAP!456        DCAP            saed90nm_max     D
tapfiller!DCAP!457        DCAP            saed90nm_max     D
tapfiller!DCAP!458        DCAP            saed90nm_max     D
tapfiller!DCAP!459        DCAP            saed90nm_max     D
tapfiller!DCAP!46         DCAP            saed90nm_max     D
tapfiller!DCAP!460        DCAP            saed90nm_max     D
tapfiller!DCAP!461        DCAP            saed90nm_max     D
tapfiller!DCAP!462        DCAP            saed90nm_max     D
tapfiller!DCAP!463        DCAP            saed90nm_max     D
tapfiller!DCAP!464        DCAP            saed90nm_max     D
tapfiller!DCAP!465        DCAP            saed90nm_max     D
tapfiller!DCAP!466        DCAP            saed90nm_max     D
tapfiller!DCAP!467        DCAP            saed90nm_max     D
tapfiller!DCAP!468        DCAP            saed90nm_max     D
tapfiller!DCAP!469        DCAP            saed90nm_max     D
tapfiller!DCAP!47         DCAP            saed90nm_max     D
tapfiller!DCAP!470        DCAP            saed90nm_max     D
tapfiller!DCAP!471        DCAP            saed90nm_max     D
tapfiller!DCAP!472        DCAP            saed90nm_max     D
tapfiller!DCAP!473        DCAP            saed90nm_max     D
tapfiller!DCAP!474        DCAP            saed90nm_max     D
tapfiller!DCAP!475        DCAP            saed90nm_max     D
tapfiller!DCAP!476        DCAP            saed90nm_max     D
tapfiller!DCAP!477        DCAP            saed90nm_max     D
tapfiller!DCAP!478        DCAP            saed90nm_max     D
tapfiller!DCAP!479        DCAP            saed90nm_max     D
tapfiller!DCAP!48         DCAP            saed90nm_max     D
tapfiller!DCAP!480        DCAP            saed90nm_max     D
tapfiller!DCAP!481        DCAP            saed90nm_max     D
tapfiller!DCAP!482        DCAP            saed90nm_max     D
tapfiller!DCAP!483        DCAP            saed90nm_max     D
tapfiller!DCAP!484        DCAP            saed90nm_max     D
tapfiller!DCAP!485        DCAP            saed90nm_max     D
tapfiller!DCAP!486        DCAP            saed90nm_max     D
tapfiller!DCAP!487        DCAP            saed90nm_max     D
tapfiller!DCAP!488        DCAP            saed90nm_max     D
tapfiller!DCAP!489        DCAP            saed90nm_max     D
tapfiller!DCAP!49         DCAP            saed90nm_max     D
tapfiller!DCAP!490        DCAP            saed90nm_max     D
tapfiller!DCAP!491        DCAP            saed90nm_max     D
tapfiller!DCAP!492        DCAP            saed90nm_max     D
tapfiller!DCAP!493        DCAP            saed90nm_max     D
tapfiller!DCAP!494        DCAP            saed90nm_max     D
tapfiller!DCAP!495        DCAP            saed90nm_max     D
tapfiller!DCAP!496        DCAP            saed90nm_max     D
tapfiller!DCAP!497        DCAP            saed90nm_max     D
tapfiller!DCAP!498        DCAP            saed90nm_max     D
tapfiller!DCAP!499        DCAP            saed90nm_max     D
tapfiller!DCAP!5          DCAP            saed90nm_max     D
tapfiller!DCAP!50         DCAP            saed90nm_max     D
tapfiller!DCAP!500        DCAP            saed90nm_max     D
tapfiller!DCAP!501        DCAP            saed90nm_max     D
tapfiller!DCAP!502        DCAP            saed90nm_max     D
tapfiller!DCAP!503        DCAP            saed90nm_max     D
tapfiller!DCAP!504        DCAP            saed90nm_max     D
tapfiller!DCAP!505        DCAP            saed90nm_max     D
tapfiller!DCAP!506        DCAP            saed90nm_max     D
tapfiller!DCAP!507        DCAP            saed90nm_max     D
tapfiller!DCAP!508        DCAP            saed90nm_max     D
tapfiller!DCAP!509        DCAP            saed90nm_max     D
tapfiller!DCAP!51         DCAP            saed90nm_max     D
tapfiller!DCAP!510        DCAP            saed90nm_max     D
tapfiller!DCAP!511        DCAP            saed90nm_max     D
tapfiller!DCAP!512        DCAP            saed90nm_max     D
tapfiller!DCAP!513        DCAP            saed90nm_max     D
tapfiller!DCAP!514        DCAP            saed90nm_max     D
tapfiller!DCAP!515        DCAP            saed90nm_max     D
tapfiller!DCAP!516        DCAP            saed90nm_max     D
tapfiller!DCAP!517        DCAP            saed90nm_max     D
tapfiller!DCAP!518        DCAP            saed90nm_max     D
tapfiller!DCAP!519        DCAP            saed90nm_max     D
tapfiller!DCAP!52         DCAP            saed90nm_max     D
tapfiller!DCAP!520        DCAP            saed90nm_max     D
tapfiller!DCAP!521        DCAP            saed90nm_max     D
tapfiller!DCAP!522        DCAP            saed90nm_max     D
tapfiller!DCAP!523        DCAP            saed90nm_max     D
tapfiller!DCAP!524        DCAP            saed90nm_max     D
tapfiller!DCAP!525        DCAP            saed90nm_max     D
tapfiller!DCAP!526        DCAP            saed90nm_max     D
tapfiller!DCAP!527        DCAP            saed90nm_max     D
tapfiller!DCAP!528        DCAP            saed90nm_max     D
tapfiller!DCAP!529        DCAP            saed90nm_max     D
tapfiller!DCAP!53         DCAP            saed90nm_max     D
tapfiller!DCAP!530        DCAP            saed90nm_max     D
tapfiller!DCAP!531        DCAP            saed90nm_max     D
tapfiller!DCAP!532        DCAP            saed90nm_max     D
tapfiller!DCAP!533        DCAP            saed90nm_max     D
tapfiller!DCAP!534        DCAP            saed90nm_max     D
tapfiller!DCAP!535        DCAP            saed90nm_max     D
tapfiller!DCAP!536        DCAP            saed90nm_max     D
tapfiller!DCAP!537        DCAP            saed90nm_max     D
tapfiller!DCAP!538        DCAP            saed90nm_max     D
tapfiller!DCAP!539        DCAP            saed90nm_max     D
tapfiller!DCAP!54         DCAP            saed90nm_max     D
tapfiller!DCAP!540        DCAP            saed90nm_max     D
tapfiller!DCAP!541        DCAP            saed90nm_max     D
tapfiller!DCAP!542        DCAP            saed90nm_max     D
tapfiller!DCAP!543        DCAP            saed90nm_max     D
tapfiller!DCAP!544        DCAP            saed90nm_max     D
tapfiller!DCAP!545        DCAP            saed90nm_max     D
tapfiller!DCAP!546        DCAP            saed90nm_max     D
tapfiller!DCAP!547        DCAP            saed90nm_max     D
tapfiller!DCAP!548        DCAP            saed90nm_max     D
tapfiller!DCAP!549        DCAP            saed90nm_max     D
tapfiller!DCAP!55         DCAP            saed90nm_max     D
tapfiller!DCAP!550        DCAP            saed90nm_max     D
tapfiller!DCAP!551        DCAP            saed90nm_max     D
tapfiller!DCAP!552        DCAP            saed90nm_max     D
tapfiller!DCAP!553        DCAP            saed90nm_max     D
tapfiller!DCAP!554        DCAP            saed90nm_max     D
tapfiller!DCAP!555        DCAP            saed90nm_max     D
tapfiller!DCAP!556        DCAP            saed90nm_max     D
tapfiller!DCAP!557        DCAP            saed90nm_max     D
tapfiller!DCAP!558        DCAP            saed90nm_max     D
tapfiller!DCAP!559        DCAP            saed90nm_max     D
tapfiller!DCAP!56         DCAP            saed90nm_max     D
tapfiller!DCAP!560        DCAP            saed90nm_max     D
tapfiller!DCAP!561        DCAP            saed90nm_max     D
tapfiller!DCAP!562        DCAP            saed90nm_max     D
tapfiller!DCAP!563        DCAP            saed90nm_max     D
tapfiller!DCAP!564        DCAP            saed90nm_max     D
tapfiller!DCAP!565        DCAP            saed90nm_max     D
tapfiller!DCAP!566        DCAP            saed90nm_max     D
tapfiller!DCAP!567        DCAP            saed90nm_max     D
tapfiller!DCAP!568        DCAP            saed90nm_max     D
tapfiller!DCAP!569        DCAP            saed90nm_max     D
tapfiller!DCAP!57         DCAP            saed90nm_max     D
tapfiller!DCAP!570        DCAP            saed90nm_max     D
tapfiller!DCAP!571        DCAP            saed90nm_max     D
tapfiller!DCAP!572        DCAP            saed90nm_max     D
tapfiller!DCAP!573        DCAP            saed90nm_max     D
tapfiller!DCAP!574        DCAP            saed90nm_max     D
tapfiller!DCAP!575        DCAP            saed90nm_max     D
tapfiller!DCAP!576        DCAP            saed90nm_max     D
tapfiller!DCAP!577        DCAP            saed90nm_max     D
tapfiller!DCAP!578        DCAP            saed90nm_max     D
tapfiller!DCAP!579        DCAP            saed90nm_max     D
tapfiller!DCAP!58         DCAP            saed90nm_max     D
tapfiller!DCAP!580        DCAP            saed90nm_max     D
tapfiller!DCAP!581        DCAP            saed90nm_max     D
tapfiller!DCAP!582        DCAP            saed90nm_max     D
tapfiller!DCAP!583        DCAP            saed90nm_max     D
tapfiller!DCAP!584        DCAP            saed90nm_max     D
tapfiller!DCAP!585        DCAP            saed90nm_max     D
tapfiller!DCAP!586        DCAP            saed90nm_max     D
tapfiller!DCAP!587        DCAP            saed90nm_max     D
tapfiller!DCAP!588        DCAP            saed90nm_max     D
tapfiller!DCAP!589        DCAP            saed90nm_max     D
tapfiller!DCAP!59         DCAP            saed90nm_max     D
tapfiller!DCAP!590        DCAP            saed90nm_max     D
tapfiller!DCAP!591        DCAP            saed90nm_max     D
tapfiller!DCAP!592        DCAP            saed90nm_max     D
tapfiller!DCAP!593        DCAP            saed90nm_max     D
tapfiller!DCAP!594        DCAP            saed90nm_max     D
tapfiller!DCAP!595        DCAP            saed90nm_max     D
tapfiller!DCAP!596        DCAP            saed90nm_max     D
tapfiller!DCAP!597        DCAP            saed90nm_max     D
tapfiller!DCAP!598        DCAP            saed90nm_max     D
tapfiller!DCAP!599        DCAP            saed90nm_max     D
tapfiller!DCAP!6          DCAP            saed90nm_max     D
tapfiller!DCAP!60         DCAP            saed90nm_max     D
tapfiller!DCAP!600        DCAP            saed90nm_max     D
tapfiller!DCAP!601        DCAP            saed90nm_max     D
tapfiller!DCAP!602        DCAP            saed90nm_max     D
tapfiller!DCAP!603        DCAP            saed90nm_max     D
tapfiller!DCAP!604        DCAP            saed90nm_max     D
tapfiller!DCAP!605        DCAP            saed90nm_max     D
tapfiller!DCAP!606        DCAP            saed90nm_max     D
tapfiller!DCAP!607        DCAP            saed90nm_max     D
tapfiller!DCAP!608        DCAP            saed90nm_max     D
tapfiller!DCAP!609        DCAP            saed90nm_max     D
tapfiller!DCAP!61         DCAP            saed90nm_max     D
tapfiller!DCAP!610        DCAP            saed90nm_max     D
tapfiller!DCAP!611        DCAP            saed90nm_max     D
tapfiller!DCAP!612        DCAP            saed90nm_max     D
tapfiller!DCAP!613        DCAP            saed90nm_max     D
tapfiller!DCAP!614        DCAP            saed90nm_max     D
tapfiller!DCAP!615        DCAP            saed90nm_max     D
tapfiller!DCAP!616        DCAP            saed90nm_max     D
tapfiller!DCAP!617        DCAP            saed90nm_max     D
tapfiller!DCAP!618        DCAP            saed90nm_max     D
tapfiller!DCAP!619        DCAP            saed90nm_max     D
tapfiller!DCAP!62         DCAP            saed90nm_max     D
tapfiller!DCAP!620        DCAP            saed90nm_max     D
tapfiller!DCAP!621        DCAP            saed90nm_max     D
tapfiller!DCAP!622        DCAP            saed90nm_max     D
tapfiller!DCAP!623        DCAP            saed90nm_max     D
tapfiller!DCAP!624        DCAP            saed90nm_max     D
tapfiller!DCAP!625        DCAP            saed90nm_max     D
tapfiller!DCAP!626        DCAP            saed90nm_max     D
tapfiller!DCAP!627        DCAP            saed90nm_max     D
tapfiller!DCAP!628        DCAP            saed90nm_max     D
tapfiller!DCAP!629        DCAP            saed90nm_max     D
tapfiller!DCAP!63         DCAP            saed90nm_max     D
tapfiller!DCAP!630        DCAP            saed90nm_max     D
tapfiller!DCAP!631        DCAP            saed90nm_max     D
tapfiller!DCAP!632        DCAP            saed90nm_max     D
tapfiller!DCAP!633        DCAP            saed90nm_max     D
tapfiller!DCAP!634        DCAP            saed90nm_max     D
tapfiller!DCAP!635        DCAP            saed90nm_max     D
tapfiller!DCAP!636        DCAP            saed90nm_max     D
tapfiller!DCAP!637        DCAP            saed90nm_max     D
tapfiller!DCAP!638        DCAP            saed90nm_max     D
tapfiller!DCAP!639        DCAP            saed90nm_max     D
tapfiller!DCAP!64         DCAP            saed90nm_max     D
tapfiller!DCAP!640        DCAP            saed90nm_max     D
tapfiller!DCAP!641        DCAP            saed90nm_max     D
tapfiller!DCAP!642        DCAP            saed90nm_max     D
tapfiller!DCAP!643        DCAP            saed90nm_max     D
tapfiller!DCAP!644        DCAP            saed90nm_max     D
tapfiller!DCAP!645        DCAP            saed90nm_max     D
tapfiller!DCAP!646        DCAP            saed90nm_max     D
tapfiller!DCAP!647        DCAP            saed90nm_max     D
tapfiller!DCAP!648        DCAP            saed90nm_max     D
tapfiller!DCAP!649        DCAP            saed90nm_max     D
tapfiller!DCAP!65         DCAP            saed90nm_max     D
tapfiller!DCAP!650        DCAP            saed90nm_max     D
tapfiller!DCAP!651        DCAP            saed90nm_max     D
tapfiller!DCAP!652        DCAP            saed90nm_max     D
tapfiller!DCAP!653        DCAP            saed90nm_max     D
tapfiller!DCAP!654        DCAP            saed90nm_max     D
tapfiller!DCAP!655        DCAP            saed90nm_max     D
tapfiller!DCAP!656        DCAP            saed90nm_max     D
tapfiller!DCAP!657        DCAP            saed90nm_max     D
tapfiller!DCAP!658        DCAP            saed90nm_max     D
tapfiller!DCAP!659        DCAP            saed90nm_max     D
tapfiller!DCAP!66         DCAP            saed90nm_max     D
tapfiller!DCAP!660        DCAP            saed90nm_max     D
tapfiller!DCAP!661        DCAP            saed90nm_max     D
tapfiller!DCAP!662        DCAP            saed90nm_max     D
tapfiller!DCAP!663        DCAP            saed90nm_max     D
tapfiller!DCAP!664        DCAP            saed90nm_max     D
tapfiller!DCAP!665        DCAP            saed90nm_max     D
tapfiller!DCAP!666        DCAP            saed90nm_max     D
tapfiller!DCAP!667        DCAP            saed90nm_max     D
tapfiller!DCAP!668        DCAP            saed90nm_max     D
tapfiller!DCAP!669        DCAP            saed90nm_max     D
tapfiller!DCAP!67         DCAP            saed90nm_max     D
tapfiller!DCAP!670        DCAP            saed90nm_max     D
tapfiller!DCAP!671        DCAP            saed90nm_max     D
tapfiller!DCAP!672        DCAP            saed90nm_max     D
tapfiller!DCAP!673        DCAP            saed90nm_max     D
tapfiller!DCAP!674        DCAP            saed90nm_max     D
tapfiller!DCAP!675        DCAP            saed90nm_max     D
tapfiller!DCAP!676        DCAP            saed90nm_max     D
tapfiller!DCAP!677        DCAP            saed90nm_max     D
tapfiller!DCAP!678        DCAP            saed90nm_max     D
tapfiller!DCAP!679        DCAP            saed90nm_max     D
tapfiller!DCAP!68         DCAP            saed90nm_max     D
tapfiller!DCAP!680        DCAP            saed90nm_max     D
tapfiller!DCAP!681        DCAP            saed90nm_max     D
tapfiller!DCAP!682        DCAP            saed90nm_max     D
tapfiller!DCAP!683        DCAP            saed90nm_max     D
tapfiller!DCAP!684        DCAP            saed90nm_max     D
tapfiller!DCAP!685        DCAP            saed90nm_max     D
tapfiller!DCAP!686        DCAP            saed90nm_max     D
tapfiller!DCAP!687        DCAP            saed90nm_max     D
tapfiller!DCAP!688        DCAP            saed90nm_max     D
tapfiller!DCAP!689        DCAP            saed90nm_max     D
tapfiller!DCAP!69         DCAP            saed90nm_max     D
tapfiller!DCAP!690        DCAP            saed90nm_max     D
tapfiller!DCAP!691        DCAP            saed90nm_max     D
tapfiller!DCAP!692        DCAP            saed90nm_max     D
tapfiller!DCAP!693        DCAP            saed90nm_max     D
tapfiller!DCAP!694        DCAP            saed90nm_max     D
tapfiller!DCAP!695        DCAP            saed90nm_max     D
tapfiller!DCAP!696        DCAP            saed90nm_max     D
tapfiller!DCAP!697        DCAP            saed90nm_max     D
tapfiller!DCAP!698        DCAP            saed90nm_max     D
tapfiller!DCAP!699        DCAP            saed90nm_max     D
tapfiller!DCAP!7          DCAP            saed90nm_max     D
tapfiller!DCAP!70         DCAP            saed90nm_max     D
tapfiller!DCAP!700        DCAP            saed90nm_max     D
tapfiller!DCAP!701        DCAP            saed90nm_max     D
tapfiller!DCAP!702        DCAP            saed90nm_max     D
tapfiller!DCAP!703        DCAP            saed90nm_max     D
tapfiller!DCAP!704        DCAP            saed90nm_max     D
tapfiller!DCAP!705        DCAP            saed90nm_max     D
tapfiller!DCAP!706        DCAP            saed90nm_max     D
tapfiller!DCAP!707        DCAP            saed90nm_max     D
tapfiller!DCAP!708        DCAP            saed90nm_max     D
tapfiller!DCAP!709        DCAP            saed90nm_max     D
tapfiller!DCAP!71         DCAP            saed90nm_max     D
tapfiller!DCAP!710        DCAP            saed90nm_max     D
tapfiller!DCAP!711        DCAP            saed90nm_max     D
tapfiller!DCAP!712        DCAP            saed90nm_max     D
tapfiller!DCAP!713        DCAP            saed90nm_max     D
tapfiller!DCAP!714        DCAP            saed90nm_max     D
tapfiller!DCAP!715        DCAP            saed90nm_max     D
tapfiller!DCAP!716        DCAP            saed90nm_max     D
tapfiller!DCAP!717        DCAP            saed90nm_max     D
tapfiller!DCAP!718        DCAP            saed90nm_max     D
tapfiller!DCAP!719        DCAP            saed90nm_max     D
tapfiller!DCAP!72         DCAP            saed90nm_max     D
tapfiller!DCAP!720        DCAP            saed90nm_max     D
tapfiller!DCAP!721        DCAP            saed90nm_max     D
tapfiller!DCAP!722        DCAP            saed90nm_max     D
tapfiller!DCAP!723        DCAP            saed90nm_max     D
tapfiller!DCAP!724        DCAP            saed90nm_max     D
tapfiller!DCAP!725        DCAP            saed90nm_max     D
tapfiller!DCAP!726        DCAP            saed90nm_max     D
tapfiller!DCAP!727        DCAP            saed90nm_max     D
tapfiller!DCAP!728        DCAP            saed90nm_max     D
tapfiller!DCAP!729        DCAP            saed90nm_max     D
tapfiller!DCAP!73         DCAP            saed90nm_max     D
tapfiller!DCAP!730        DCAP            saed90nm_max     D
tapfiller!DCAP!731        DCAP            saed90nm_max     D
tapfiller!DCAP!732        DCAP            saed90nm_max     D
tapfiller!DCAP!733        DCAP            saed90nm_max     D
tapfiller!DCAP!734        DCAP            saed90nm_max     D
tapfiller!DCAP!735        DCAP            saed90nm_max     D
tapfiller!DCAP!736        DCAP            saed90nm_max     D
tapfiller!DCAP!737        DCAP            saed90nm_max     D
tapfiller!DCAP!738        DCAP            saed90nm_max     D
tapfiller!DCAP!739        DCAP            saed90nm_max     D
tapfiller!DCAP!74         DCAP            saed90nm_max     D
tapfiller!DCAP!740        DCAP            saed90nm_max     D
tapfiller!DCAP!741        DCAP            saed90nm_max     D
tapfiller!DCAP!742        DCAP            saed90nm_max     D
tapfiller!DCAP!743        DCAP            saed90nm_max     D
tapfiller!DCAP!744        DCAP            saed90nm_max     D
tapfiller!DCAP!745        DCAP            saed90nm_max     D
tapfiller!DCAP!746        DCAP            saed90nm_max     D
tapfiller!DCAP!747        DCAP            saed90nm_max     D
tapfiller!DCAP!748        DCAP            saed90nm_max     D
tapfiller!DCAP!749        DCAP            saed90nm_max     D
tapfiller!DCAP!75         DCAP            saed90nm_max     D
tapfiller!DCAP!750        DCAP            saed90nm_max     D
tapfiller!DCAP!751        DCAP            saed90nm_max     D
tapfiller!DCAP!752        DCAP            saed90nm_max     D
tapfiller!DCAP!753        DCAP            saed90nm_max     D
tapfiller!DCAP!754        DCAP            saed90nm_max     D
tapfiller!DCAP!755        DCAP            saed90nm_max     D
tapfiller!DCAP!756        DCAP            saed90nm_max     D
tapfiller!DCAP!757        DCAP            saed90nm_max     D
tapfiller!DCAP!758        DCAP            saed90nm_max     D
tapfiller!DCAP!759        DCAP            saed90nm_max     D
tapfiller!DCAP!76         DCAP            saed90nm_max     D
tapfiller!DCAP!760        DCAP            saed90nm_max     D
tapfiller!DCAP!761        DCAP            saed90nm_max     D
tapfiller!DCAP!762        DCAP            saed90nm_max     D
tapfiller!DCAP!763        DCAP            saed90nm_max     D
tapfiller!DCAP!764        DCAP            saed90nm_max     D
tapfiller!DCAP!765        DCAP            saed90nm_max     D
tapfiller!DCAP!766        DCAP            saed90nm_max     D
tapfiller!DCAP!767        DCAP            saed90nm_max     D
tapfiller!DCAP!768        DCAP            saed90nm_max     D
tapfiller!DCAP!769        DCAP            saed90nm_max     D
tapfiller!DCAP!77         DCAP            saed90nm_max     D
tapfiller!DCAP!770        DCAP            saed90nm_max     D
tapfiller!DCAP!771        DCAP            saed90nm_max     D
tapfiller!DCAP!772        DCAP            saed90nm_max     D
tapfiller!DCAP!773        DCAP            saed90nm_max     D
tapfiller!DCAP!774        DCAP            saed90nm_max     D
tapfiller!DCAP!775        DCAP            saed90nm_max     D
tapfiller!DCAP!776        DCAP            saed90nm_max     D
tapfiller!DCAP!777        DCAP            saed90nm_max     D
tapfiller!DCAP!778        DCAP            saed90nm_max     D
tapfiller!DCAP!779        DCAP            saed90nm_max     D
tapfiller!DCAP!78         DCAP            saed90nm_max     D
tapfiller!DCAP!780        DCAP            saed90nm_max     D
tapfiller!DCAP!781        DCAP            saed90nm_max     D
tapfiller!DCAP!782        DCAP            saed90nm_max     D
tapfiller!DCAP!783        DCAP            saed90nm_max     D
tapfiller!DCAP!784        DCAP            saed90nm_max     D
tapfiller!DCAP!785        DCAP            saed90nm_max     D
tapfiller!DCAP!786        DCAP            saed90nm_max     D
tapfiller!DCAP!787        DCAP            saed90nm_max     D
tapfiller!DCAP!788        DCAP            saed90nm_max     D
tapfiller!DCAP!789        DCAP            saed90nm_max     D
tapfiller!DCAP!79         DCAP            saed90nm_max     D
tapfiller!DCAP!790        DCAP            saed90nm_max     D
tapfiller!DCAP!791        DCAP            saed90nm_max     D
tapfiller!DCAP!792        DCAP            saed90nm_max     D
tapfiller!DCAP!793        DCAP            saed90nm_max     D
tapfiller!DCAP!794        DCAP            saed90nm_max     D
tapfiller!DCAP!795        DCAP            saed90nm_max     D
tapfiller!DCAP!796        DCAP            saed90nm_max     D
tapfiller!DCAP!797        DCAP            saed90nm_max     D
tapfiller!DCAP!798        DCAP            saed90nm_max     D
tapfiller!DCAP!799        DCAP            saed90nm_max     D
tapfiller!DCAP!8          DCAP            saed90nm_max     D
tapfiller!DCAP!80         DCAP            saed90nm_max     D
tapfiller!DCAP!800        DCAP            saed90nm_max     D
tapfiller!DCAP!801        DCAP            saed90nm_max     D
tapfiller!DCAP!802        DCAP            saed90nm_max     D
tapfiller!DCAP!803        DCAP            saed90nm_max     D
tapfiller!DCAP!804        DCAP            saed90nm_max     D
tapfiller!DCAP!805        DCAP            saed90nm_max     D
tapfiller!DCAP!806        DCAP            saed90nm_max     D
tapfiller!DCAP!807        DCAP            saed90nm_max     D
tapfiller!DCAP!808        DCAP            saed90nm_max     D
tapfiller!DCAP!809        DCAP            saed90nm_max     D
tapfiller!DCAP!81         DCAP            saed90nm_max     D
tapfiller!DCAP!810        DCAP            saed90nm_max     D
tapfiller!DCAP!811        DCAP            saed90nm_max     D
tapfiller!DCAP!812        DCAP            saed90nm_max     D
tapfiller!DCAP!813        DCAP            saed90nm_max     D
tapfiller!DCAP!814        DCAP            saed90nm_max     D
tapfiller!DCAP!815        DCAP            saed90nm_max     D
tapfiller!DCAP!816        DCAP            saed90nm_max     D
tapfiller!DCAP!817        DCAP            saed90nm_max     D
tapfiller!DCAP!818        DCAP            saed90nm_max     D
tapfiller!DCAP!819        DCAP            saed90nm_max     D
tapfiller!DCAP!82         DCAP            saed90nm_max     D
tapfiller!DCAP!820        DCAP            saed90nm_max     D
tapfiller!DCAP!821        DCAP            saed90nm_max     D
tapfiller!DCAP!822        DCAP            saed90nm_max     D
tapfiller!DCAP!823        DCAP            saed90nm_max     D
tapfiller!DCAP!824        DCAP            saed90nm_max     D
tapfiller!DCAP!825        DCAP            saed90nm_max     D
tapfiller!DCAP!826        DCAP            saed90nm_max     D
tapfiller!DCAP!827        DCAP            saed90nm_max     D
tapfiller!DCAP!828        DCAP            saed90nm_max     D
tapfiller!DCAP!829        DCAP            saed90nm_max     D
tapfiller!DCAP!83         DCAP            saed90nm_max     D
tapfiller!DCAP!830        DCAP            saed90nm_max     D
tapfiller!DCAP!831        DCAP            saed90nm_max     D
tapfiller!DCAP!832        DCAP            saed90nm_max     D
tapfiller!DCAP!833        DCAP            saed90nm_max     D
tapfiller!DCAP!834        DCAP            saed90nm_max     D
tapfiller!DCAP!835        DCAP            saed90nm_max     D
tapfiller!DCAP!836        DCAP            saed90nm_max     D
tapfiller!DCAP!837        DCAP            saed90nm_max     D
tapfiller!DCAP!838        DCAP            saed90nm_max     D
tapfiller!DCAP!839        DCAP            saed90nm_max     D
tapfiller!DCAP!84         DCAP            saed90nm_max     D
tapfiller!DCAP!840        DCAP            saed90nm_max     D
tapfiller!DCAP!841        DCAP            saed90nm_max     D
tapfiller!DCAP!842        DCAP            saed90nm_max     D
tapfiller!DCAP!843        DCAP            saed90nm_max     D
tapfiller!DCAP!844        DCAP            saed90nm_max     D
tapfiller!DCAP!845        DCAP            saed90nm_max     D
tapfiller!DCAP!846        DCAP            saed90nm_max     D
tapfiller!DCAP!847        DCAP            saed90nm_max     D
tapfiller!DCAP!848        DCAP            saed90nm_max     D
tapfiller!DCAP!849        DCAP            saed90nm_max     D
tapfiller!DCAP!85         DCAP            saed90nm_max     D
tapfiller!DCAP!850        DCAP            saed90nm_max     D
tapfiller!DCAP!851        DCAP            saed90nm_max     D
tapfiller!DCAP!852        DCAP            saed90nm_max     D
tapfiller!DCAP!853        DCAP            saed90nm_max     D
tapfiller!DCAP!854        DCAP            saed90nm_max     D
tapfiller!DCAP!855        DCAP            saed90nm_max     D
tapfiller!DCAP!856        DCAP            saed90nm_max     D
tapfiller!DCAP!857        DCAP            saed90nm_max     D
tapfiller!DCAP!858        DCAP            saed90nm_max     D
tapfiller!DCAP!859        DCAP            saed90nm_max     D
tapfiller!DCAP!86         DCAP            saed90nm_max     D
tapfiller!DCAP!860        DCAP            saed90nm_max     D
tapfiller!DCAP!861        DCAP            saed90nm_max     D
tapfiller!DCAP!862        DCAP            saed90nm_max     D
tapfiller!DCAP!863        DCAP            saed90nm_max     D
tapfiller!DCAP!864        DCAP            saed90nm_max     D
tapfiller!DCAP!865        DCAP            saed90nm_max     D
tapfiller!DCAP!866        DCAP            saed90nm_max     D
tapfiller!DCAP!867        DCAP            saed90nm_max     D
tapfiller!DCAP!868        DCAP            saed90nm_max     D
tapfiller!DCAP!869        DCAP            saed90nm_max     D
tapfiller!DCAP!87         DCAP            saed90nm_max     D
tapfiller!DCAP!870        DCAP            saed90nm_max     D
tapfiller!DCAP!871        DCAP            saed90nm_max     D
tapfiller!DCAP!872        DCAP            saed90nm_max     D
tapfiller!DCAP!873        DCAP            saed90nm_max     D
tapfiller!DCAP!874        DCAP            saed90nm_max     D
tapfiller!DCAP!875        DCAP            saed90nm_max     D
tapfiller!DCAP!876        DCAP            saed90nm_max     D
tapfiller!DCAP!877        DCAP            saed90nm_max     D
tapfiller!DCAP!878        DCAP            saed90nm_max     D
tapfiller!DCAP!879        DCAP            saed90nm_max     D
tapfiller!DCAP!88         DCAP            saed90nm_max     D
tapfiller!DCAP!880        DCAP            saed90nm_max     D
tapfiller!DCAP!881        DCAP            saed90nm_max     D
tapfiller!DCAP!882        DCAP            saed90nm_max     D
tapfiller!DCAP!883        DCAP            saed90nm_max     D
tapfiller!DCAP!884        DCAP            saed90nm_max     D
tapfiller!DCAP!885        DCAP            saed90nm_max     D
tapfiller!DCAP!886        DCAP            saed90nm_max     D
tapfiller!DCAP!887        DCAP            saed90nm_max     D
tapfiller!DCAP!888        DCAP            saed90nm_max     D
tapfiller!DCAP!889        DCAP            saed90nm_max     D
tapfiller!DCAP!89         DCAP            saed90nm_max     D
tapfiller!DCAP!890        DCAP            saed90nm_max     D
tapfiller!DCAP!891        DCAP            saed90nm_max     D
tapfiller!DCAP!892        DCAP            saed90nm_max     D
tapfiller!DCAP!893        DCAP            saed90nm_max     D
tapfiller!DCAP!894        DCAP            saed90nm_max     D
tapfiller!DCAP!895        DCAP            saed90nm_max     D
tapfiller!DCAP!896        DCAP            saed90nm_max     D
tapfiller!DCAP!897        DCAP            saed90nm_max     D
tapfiller!DCAP!898        DCAP            saed90nm_max     D
tapfiller!DCAP!899        DCAP            saed90nm_max     D
tapfiller!DCAP!9          DCAP            saed90nm_max     D
tapfiller!DCAP!90         DCAP            saed90nm_max     D
tapfiller!DCAP!900        DCAP            saed90nm_max     D
tapfiller!DCAP!901        DCAP            saed90nm_max     D
tapfiller!DCAP!902        DCAP            saed90nm_max     D
tapfiller!DCAP!903        DCAP            saed90nm_max     D
tapfiller!DCAP!904        DCAP            saed90nm_max     D
tapfiller!DCAP!905        DCAP            saed90nm_max     D
tapfiller!DCAP!906        DCAP            saed90nm_max     D
tapfiller!DCAP!907        DCAP            saed90nm_max     D
tapfiller!DCAP!908        DCAP            saed90nm_max     D
tapfiller!DCAP!909        DCAP            saed90nm_max     D
tapfiller!DCAP!91         DCAP            saed90nm_max     D
tapfiller!DCAP!910        DCAP            saed90nm_max     D
tapfiller!DCAP!911        DCAP            saed90nm_max     D
tapfiller!DCAP!912        DCAP            saed90nm_max     D
tapfiller!DCAP!913        DCAP            saed90nm_max     D
tapfiller!DCAP!914        DCAP            saed90nm_max     D
tapfiller!DCAP!915        DCAP            saed90nm_max     D
tapfiller!DCAP!916        DCAP            saed90nm_max     D
tapfiller!DCAP!917        DCAP            saed90nm_max     D
tapfiller!DCAP!918        DCAP            saed90nm_max     D
tapfiller!DCAP!919        DCAP            saed90nm_max     D
tapfiller!DCAP!92         DCAP            saed90nm_max     D
tapfiller!DCAP!920        DCAP            saed90nm_max     D
tapfiller!DCAP!921        DCAP            saed90nm_max     D
tapfiller!DCAP!922        DCAP            saed90nm_max     D
tapfiller!DCAP!923        DCAP            saed90nm_max     D
tapfiller!DCAP!924        DCAP            saed90nm_max     D
tapfiller!DCAP!925        DCAP            saed90nm_max     D
tapfiller!DCAP!926        DCAP            saed90nm_max     D
tapfiller!DCAP!927        DCAP            saed90nm_max     D
tapfiller!DCAP!928        DCAP            saed90nm_max     D
tapfiller!DCAP!929        DCAP            saed90nm_max     D
tapfiller!DCAP!93         DCAP            saed90nm_max     D
tapfiller!DCAP!930        DCAP            saed90nm_max     D
tapfiller!DCAP!931        DCAP            saed90nm_max     D
tapfiller!DCAP!932        DCAP            saed90nm_max     D
tapfiller!DCAP!933        DCAP            saed90nm_max     D
tapfiller!DCAP!934        DCAP            saed90nm_max     D
tapfiller!DCAP!935        DCAP            saed90nm_max     D
tapfiller!DCAP!936        DCAP            saed90nm_max     D
tapfiller!DCAP!937        DCAP            saed90nm_max     D
tapfiller!DCAP!938        DCAP            saed90nm_max     D
tapfiller!DCAP!939        DCAP            saed90nm_max     D
tapfiller!DCAP!94         DCAP            saed90nm_max     D
tapfiller!DCAP!940        DCAP            saed90nm_max     D
tapfiller!DCAP!941        DCAP            saed90nm_max     D
tapfiller!DCAP!942        DCAP            saed90nm_max     D
tapfiller!DCAP!943        DCAP            saed90nm_max     D
tapfiller!DCAP!944        DCAP            saed90nm_max     D
tapfiller!DCAP!945        DCAP            saed90nm_max     D
tapfiller!DCAP!946        DCAP            saed90nm_max     D
tapfiller!DCAP!947        DCAP            saed90nm_max     D
tapfiller!DCAP!948        DCAP            saed90nm_max     D
tapfiller!DCAP!949        DCAP            saed90nm_max     D
tapfiller!DCAP!95         DCAP            saed90nm_max     D
tapfiller!DCAP!950        DCAP            saed90nm_max     D
tapfiller!DCAP!951        DCAP            saed90nm_max     D
tapfiller!DCAP!952        DCAP            saed90nm_max     D
tapfiller!DCAP!953        DCAP            saed90nm_max     D
tapfiller!DCAP!954        DCAP            saed90nm_max     D
tapfiller!DCAP!955        DCAP            saed90nm_max     D
tapfiller!DCAP!956        DCAP            saed90nm_max     D
tapfiller!DCAP!957        DCAP            saed90nm_max     D
tapfiller!DCAP!958        DCAP            saed90nm_max     D
tapfiller!DCAP!959        DCAP            saed90nm_max     D
tapfiller!DCAP!96         DCAP            saed90nm_max     D
tapfiller!DCAP!960        DCAP            saed90nm_max     D
tapfiller!DCAP!961        DCAP            saed90nm_max     D
tapfiller!DCAP!962        DCAP            saed90nm_max     D
tapfiller!DCAP!963        DCAP            saed90nm_max     D
tapfiller!DCAP!964        DCAP            saed90nm_max     D
tapfiller!DCAP!965        DCAP            saed90nm_max     D
tapfiller!DCAP!966        DCAP            saed90nm_max     D
tapfiller!DCAP!967        DCAP            saed90nm_max     D
tapfiller!DCAP!968        DCAP            saed90nm_max     D
tapfiller!DCAP!969        DCAP            saed90nm_max     D
tapfiller!DCAP!97         DCAP            saed90nm_max     D
tapfiller!DCAP!970        DCAP            saed90nm_max     D
tapfiller!DCAP!971        DCAP            saed90nm_max     D
tapfiller!DCAP!972        DCAP            saed90nm_max     D
tapfiller!DCAP!973        DCAP            saed90nm_max     D
tapfiller!DCAP!974        DCAP            saed90nm_max     D
tapfiller!DCAP!975        DCAP            saed90nm_max     D
tapfiller!DCAP!976        DCAP            saed90nm_max     D
tapfiller!DCAP!977        DCAP            saed90nm_max     D
tapfiller!DCAP!978        DCAP            saed90nm_max     D
tapfiller!DCAP!979        DCAP            saed90nm_max     D
tapfiller!DCAP!98         DCAP            saed90nm_max     D
tapfiller!DCAP!980        DCAP            saed90nm_max     D
tapfiller!DCAP!981        DCAP            saed90nm_max     D
tapfiller!DCAP!982        DCAP            saed90nm_max     D
tapfiller!DCAP!983        DCAP            saed90nm_max     D
tapfiller!DCAP!984        DCAP            saed90nm_max     D
tapfiller!DCAP!985        DCAP            saed90nm_max     D
tapfiller!DCAP!986        DCAP            saed90nm_max     D
tapfiller!DCAP!987        DCAP            saed90nm_max     D
tapfiller!DCAP!988        DCAP            saed90nm_max     D
tapfiller!DCAP!989        DCAP            saed90nm_max     D
tapfiller!DCAP!99         DCAP            saed90nm_max     D
tapfiller!DCAP!990        DCAP            saed90nm_max     D
tapfiller!DCAP!991        DCAP            saed90nm_max     D
tapfiller!DCAP!992        DCAP            saed90nm_max     D
tapfiller!DCAP!993        DCAP            saed90nm_max     D
tapfiller!DCAP!994        DCAP            saed90nm_max     D
tapfiller!DCAP!995        DCAP            saed90nm_max     D
tapfiller!DCAP!996        DCAP            saed90nm_max     D
tapfiller!DCAP!997        DCAP            saed90nm_max     D
tapfiller!DCAP!998        DCAP            saed90nm_max     D
tapfiller!DCAP!999        DCAP            saed90nm_max     D
u_input_window            input_window_ctrl                h
u_layer1                  layer1_compute                   h
u_layer2                  layer2_compute                   h
u_layer3                  layer3_compute                   h
--------------------------------------------------------------------------------
Total 2012 cells

1
